temperatura_transporte_c,tempo_transporte_h,veiculo_higienizado,carga_compartilhada_quimicos,embalagem_secundaria_protecao,lacres_veiculo_integridade,registro_condicoes_transporte,lote_identificado,probabilidade
33.4,19.0,1,1,1,0,1,1,1
26.3,63.2,0,1,0,1,0,1,2
22.0,31.9,1,1,0,1,1,0,0
23.6,25.0,0,0,0,0,1,0,0
22.8,52.7,0,1,1,0,0,0,1
28.0,47.4,0,0,1,1,1,1,1
28.4,48.6,1,0,0,1,1,0,1
24.0,44.6,1,0,1,1,1,1,1
27.6,29.8,1,0,1,1,1,0,1
28.1,22.8,0,0,1,1,1,1,1
15.6,71.2,1,1,0,0,0,1,2
16.0,60.2,0,0,1,0,1,0,1
24.4,63.8,0,1,1,0,0,0,1
12.4,38.5,0,1,1,0,1,1,1
28.6,8.7,1,0,1,0,0,1,0
18.3,62.4,0,0,1,0,1,1,1
14.1,50.7,0,1,0,1,0,0,1
31.1,7.1,1,0,1,0,0,0,1
17.5,14.4,1,1,0,1,1,0,0
21.0,20.8,1,1,1,0,1,0,0
39.4,22.5,0,0,1,0,1,0,2
31.2,63.6,1,0,1,0,0,1,2
30.9,33.7,0,1,1,1,0,1,1
31.1,62.5,1,0,0,1,1,0,2
10.2,16.9,0,0,1,1,1,0,0
23.4,65.2,0,0,0,1,1,1,1
15.1,5.7,1,0,1,1,1,1,0
34.6,66.4,0,1,1,1,0,1,3
20.8,1.7,1,1,0,1,1,0,0
13.4,3.5,0,0,1,0,0,0,0
33.3,41.5,1,0,0,0,1,1,2
25.1,58.7,0,0,1,0,0,1,1
24.9,2.8,1,1,1,1,1,1,0
22.9,29.0,0,0,0,0,1,1,0
35.3,42.6,0,0,1,0,0,0,2
10.0,2.9,1,1,1,1,0,1,0
37.7,19.5,0,0,1,0,1,1,2
36.5,70.0,0,0,1,1,1,0,3
30.5,3.8,1,0,0,1,1,1,1
20.3,38.7,1,0,0,0,1,0,1
29.9,63.3,1,0,1,1,1,0,2
31.9,23.4,0,0,1,0,1,0,1
12.3,41.3,1,0,0,1,1,0,1
17.4,5.0,1,1,1,1,0,0,0
31.5,61.4,1,0,0,0,1,0,2
24.1,41.5,1,1,0,0,1,0,1
26.5,16.5,1,0,0,0,0,0,0
38.8,23.8,1,1,1,1,0,0,2
28.0,21.4,1,1,0,1,1,1,1
14.1,60.4,0,1,1,0,1,0,1
27.3,45.4,0,0,1,0,1,0,1
16.3,38.7,1,1,1,1,0,0,1
22.7,41.5,0,0,1,1,1,1,1
28.5,35.6,1,1,0,0,0,0,1
12.6,41.2,0,1,0,1,1,0,1
34.2,15.4,0,0,1,0,0,1,1
21.1,65.5,0,0,1,1,0,0,1
18.2,51.5,1,1,0,1,0,0,1
35.3,51.2,1,1,1,1,0,0,2
33.3,68.4,0,1,0,1,1,1,3
32.8,37.6,1,1,1,0,1,1,2
34.0,25.8,1,1,0,1,1,0,2
21.9,27.5,1,1,1,0,1,1,0
35.2,71.4,0,1,0,0,0,1,3
15.0,3.3,0,1,0,0,0,1,0
37.2,65.8,0,1,0,1,1,0,3
17.4,55.8,1,1,0,1,0,1,1
37.0,53.3,1,0,0,0,1,0,3
29.7,58.4,0,0,0,1,0,0,2
36.8,62.6,0,0,0,1,0,1,3
31.0,69.2,0,1,1,0,1,1,2
20.8,42.1,1,0,0,1,1,1,1
12.4,60.6,1,0,1,0,0,1,1
31.9,23.1,0,0,1,1,0,0,1
18.5,38.9,0,1,1,0,0,1,1
17.4,15.4,0,1,1,1,1,0,0
31.3,36.0,1,1,0,1,1,0,2
14.2,3.7,1,0,0,0,0,0,0
16.2,34.9,1,0,0,0,0,1,1
10.3,22.0,0,0,1,1,1,1,0
27.5,33.6,1,1,0,1,0,1,1
36.9,55.6,1,1,0,0,1,0,3
23.5,29.1,1,1,1,1,0,1,0
22.3,39.5,0,0,0,0,1,0,1
38.9,1.3,0,0,0,0,0,1,2
16.2,34.4,0,0,1,0,0,0,1
37.9,65.1,0,0,1,1,0,1,3
25.3,62.5,1,1,1,0,0,1,1
22.8,42.1,1,0,0,1,0,0,1
16.0,15.0,0,1,0,0,1,1,0
11.0,28.7,1,0,1,0,1,1,0
11.3,45.3,1,1,1,1,1,1,1
17.2,8.6,0,1,1,1,0,0,0
19.8,64.3,0,1,1,1,1,1,1
18.8,12.3,0,1,0,1,0,0,0
18.6,17.0,1,0,0,1,0,1,0
34.1,63.9,0,1,1,1,0,0,3
37.6,71.1,1,1,0,0,1,1,3
20.1,15.7,1,0,0,0,0,1,0
36.8,18.6,0,0,0,0,1,1,2
12.3,64.3,0,1,0,1,1,1,1
12.5,8.7,0,0,1,1,1,1,0
20.7,10.4,1,1,0,0,0,0,0
29.5,21.7,0,1,0,1,0,0,1
30.6,34.2,1,0,0,0,0,0,1
28.9,23.2,1,0,1,1,0,1,1
12.5,66.7,0,1,1,0,0,1,2
34.3,4.3,1,1,0,0,0,1,1
13.1,42.4,1,0,1,0,1,1,1
29.1,10.3,1,1,1,0,0,0,1
17.8,30.4,1,1,0,1,0,0,0
14.5,8.5,1,1,0,1,0,0,0
36.7,32.6,0,1,0,0,1,0,2
15.0,17.4,1,0,0,0,0,1,0
24.0,25.4,0,1,1,1,1,1,0
10.2,21.9,1,1,1,0,0,0,0
30.8,52.2,1,0,1,0,1,0,2
26.2,29.0,1,0,0,0,0,0,1
27.3,46.4,0,0,1,0,1,1,1
10.9,49.9,1,0,0,1,0,1,1
30.5,62.1,0,1,1,0,0,0,2
28.2,27.5,0,1,1,0,0,1,1
36.9,38.5,0,1,1,1,0,0,2
15.2,48.4,0,1,1,1,1,1,1
28.8,68.1,0,1,1,0,1,0,2
23.6,19.7,1,0,0,1,0,1,0
14.9,22.0,1,0,1,0,0,1,0
32.3,39.3,0,1,0,0,0,0,2
29.6,33.0,0,1,0,0,1,0,1
39.6,17.1,0,1,0,0,1,0,2
37.3,28.1,1,1,1,0,0,1,2
12.5,26.8,1,0,1,1,1,1,0
29.4,48.0,1,1,1,1,0,1,2
29.0,48.4,0,0,0,0,1,1,2
16.1,61.2,0,1,1,1,0,0,1
22.9,69.9,1,1,1,1,0,1,2
22.1,30.1,0,0,0,0,1,0,0
32.3,60.6,1,1,1,0,1,0,2
39.7,4.5,0,1,1,0,1,1,2
34.4,53.2,1,0,0,0,1,1,2
14.8,18.2,0,1,1,1,0,0,0
29.3,37.3,1,1,0,0,1,1,1
34.9,66.9,0,1,0,0,1,1,3
16.6,42.0,1,1,0,0,1,1,1
29.8,31.7,1,0,0,1,0,0,1
32.4,8.3,1,0,1,1,1,1,1
15.4,9.6,1,0,0,1,0,0,0
34.5,69.7,1,1,1,1,1,1,3
18.1,59.2,0,0,0,1,0,0,1
22.7,29.2,0,1,0,0,0,1,0
35.6,2.8,0,0,1,1,0,1,1
32.4,62.9,0,0,0,0,0,0,2
37.6,4.7,1,0,1,0,0,1,2
25.2,55.1,1,0,1,0,0,1,1
33.1,71.3,1,1,1,0,0,0,3
23.5,31.7,1,0,0,1,1,1,0
12.4,37.5,0,1,1,0,0,0,1
39.0,39.8,1,0,1,1,1,0,3
29.4,5.9,1,0,0,1,1,0,1
28.2,54.1,0,1,0,0,0,0,2
15.0,31.0,1,1,1,0,0,1,0
33.1,27.0,0,1,0,0,0,0,2
29.1,10.0,0,0,0,0,1,0,1
38.0,41.1,0,0,0,1,0,0,2
22.8,42.4,0,1,0,1,0,1,1
38.9,60.4,1,1,1,0,0,0,3
31.1,33.8,1,1,1,1,1,1,1
13.6,66.5,1,1,1,0,1,1,2
27.0,49.4,0,0,0,1,0,0,1
31.3,30.5,0,1,1,1,1,0,1
11.8,22.3,0,0,0,0,1,1,0
17.7,24.8,1,0,1,0,0,0,0
10.4,46.9,1,1,0,1,0,0,1
13.1,7.5,0,0,0,1,0,1,0
21.5,17.3,1,1,1,1,1,1,0
27.3,43.2,1,1,0,0,0,0,1
28.3,33.2,0,1,1,0,1,1,1
21.1,26.9,1,0,0,0,1,1,0
20.6,59.8,0,0,1,0,1,1,1
38.6,47.4,1,1,1,0,1,0,3
13.8,12.4,0,1,1,1,0,1,0
28.2,13.8,1,0,1,1,0,0,0
29.4,21.7,0,1,0,0,0,1,1
22.0,36.1,0,0,0,1,1,1,1
33.5,62.2,1,0,1,0,1,0,2
32.4,15.7,0,0,0,1,1,0,1
10.2,41.3,0,1,1,0,1,0,1
35.8,12.6,0,0,0,1,0,1,2
25.4,4.2,1,0,0,0,0,1,0
27.8,19.2,1,1,1,1,0,1,1
38.3,17.5,0,0,0,0,0,0,2
38.8,7.0,1,1,1,0,0,0,2
26.1,69.1,1,1,1,0,0,1,2
21.6,57.7,0,0,1,1,1,0,1
16.4,64.3,1,1,1,0,0,1,1
26.3,51.7,0,1,0,1,0,0,1
29.6,38.4,0,1,1,0,0,0,1
12.1,22.6,0,0,0,1,1,0,0
17.7,67.8,1,1,1,0,1,1,2
10.5,17.0,0,0,0,0,1,1,0
22.1,29.2,0,1,0,0,1,1,0
27.2,29.9,0,1,1,1,0,1,1
32.5,36.0,1,0,1,0,0,1,2
23.9,66.2,1,1,1,0,0,1,2
23.0,29.6,1,1,1,1,1,0,0
11.5,55.7,0,0,0,0,1,0,1
35.8,56.6,0,1,0,0,0,0,3
36.9,64.9,1,0,1,1,0,1,3
38.0,50.3,0,0,1,1,0,0,3
39.7,39.1,0,1,0,1,0,0,3
28.6,48.2,0,0,1,1,0,1,2
36.2,2.0,0,0,0,1,1,0,2
18.2,28.3,1,0,0,1,1,0,0
10.1,16.9,0,0,1,1,1,1,0
33.2,44.4,0,0,0,0,0,0,2
27.0,10.5,0,1,1,0,1,1,0
38.3,30.0,1,0,0,1,0,1,2
24.3,57.4,1,0,1,0,1,1,1
22.8,47.4,0,1,0,0,0,1,1
20.8,50.1,1,0,0,1,0,1,1
19.3,38.4,0,0,0,0,0,0,1
38.2,25.8,1,0,0,0,0,1,2
12.6,47.5,0,0,1,1,1,1,1
23.8,22.0,0,0,0,0,1,1,0
18.5,18.1,1,1,1,1,1,1,0
35.9,30.4,0,0,0,1,1,0,2
38.2,39.0,1,1,0,0,0,0,2
16.6,37.7,1,1,0,0,0,1,1
20.2,68.2,1,1,1,0,0,1,2
28.3,16.5,1,0,1,0,0,0,1
37.4,15.8,0,1,0,1,1,0,2
22.4,16.5,0,1,0,0,1,1,0
20.9,10.5,1,0,0,1,0,1,0
20.3,55.7,0,1,0,0,1,0,1
21.9,30.4,0,1,1,0,0,1,0
14.4,44.3,0,1,0,0,1,1,1
16.2,25.0,0,1,0,0,1,1,0
24.8,65.2,0,0,0,1,0,0,1
21.8,38.5,1,1,1,0,1,0,1
11.4,59.9,0,1,1,1,0,0,1
36.1,67.8,0,0,1,1,0,1,3
10.4,11.8,0,1,1,0,0,1,0
24.4,24.6,1,0,1,0,0,1,0
36.1,12.3,0,0,0,1,1,0,2
25.9,29.9,1,0,0,1,1,1,1
29.1,36.0,0,0,0,0,1,1,1
21.1,22.0,0,1,1,0,0,0,0
20.0,8.9,1,1,1,1,1,1,0
40.0,20.8,0,1,0,0,1,1,2
38.2,66.7,0,1,0,0,0,1,3
22.4,32.7,0,0,0,1,1,1,1
28.6,3.7,0,0,0,1,0,0,0
17.2,10.4,0,1,1,1,0,1,0
32.3,23.9,0,1,0,1,0,0,1
11.1,37.7,1,1,0,0,0,1,1
27.1,2.7,1,1,1,1,1,0,0
35.0,66.4,0,0,1,1,1,0,3
12.9,34.6,1,1,0,1,1,1,1
38.1,16.3,1,1,0,0,1,1,2
24.2,27.7,0,0,1,1,1,0,0
23.3,8.2,0,1,0,0,0,0,0
23.1,26.4,0,1,0,0,0,1,0
11.8,32.7,1,1,0,1,1,1,1
27.0,34.7,0,1,0,1,1,0,1
27.1,65.2,0,1,0,0,0,1,2
13.7,61.0,1,1,0,1,0,1,1
17.4,55.0,0,1,0,1,0,1,1
22.3,59.4,0,0,1,0,0,0,1
26.3,18.5,0,0,1,0,1,0,0
18.8,62.2,1,1,1,1,0,1,1
18.5,64.7,0,0,0,1,0,0,1
14.7,37.2,1,1,0,1,0,1,1
30.5,26.4,0,0,0,1,1,1,1
15.0,14.3,0,1,0,1,1,0,0
15.9,68.4,0,0,1,0,0,0,2
35.9,39.4,1,1,1,1,1,0,2
24.2,53.0,0,0,0,1,0,0,1
13.1,34.0,1,0,1,0,1,0,1
35.0,32.7,0,1,1,0,1,0,2
32.0,40.3,1,0,1,0,0,1,2
26.7,34.4,0,0,1,0,0,0,1
31.0,28.4,1,0,1,0,1,1,1
18.8,65.8,1,0,0,0,1,0,1
28.4,55.0,1,0,1,1,1,0,2
33.4,27.1,0,1,1,1,0,0,2
32.3,67.0,1,1,0,0,1,0,2
37.3,4.7,1,1,1,1,1,0,2
17.2,23.8,0,0,0,0,0,0,0
37.9,14.3,0,0,0,1,1,1,2
15.4,68.5,0,0,0,1,1,1,2
10.6,63.8,0,1,0,0,1,1,1
11.6,69.3,1,0,1,1,0,1,2
21.9,17.2,1,0,1,1,0,0,0
24.5,40.2,1,0,0,0,1,1,1
13.3,46.0,1,0,0,1,1,1,1
21.0,20.4,0,0,0,1,0,1,0
17.8,1.6,1,0,0,0,1,0,0
35.0,44.3,0,0,1,1,0,0,2
29.5,66.2,1,1,0,0,1,0,2
29.8,25.4,1,1,1,0,1,0,1
13.2,1.5,0,0,1,0,0,1,0
32.7,52.0,1,1,1,1,0,0,2
21.1,24.8,1,0,1,0,1,0,0
36.0,44.5,0,1,0,0,1,0,2
32.8,4.5,1,0,0,0,1,0,1
33.8,16.3,1,0,0,1,0,0,1
31.9,62.1,0,1,1,1,0,0,2
19.0,5.7,1,0,1,1,1,0,0
12.1,48.9,1,1,0,1,1,1,1
33.0,63.8,1,0,1,0,0,0,2
14.8,26.1,1,1,1,0,0,0,0
22.5,7.0,0,0,0,0,0,1,0
10.1,62.6,1,0,0,1,1,1,1
27.8,54.1,1,0,1,0,1,1,2
24.9,18.1,1,1,1,1,0,1,0
20.8,66.6,1,0,0,0,1,1,2
10.4,11.0,1,1,1,1,1,1,0
22.4,8.1,1,1,1,1,1,1,0
36.2,30.3,1,0,1,0,0,0,2
37.4,4.2,0,0,0,1,0,0,2
28.5,68.8,1,0,0,0,0,1,2
28.7,36.6,0,0,0,1,0,0,1
31.3,30.4,1,0,1,0,0,1,1
24.7,52.2,1,0,0,0,1,0,1
15.8,65.9,0,0,0,0,1,1,1
35.0,16.5,0,1,1,0,0,0,2
28.0,38.1,0,1,0,0,0,0,1
18.7,54.7,0,0,0,0,0,1,1
25.0,36.2,1,0,1,0,0,0,1
19.3,1.2,0,0,0,0,1,1,0
33.5,48.2,1,0,0,0,0,1,2
37.7,6.5,0,0,1,0,0,1,2
32.0,16.2,0,0,1,0,1,1,1
28.9,25.7,0,1,1,1,0,0,1
17.7,11.2,0,1,1,0,0,1,0
28.7,54.1,0,0,1,0,1,0,2
15.7,6.7,0,0,1,1,0,1,0
11.7,49.1,1,0,0,1,0,0,1
35.3,68.3,1,0,1,1,0,0,3
28.6,61.1,0,0,0,1,1,1,2
22.2,71.3,1,1,1,0,1,1,2
30.5,58.1,1,1,0,1,0,0,2
36.7,32.2,1,0,1,1,1,1,2
33.9,41.5,1,0,1,0,1,1,2
14.0,38.6,0,0,0,1,1,1,1
12.9,62.9,1,0,0,0,1,1,1
32.3,42.7,1,1,1,1,1,0,2
11.6,48.2,0,0,1,1,1,1,1
36.5,28.3,1,0,1,1,0,0,2
24.2,52.1,0,0,0,0,0,1,1
19.9,27.6,1,0,1,0,0,1,0
18.1,52.0,0,0,1,0,1,0,1
36.0,56.8,1,0,1,1,1,1,3
27.6,41.5,0,0,1,1,1,0,1
28.6,20.5,1,0,0,1,1,0,1
11.7,17.6,1,0,0,0,0,0,0
28.6,9.4,0,0,1,0,1,1,0
26.5,25.2,0,0,1,0,0,1,1
15.1,48.3,0,1,0,1,0,0,1
11.9,4.6,1,0,0,1,1,0,0
15.2,66.4,0,0,0,0,1,1,2
31.5,17.1,0,1,1,1,1,1,1
34.3,6.0,0,0,1,1,0,1,1
20.2,16.7,1,0,0,1,0,1,0
17.9,51.2,0,0,0,0,1,0,1
29.7,61.2,0,1,0,1,1,1,2
30.9,71.4,0,0,0,1,0,1,2
23.1,39.9,1,0,1,1,0,1,1
25.5,28.5,0,0,1,0,0,1,0
18.7,41.0,0,1,0,1,1,1,1
11.5,29.0,1,1,1,1,1,0,0
11.9,6.2,0,0,0,1,0,0,0
25.3,43.6,0,1,0,1,1,0,1
25.7,70.8,0,0,0,1,0,1,2
22.4,35.3,1,0,1,1,1,1,1
19.9,60.0,1,1,0,1,1,0,1
39.3,27.5,0,1,0,0,1,1,2
27.7,55.2,1,1,0,1,1,1,2
30.3,58.3,1,1,0,1,1,1,2
23.4,71.6,0,0,0,0,1,0,2
18.4,21.2,1,1,1,0,0,1,0
10.8,55.4,1,0,0,1,0,0,1
24.6,65.2,0,0,1,0,1,0,1
14.8,24.0,1,1,1,1,0,0,0
23.6,41.7,1,0,0,1,1,0,1
10.0,68.7,1,1,0,1,1,0,2
36.8,23.9,0,0,0,1,0,0,2
39.0,25.5,1,1,1,1,0,0,2
35.0,2.6,1,1,1,1,0,1,1
23.4,13.2,0,0,1,1,1,0,0
18.5,39.8,0,1,1,1,1,0,1
21.2,64.4,0,0,1,1,0,0,1
37.6,15.5,0,0,1,1,1,1,2
11.1,32.5,0,0,1,1,0,0,1
25.2,32.7,0,1,0,1,1,1,1
16.9,1.6,1,0,0,0,1,1,0
17.8,11.0,1,0,1,0,1,0,0
19.3,19.7,1,1,1,1,0,0,0
12.0,25.8,0,1,1,1,0,1,0
37.3,19.6,0,0,1,0,0,1,2
26.7,35.7,1,1,0,1,0,1,1
12.7,8.7,0,1,0,1,0,0,0
21.7,11.2,1,0,1,1,0,1,0
33.9,7.6,0,1,0,0,0,1,1
20.9,32.1,1,0,0,1,1,1,0
19.4,46.8,1,0,0,1,0,1,1
19.7,42.7,0,0,0,1,0,1,1
14.5,56.7,0,1,1,0,1,1,1
22.6,12.0,1,0,0,1,0,1,0
29.4,68.9,0,0,1,0,0,1,2
17.5,37.2,0,1,0,0,0,0,1
34.2,56.0,1,0,1,0,0,1,2
12.8,2.8,0,1,1,1,0,1,0
31.7,15.4,0,0,0,0,0,1,1
18.5,40.5,0,1,0,0,1,0,1
31.1,66.0,1,1,0,1,1,0,2
25.9,21.5,1,1,1,1,0,0,0
12.0,1.6,1,1,0,0,1,0,0
29.0,68.0,1,0,0,0,1,0,2
30.2,57.0,1,0,1,1,0,1,2
23.8,71.3,0,1,0,1,0,1,2
13.0,9.9,1,0,1,0,1,1,0
29.3,29.8,1,0,1,1,0,0,1
35.7,51.3,0,0,1,1,0,1,2
11.5,59.5,0,0,1,1,0,0,1
34.4,44.1,1,0,0,1,0,1,2
28.3,31.4,1,0,0,0,0,0,1
17.6,67.3,1,1,0,0,0,1,2
19.2,40.9,0,0,1,0,0,0,1
39.8,17.0,0,1,1,1,1,0,2
27.6,7.2,1,1,0,0,1,1,0
35.9,19.0,1,1,0,0,1,1,2
24.1,62.4,1,0,1,0,1,1,1
29.9,31.9,1,0,0,0,0,0,1
35.0,57.4,1,0,1,1,0,1,3
13.5,56.2,1,1,1,0,0,0,1
14.1,11.9,1,1,0,1,0,1,0
19.0,5.7,1,1,0,0,1,0,0
34.2,61.4,0,0,0,0,1,0,3
33.6,34.0,1,1,0,1,1,0,2
35.3,35.8,0,0,1,0,0,0,2
25.3,1.2,1,1,0,0,1,0,0
16.0,3.3,0,0,1,0,0,0,0
11.5,42.6,1,0,0,1,0,0,1
27.6,18.1,0,1,1,0,0,1,0
28.9,65.9,0,1,0,0,1,0,2
21.6,17.7,1,0,0,0,0,0,0
37.2,70.5,0,0,0,0,0,0,3
18.2,17.1,0,1,0,0,0,0,0
24.4,40.0,1,0,1,1,0,0,1
34.3,29.0,0,1,1,0,0,1,2
39.7,18.1,1,0,0,0,1,1,2
33.8,44.4,0,1,1,0,0,1,2
10.7,61.0,1,1,0,1,0,0,1
27.5,10.2,1,1,0,1,1,0,0
30.8,56.7,0,0,1,0,0,0,2
22.6,13.2,1,1,1,0,1,0,0
18.4,16.0,0,0,1,0,1,0,0
23.4,4.2,0,0,1,1,1,0,0
19.8,29.3,1,0,1,0,0,1,0
39.6,71.5,0,1,0,1,0,0,3
19.5,3.4,1,0,1,0,0,1,0
33.7,47.3,1,0,0,1,1,0,2
14.4,48.7,1,0,0,1,1,0,1
36.8,12.2,1,1,1,0,0,1,2
15.1,55.5,1,1,0,1,0,1,1
15.5,55.2,1,0,1,1,0,1,1
20.9,9.4,0,1,0,1,1,1,0
32.3,39.0,1,0,1,0,1,1,2
24.9,32.1,1,0,0,1,0,0,0
11.5,50.5,1,1,1,1,0,1,1
17.5,43.6,0,0,0,0,1,1,1
15.3,34.6,1,1,1,1,0,1,1
20.9,1.6,0,0,1,0,1,0,0
26.6,62.7,1,1,0,0,1,1,2
30.2,47.5,1,1,1,0,0,0,2
38.6,30.2,0,1,1,1,1,0,2
12.5,34.3,1,1,0,0,0,0,1
18.3,31.0,0,1,1,1,0,1,0
28.3,13.7,1,1,1,0,0,1,0
12.2,50.2,0,1,1,0,0,1,1
28.6,63.8,1,0,0,0,1,1,2
21.2,10.3,1,1,1,1,1,1,0
10.4,8.2,1,0,0,1,1,0,0
14.7,57.2,1,1,1,1,0,1,1
22.9,39.5,1,0,0,0,0,0,1
27.3,62.3,1,1,1,0,1,0,2
28.1,28.8,0,0,0,0,0,0,1
23.4,37.8,0,1,1,1,0,1,1
37.9,31.2,0,1,0,1,1,1,2
20.6,51.6,1,0,0,0,0,1,1
32.4,51.1,1,1,1,0,1,0,2
11.0,10.3,0,1,0,1,1,0,0
17.1,49.9,0,0,0,1,0,1,1
16.7,45.1,0,1,1,1,1,1,1
17.0,15.4,1,1,1,1,0,0,0
19.1,7.7,1,1,0,0,1,0,0
16.9,4.8,1,1,1,1,1,1,0
23.3,42.1,0,1,0,1,1,0,1
22.8,19.9,0,1,1,1,1,0,0
34.0,62.6,1,1,1,0,1,1,3
24.7,50.5,0,0,0,1,0,1,1
13.9,68.9,0,0,0,1,1,1,2
35.1,47.1,1,1,1,1,0,0,2
14.1,58.7,1,0,0,0,1,1,1
29.2,59.8,0,1,0,1,1,1,2
16.4,37.1,1,1,0,1,0,1,1
13.2,4.5,0,0,1,0,1,0,0
28.7,17.8,1,0,1,0,0,1,1
24.7,55.1,0,0,0,1,0,0,1
18.1,30.3,1,1,1,0,0,1,0
31.3,45.1,0,0,0,0,1,0,2
24.1,24.9,1,0,1,0,1,0,0
21.8,49.3,0,1,0,0,0,1,1
10.9,33.3,1,1,1,0,1,1,1
22.9,24.0,0,1,1,0,0,1,0
13.3,27.6,1,0,0,0,1,1,0
35.6,41.8,1,1,0,0,0,0,2
39.4,51.8,1,0,1,0,0,0,3
28.9,42.4,1,1,0,1,1,1,1
36.9,1.4,1,1,1,1,1,0,2
24.6,21.3,0,0,0,0,0,1,0
25.4,8.7,0,0,0,1,0,1,0
16.0,35.3,1,1,0,0,1,0,1
32.3,23.2,0,0,0,0,1,1,1
39.5,71.1,0,1,0,1,1,0,3
33.5,8.5,1,1,0,1,0,0,1
26.3,10.1,0,0,0,1,0,1,0
17.5,40.8,1,0,0,1,1,0,1
25.8,5.2,0,1,1,1,0,1,0
39.3,50.2,0,0,0,1,0,1,3
27.6,49.1,1,1,0,1,0,1,1
25.2,8.1,0,1,1,0,0,1,0
11.9,54.2,1,1,0,0,1,1,1
36.6,53.6,0,0,0,1,1,0,3
20.5,18.5,1,0,1,1,1,0,0
18.6,42.2,1,1,1,1,1,1,1
18.8,24.8,1,0,0,1,0,1,0
13.1,64.7,1,0,1,0,1,1,1
11.7,51.3,1,1,1,1,0,0,1
18.4,52.0,0,0,0,0,1,1,1
13.5,51.1,0,1,1,0,0,0,1
18.8,42.1,1,1,0,0,0,1,1
13.5,10.8,0,1,0,0,1,1,0
26.5,50.9,0,1,0,1,1,1,1
21.6,53.8,1,0,1,0,0,0,1
35.4,52.6,0,0,0,0,0,1,2
22.9,27.2,1,0,0,1,0,1,0
14.3,59.3,1,0,1,1,1,1,1
12.7,1.5,0,0,0,1,1,1,0
29.8,33.1,0,1,1,1,1,1,1
21.0,65.5,0,1,1,1,1,1,1
26.8,9.1,0,1,1,0,0,0,0
32.5,43.9,1,1,0,1,0,1,2
16.4,40.9,1,1,0,0,1,0,1
24.4,3.6,0,1,0,1,1,0,0
21.4,60.5,1,1,1,1,0,1,1
34.9,1.1,1,1,1,0,1,1,1
39.4,38.2,0,0,0,1,1,1,3
19.5,45.3,0,0,0,1,1,1,1
33.8,18.9,1,0,0,1,1,0,1
12.8,31.7,1,1,1,0,1,1,0
29.6,7.1,1,0,0,1,0,0,1
18.9,13.5,0,1,0,1,0,0,0
13.7,56.5,1,0,1,0,1,0,1
35.1,12.2,1,0,0,1,1,0,1
23.6,10.4,1,0,1,1,1,1,0
20.1,7.9,1,1,0,0,0,1,0
13.1,32.7,1,1,0,0,0,1,1
16.9,25.1,1,0,1,1,1,0,0
19.1,45.5,0,1,0,1,1,1,1
16.7,61.5,0,1,1,0,1,0,1
23.2,66.3,0,1,1,0,1,1,2
34.3,3.6,1,0,0,0,0,1,1
19.7,35.0,0,1,0,1,0,0,1
24.1,3.4,0,1,1,1,0,0,0
26.0,60.6,0,1,0,1,1,0,1
31.7,18.0,0,0,0,1,1,0,1
12.0,42.4,1,0,1,1,1,1,1
11.1,59.6,0,1,0,1,0,1,1
35.0,68.6,0,1,1,1,1,1,3
11.2,2.5,0,0,1,1,0,1,0
18.1,19.0,1,1,0,1,1,1,0
28.1,29.3,1,1,0,0,1,1,1
22.2,40.2,0,0,1,0,1,1,1
21.1,30.7,0,0,1,1,1,0,0
10.4,16.9,0,0,0,1,0,1,0
30.5,17.4,1,1,0,1,0,1,1
36.3,46.8,0,0,0,0,1,1,2
36.5,64.0,0,0,0,0,1,1,3
10.8,6.0,0,1,1,1,0,0,0
27.7,59.3,0,0,1,0,0,0,2
13.2,24.5,0,1,0,0,1,0,0
16.5,21.5,0,0,0,1,1,0,0
29.7,10.4,0,1,0,1,0,0,1
29.3,41.1,0,1,0,1,0,1,1
30.0,40.6,1,0,1,0,0,0,1
33.4,14.5,0,1,0,1,1,0,1
33.4,6.7,0,0,0,0,1,1,1
12.6,28.9,0,0,1,1,0,1,0
19.8,20.6,0,0,0,1,1,1,0
11.2,66.5,0,0,0,1,0,0,2
15.2,58.9,0,0,1,1,1,0,1
33.6,37.6,0,1,1,0,0,1,2
32.2,33.4,0,1,1,0,0,1,2
24.8,15.6,0,1,0,1,0,1,0
11.0,61.0,0,0,1,1,1,1,1
12.2,60.1,0,1,1,0,0,1,1
25.2,48.4,1,1,1,1,1,0,1
36.7,57.2,1,0,1,0,0,0,3
32.8,3.6,1,0,0,0,1,0,1
21.6,11.4,1,0,0,0,0,0,0
11.6,6.6,0,1,1,1,1,1,0
13.4,61.6,0,1,1,1,1,0,1
34.1,13.5,0,0,1,1,0,0,1
16.9,48.0,1,0,0,0,0,0,1
38.9,19.6,1,0,1,1,0,1,2
34.9,41.9,0,0,1,1,0,1,2
19.2,16.8,0,0,1,0,1,1,0
15.6,48.4,1,0,0,0,1,0,1
26.5,12.0,1,1,1,1,1,1,0
29.4,56.5,0,1,1,1,0,0,2
31.1,8.9,1,1,0,1,1,1,1
10.2,52.6,0,0,0,1,0,0,1
31.1,11.9,1,0,0,0,0,0,1
20.8,16.2,1,1,0,1,0,1,0
22.5,3.3,1,0,1,1,1,0,0
28.4,16.2,0,0,1,0,0,0,1
11.8,53.8,1,0,1,1,1,1,1
10.3,11.9,1,0,1,0,1,0,0
11.3,46.3,1,0,0,0,1,1,1
37.4,7.4,0,1,0,0,0,1,2
39.5,49.6,1,1,1,0,1,0,3
37.2,18.8,1,1,1,1,0,0,2
21.4,33.5,0,1,1,1,0,1,1
14.3,8.0,1,0,1,0,0,0,0
18.7,29.5,0,0,0,0,0,1,0
14.1,28.8,0,0,1,0,0,0,0
29.2,47.7,1,0,0,0,0,1,2
18.2,16.2,0,0,0,1,1,0,0
19.2,8.9,1,1,0,0,1,0,0
26.6,42.1,0,1,0,1,0,0,1
39.3,64.1,0,0,1,0,0,0,3
34.1,67.4,1,1,0,1,0,0,3
18.0,35.3,0,1,0,0,1,1,1
14.4,38.1,1,0,0,1,0,1,1
27.5,27.8,1,0,1,1,0,0,1
23.5,70.4,0,0,1,0,1,1,2
37.8,50.1,0,0,1,0,0,0,3
29.6,36.8,0,0,1,0,1,1,1
25.5,16.0,0,0,1,0,0,1,0
25.2,65.6,1,1,1,0,1,0,2
20.6,22.0,0,1,0,0,1,0,0
32.6,51.1,0,0,0,1,1,1,2
36.7,39.9,0,1,0,0,1,1,2
18.7,62.6,1,1,0,1,1,0,1
24.6,13.2,0,0,0,1,1,0,0
11.9,57.3,0,0,0,0,1,1,1
30.0,54.2,1,0,0,1,0,0,2
20.3,54.3,1,0,1,1,0,1,1
38.8,61.3,0,0,0,0,1,1,3
26.9,8.5,0,0,0,0,0,1,0
13.8,35.3,0,0,1,0,1,0,1
19.8,52.6,0,1,0,0,1,1,1
15.9,34.5,0,0,0,1,0,0,1
14.9,13.4,1,0,0,1,0,1,0
26.4,21.7,1,0,1,1,0,1,0
18.5,68.4,1,1,0,0,0,1,2
23.8,23.1,1,1,0,1,1,1,0
19.4,59.1,1,1,0,0,1,0,1
34.4,71.8,1,1,1,0,0,0,3
17.5,35.4,1,0,1,0,1,0,1
35.9,52.0,1,0,0,1,0,0,2
16.2,27.9,0,1,1,1,0,0,0
35.6,11.5,1,0,0,0,0,1,1
34.0,11.7,0,1,0,1,1,1,1
25.6,19.0,1,0,1,1,1,0,0
11.5,37.7,1,0,1,0,0,0,1
24.6,8.2,1,1,1,0,1,1,0
17.3,9.5,0,1,1,1,1,0,0
24.2,23.5,0,0,1,1,0,1,0
21.4,8.2,0,0,1,1,0,1,0
38.3,11.1,1,1,0,1,1,0,2
30.1,4.6,1,0,1,0,0,0,1
35.5,68.0,0,1,0,1,0,0,3
15.4,15.0,0,1,1,0,0,1,0
29.0,44.8,0,0,1,1,1,1,1
19.5,40.6,0,1,0,0,1,1,1
17.0,61.6,0,1,1,0,0,1,1
25.7,56.5,1,1,0,1,1,1,1
29.5,65.1,0,1,0,1,1,1,2
31.1,31.9,1,1,1,0,1,0,1
38.8,2.7,1,1,0,0,1,0,2
35.1,59.7,0,1,1,0,0,1,3
39.6,44.9,1,1,0,0,0,0,3
26.5,9.0,1,0,0,0,0,1,0
22.0,52.9,0,1,0,1,1,1,1
32.6,35.3,1,0,0,0,0,0,2
17.6,3.3,0,1,0,0,1,0,0
29.0,8.3,1,0,0,1,1,1,0
12.2,14.1,0,0,0,0,1,0,0
35.8,16.9,0,1,1,0,0,1,2
24.1,22.1,0,0,1,1,1,0,0
22.0,13.1,0,1,1,1,1,0,0
18.1,66.4,0,0,0,1,0,1,2
23.9,53.5,1,1,0,1,1,1,1
36.3,19.2,1,1,0,0,0,1,2
12.1,21.8,1,0,1,0,1,0,0
31.6,68.6,1,1,0,0,1,1,2
35.3,5.8,0,0,0,0,0,0,1
39.5,24.7,1,1,1,0,0,1,2
30.6,1.5,1,1,1,1,1,0,1
15.2,15.3,1,0,1,0,0,1,0
20.7,56.6,0,0,1,1,1,0,1
22.8,40.5,0,0,1,1,1,1,1
24.8,39.9,1,0,0,0,1,1,1
19.7,60.4,0,0,1,1,1,0,1
30.1,60.7,0,0,1,0,1,1,2
33.3,63.5,1,0,0,0,0,1,2
34.5,59.0,1,0,1,0,0,0,3
29.4,34.0,1,0,1,0,0,0,1
26.1,24.6,1,1,1,0,0,1,0
36.8,22.2,0,0,1,1,1,1,2
13.7,8.1,1,0,1,0,1,0,0
14.0,3.5,1,0,0,0,1,1,0
13.0,59.7,0,1,0,1,0,1,1
16.6,24.1,0,0,1,0,0,1,0
12.3,9.4,0,0,0,1,1,0,0
20.4,27.2,0,1,1,0,1,0,0
37.6,42.4,1,0,1,1,0,1,2
11.5,71.1,0,0,1,1,1,1,2
24.5,7.3,0,1,1,1,0,0,0
27.7,19.9,1,0,0,0,0,1,1
15.0,43.8,1,0,1,0,1,0,1
37.3,28.0,0,1,1,0,0,0,2
34.3,37.0,0,1,0,1,0,0,2
26.4,5.9,0,1,0,0,0,0,0
25.1,12.4,0,0,1,1,0,0,0
20.6,4.4,1,0,1,1,0,1,0
34.8,56.9,0,0,0,0,0,1,2
19.0,67.1,0,1,0,1,0,1,2
15.6,21.6,0,1,1,0,0,0,0
20.9,43.1,1,1,0,0,1,1,1
21.3,50.1,0,0,1,1,1,0,1
14.1,54.8,0,0,1,1,0,0,1
26.5,3.4,0,1,1,0,0,0,0
21.3,33.2,1,1,1,1,1,0,1
33.4,11.3,1,0,1,0,1,0,1
18.3,66.4,1,1,0,0,0,0,2
19.5,25.7,1,1,1,1,1,0,0
35.6,25.8,0,1,1,0,0,0,2
25.3,48.5,0,1,0,1,0,1,1
27.0,32.5,1,0,0,1,0,0,1
18.0,32.0,0,0,0,0,1,1,0
34.4,66.7,0,0,0,1,1,1,3
30.2,24.1,1,1,1,1,1,0,1
23.8,45.3,0,0,1,1,1,0,1
14.0,28.6,1,1,0,0,1,0,0
26.3,27.3,1,1,0,0,0,1,1
39.5,17.9,0,0,0,1,0,1,2
37.3,60.4,0,1,1,0,0,1,3
38.9,29.1,0,1,1,0,1,1,2
23.7,51.4,0,1,1,1,0,1,1
33.9,57.1,0,0,1,1,1,1,2
11.4,9.1,1,0,0,0,0,1,0
37.2,69.9,1,0,0,0,0,0,3
22.9,15.7,1,1,1,0,1,0,0
14.8,59.8,1,1,1,0,1,0,1
38.6,14.3,1,1,0,1,1,1,2
39.4,35.4,0,0,1,0,1,1,3
24.8,27.2,0,0,0,1,0,1,0
10.9,68.2,0,1,1,1,0,1,2
11.2,36.5,1,0,0,1,0,0,1
21.4,9.8,0,0,0,1,0,0,0
39.5,32.2,0,1,0,1,0,0,2
25.1,53.3,0,1,1,0,1,1,1
27.8,34.9,0,0,1,0,0,0,1
34.8,69.3,0,0,1,0,0,1,3
15.8,55.5,0,1,0,0,1,1,1
23.1,25.7,0,1,1,0,1,0,0
34.3,1.3,0,1,0,1,0,1,1
20.5,33.0,1,1,1,0,0,0,1
32.7,41.1,0,1,0,1,1,0,2
26.4,51.8,1,0,0,1,0,0,1
13.3,15.1,0,1,1,1,0,0,0
22.5,71.4,0,1,0,1,0,1,2
36.7,29.4,0,0,1,0,1,1,2
23.3,28.6,0,0,1,1,0,1,0
24.7,69.7,0,0,0,0,0,0,2
16.9,50.3,1,0,0,0,0,0,1
15.5,63.8,0,1,0,1,0,1,1
22.8,10.1,0,1,1,1,0,1,0
34.1,38.2,0,0,0,0,0,0,2
14.5,7.5,0,0,1,0,1,1,0
39.2,48.2,0,1,1,1,0,1,3
31.5,51.3,1,0,1,1,0,1,2
31.7,3.3,0,0,0,0,1,0,1
28.4,41.9,1,0,1,0,0,0,1
34.3,47.7,1,0,1,1,0,0,2
21.8,7.0,0,1,0,1,1,1,0
25.8,9.2,0,1,1,1,1,1,0
25.5,43.3,0,1,1,1,1,0,1
16.9,16.7,0,1,0,1,0,0,0
13.4,54.8,1,0,0,1,0,0,1
37.6,36.1,1,0,1,1,1,0,2
22.5,3.5,0,0,0,0,1,0,0
17.9,22.4,0,0,1,0,1,0,0
27.9,68.8,0,0,0,0,1,1,2
11.3,15.7,0,1,1,1,0,1,0
12.4,60.4,0,1,0,1,1,1,1
15.2,45.9,1,0,1,1,0,0,1
31.8,55.0,0,0,0,1,0,1,2
23.0,56.1,0,1,1,0,1,1,1
12.0,29.9,0,1,0,1,0,0,0
26.3,36.4,1,0,1,1,1,0,1
25.5,66.9,1,1,1,0,0,1,2
19.0,39.5,1,0,1,0,0,1,1
16.8,12.7,1,1,0,1,1,1,0
23.7,3.4,0,1,1,1,1,1,0
10.9,45.7,0,0,1,0,1,0,1
24.8,44.1,1,1,0,0,1,0,1
37.8,5.5,1,0,1,0,1,0,2
22.5,53.3,1,1,1,1,1,1,1
26.5,8.2,1,0,1,1,1,0,0
31.2,62.9,1,0,1,1,1,1,2
39.7,16.8,1,1,1,0,1,1,2
32.3,3.6,1,1,1,0,1,1,1
24.1,21.5,0,1,1,0,1,1,0
20.7,23.8,1,0,0,1,0,1,0
18.2,40.5,1,1,0,1,0,1,1
39.8,60.3,0,1,0,0,1,0,3
17.6,24.2,0,0,0,0,0,0,0
23.4,45.6,0,0,1,1,0,1,1
33.0,23.2,1,0,0,0,1,0,1
14.2,12.0,1,1,0,0,0,0,0
22.1,37.2,0,1,0,0,1,0,1
12.0,39.9,0,0,1,1,0,0,1
38.5,35.7,1,0,0,1,1,1,2
15.2,26.3,0,1,1,1,1,1,0
35.2,1.8,1,0,1,0,0,0,1
26.5,25.5,0,0,0,0,0,0,1
30.4,12.4,1,0,0,1,1,0,1
19.6,44.0,1,1,1,0,0,1,1
32.5,10.1,1,1,0,1,0,1,1
26.4,50.9,1,0,0,0,0,1,1
18.1,36.6,0,0,1,1,0,0,1
10.6,60.5,0,0,1,1,0,1,1
32.2,34.7,1,0,1,1,1,0,2
33.7,62.2,0,1,0,0,1,1,2
29.4,25.6,1,0,0,0,1,1,1
32.1,18.7,1,0,0,0,0,0,1
33.4,42.3,0,0,0,1,0,0,2
18.6,28.2,1,0,0,0,0,0,0
27.1,65.3,0,1,1,1,1,0,2
25.2,66.5,1,1,0,0,1,1,2
18.3,17.5,0,0,0,1,1,0,0
28.6,30.3,0,0,1,1,1,0,1
20.0,60.8,1,1,1,0,1,1,1
30.7,37.0,1,1,0,1,1,0,1
28.0,33.3,0,0,0,1,0,0,1
31.7,63.4,0,1,1,1,0,0,2
39.0,44.0,0,0,1,0,1,0,3
34.4,18.9,0,0,0,0,0,1,1
33.2,37.4,1,1,1,0,1,0,2
38.0,63.7,0,1,1,0,1,0,3
11.4,31.9,0,1,0,1,1,1,0
30.5,54.5,0,0,0,1,0,0,2
28.2,38.1,0,0,1,0,1,0,1
13.9,44.1,1,0,0,0,0,1,1
15.9,58.8,0,1,0,0,0,0,1
21.4,9.0,0,1,0,1,0,0,0
25.9,35.6,0,0,0,0,1,0,1
17.8,14.7,0,0,0,0,0,0,0
14.1,16.2,0,1,1,1,1,1,0
26.1,60.5,1,1,1,1,0,0,2
31.2,13.4,1,0,1,0,0,0,1
12.2,58.1,0,1,1,1,1,0,1
22.8,57.2,1,0,0,1,0,1,1
15.4,30.1,1,1,0,1,1,1,0
13.1,8.0,1,1,0,1,1,0,0
19.0,45.5,0,1,1,1,1,0,1
26.1,37.7,0,0,0,1,0,1,1
21.7,45.7,0,0,0,0,1,1,1
37.2,5.9,0,1,0,0,0,1,2
31.2,49.1,1,0,1,1,1,0,2
38.0,71.3,0,1,0,0,0,1,3
36.0,19.9,0,0,1,1,0,0,2
15.9,8.0,1,1,0,0,0,0,0
14.9,13.2,1,1,0,0,0,1,0
37.5,25.5,1,1,1,1,0,1,2
19.7,9.8,1,1,0,1,1,1,0
19.8,33.1,1,1,0,0,0,0,1
29.0,13.3,1,0,0,0,1,1,1
23.3,68.4,0,0,1,1,0,1,2
33.3,17.8,1,0,0,0,1,0,1
32.9,64.5,1,1,0,0,1,0,2
33.5,70.7,0,1,0,1,0,1,3
29.8,31.5,0,1,1,1,0,1,1
25.2,17.3,1,0,0,0,0,1,0
32.9,4.0,0,0,1,0,1,1,1
10.2,2.2,1,0,1,0,1,1,0
20.4,48.0,0,1,1,1,0,1,1
39.1,69.3,0,1,1,0,0,1,3
16.0,57.9,0,1,1,1,1,0,1
18.8,28.5,0,0,0,1,1,1,0
18.1,32.8,1,0,1,1,1,1,1
35.0,20.3,1,1,1,1,0,0,2
28.0,69.9,1,1,1,0,0,0,2
34.7,12.7,0,1,1,0,0,0,1
26.4,53.3,1,0,0,1,1,1,1
35.5,18.5,1,0,1,1,0,1,2
31.9,57.1,0,1,0,1,0,0,2
22.6,11.6,1,0,1,1,1,0,0
27.3,62.4,1,1,1,0,1,1,2
18.0,19.6,0,1,0,1,0,1,0
14.4,52.2,1,0,1,0,1,0,1
30.0,10.0,0,0,1,1,0,1,1
15.8,43.8,1,0,0,0,0,0,1
33.5,5.4,1,1,1,1,1,0,1
15.8,25.1,1,0,0,0,0,0,0
35.7,58.2,0,1,1,0,0,0,3
14.9,30.1,1,0,1,1,1,0,0
38.6,4.6,1,0,1,0,1,0,2
29.4,28.8,1,1,0,1,0,1,1
33.8,14.8,1,0,0,1,1,0,1
17.3,41.3,0,1,0,0,1,0,1
15.3,47.0,0,1,0,0,0,0,1
17.2,16.5,0,0,0,1,1,1,0
17.9,12.6,0,1,0,1,0,1,0
23.7,29.5,1,0,1,0,0,1,0
38.5,13.4,0,0,0,1,1,0,2
32.8,17.1,0,0,1,1,1,0,1
31.5,44.9,1,0,1,0,0,0,2
36.6,33.3,0,0,0,0,0,1,2
14.6,50.8,0,0,0,1,1,1,1
33.0,69.9,0,0,1,0,1,1,3
21.1,49.4,0,0,1,0,1,1,1
21.2,64.5,1,0,1,1,1,1,1
32.7,1.2,1,1,0,0,0,1,1
23.0,13.5,1,0,1,1,1,1,0
28.4,34.8,0,0,0,0,1,1,1
12.8,22.2,1,1,1,1,0,0,0
21.9,13.9,0,1,0,1,0,1,0
18.7,60.0,0,0,0,0,0,0,1
25.1,5.9,0,0,1,0,0,0,0
11.5,57.8,1,1,0,0,0,1,1
10.0,15.2,1,0,0,1,1,0,0
11.2,6.8,0,1,0,0,0,0,0
26.9,38.0,1,0,1,1,1,1,1
19.5,35.4,0,0,0,1,0,1,1
10.7,66.7,1,1,0,0,1,0,2
26.4,55.1,0,0,1,0,1,0,1
18.3,53.6,0,0,0,1,0,0,1
20.1,32.9,0,1,0,0,0,0,1
13.4,6.8,0,1,1,0,1,0,0
34.7,33.4,1,1,0,0,1,0,2
14.1,39.8,1,1,1,0,0,1,1
24.1,39.1,0,0,1,0,0,0,1
27.0,20.4,1,1,0,0,0,0,0
37.3,59.4,0,1,0,0,1,1,3
22.7,60.2,0,0,0,1,0,0,1
23.6,59.9,0,0,1,0,0,0,1
23.7,9.9,1,1,0,1,1,0,0
32.5,29.7,1,1,1,1,1,1,2
31.0,49.3,1,0,1,0,1,0,2
14.5,67.9,0,0,0,1,0,0,2
38.5,70.0,1,1,0,0,1,0,3
12.0,49.6,1,0,0,0,0,0,1
29.1,54.9,1,0,0,0,1,0,2
37.3,62.0,1,1,0,1,0,0,3
30.9,12.0,1,1,0,0,0,0,1
39.4,52.3,0,1,0,0,0,0,3
31.6,51.8,1,0,0,1,1,0,2
22.6,32.4,1,1,1,0,0,0,1
24.6,40.5,0,1,0,0,1,1,1
21.5,71.8,0,1,1,0,1,0,2
11.1,15.0,0,1,0,1,0,0,0
17.7,3.9,0,1,1,1,1,1,0
35.5,19.6,0,1,0,0,0,1,2
31.1,15.1,1,1,1,0,0,0,1
21.3,52.9,0,1,1,0,0,0,1
13.4,22.1,0,0,0,0,0,0,0
29.3,31.5,0,0,1,1,0,0,1
26.1,48.8,0,1,0,1,0,1,1
29.4,38.4,1,1,0,0,1,1,1
38.8,61.9,1,1,0,1,0,1,3
23.9,31.6,1,1,0,0,0,0,0
20.1,57.3,0,0,0,1,0,0,1
17.9,48.7,1,1,1,1,0,0,1
18.6,68.1,0,0,1,1,0,0,2
34.3,40.5,0,1,0,0,0,1,2
34.3,19.3,0,1,1,1,0,0,1
27.7,36.2,1,1,1,1,1,0,1
35.3,35.9,0,1,1,0,0,0,2
18.9,40.6,1,0,0,1,1,0,1
17.3,6.5,0,1,1,1,1,1,0
22.8,62.9,1,1,0,0,1,1,1
28.1,2.0,0,1,1,0,1,1,0
20.3,23.7,1,0,0,1,1,1,0
20.7,23.8,1,1,1,1,0,1,0
32.6,66.5,1,0,1,1,1,0,2
33.5,60.7,1,0,1,1,0,1,2
29.0,20.7,0,0,1,0,1,1,1
31.8,62.6,0,1,1,0,1,0,2
15.4,14.8,0,0,0,0,1,1,0
33.9,69.4,0,1,1,1,1,0,3
30.8,31.0,1,0,0,1,1,0,1
31.7,59.0,1,1,0,0,1,1,2
35.0,34.9,0,1,1,1,1,1,2
26.1,45.9,0,1,1,1,0,0,1
27.7,42.8,1,1,1,0,1,0,1
10.6,62.8,1,1,0,0,0,1,1
37.9,23.1,1,0,0,0,0,0,2
26.8,3.5,0,1,0,0,1,0,0
21.5,48.0,0,1,0,0,1,0,1
22.6,59.7,0,1,1,1,0,1,1
25.4,11.5,1,1,1,0,1,1,0
37.6,37.9,0,0,1,0,0,1,2
36.8,23.6,1,0,0,0,1,1,2
23.2,25.8,1,0,0,0,0,0,0
20.4,31.4,0,0,1,1,0,0,0
36.5,63.6,1,1,1,1,1,0,3
24.8,68.0,0,0,1,0,1,1,2
33.5,22.4,1,1,1,0,1,0,1
11.3,45.6,0,1,1,0,0,1,1
20.5,27.9,1,0,1,0,1,0,0
32.9,67.1,1,1,0,1,1,0,3
13.6,7.7,1,1,1,0,1,1,0
19.4,49.6,1,0,0,0,0,0,1
38.3,55.4,1,0,1,0,1,0,3
20.8,24.2,1,0,0,0,1,1,0
17.0,32.0,1,1,1,1,1,1,0
10.0,4.4,1,1,0,0,0,0,0
32.3,7.5,0,1,1,1,0,1,1
11.4,17.4,0,1,1,0,1,1,0
28.6,55.7,1,1,1,0,1,0,2
24.5,51.7,1,1,1,1,0,1,1
35.7,54.2,0,0,0,1,1,1,3
14.2,16.8,1,1,0,0,0,1,0
29.4,68.4,1,1,0,1,0,0,2
34.5,56.5,0,1,1,1,1,0,2
25.7,53.3,1,0,0,1,1,0,1
35.4,60.1,0,0,1,0,1,1,3
15.2,46.9,1,0,1,0,0,1,1
18.6,66.8,0,1,0,0,0,0,2
29.1,37.3,0,0,1,1,0,1,1
32.0,27.6,1,1,1,1,0,1,1
35.7,55.0,1,1,0,0,1,0,3
21.1,16.9,0,1,0,1,0,1,0
22.4,52.0,0,0,1,0,1,1,1
13.6,5.9,0,0,1,0,0,0,0
12.9,25.0,0,1,1,1,1,0,0
18.7,63.4,0,0,1,0,0,1,1
38.4,54.3,0,0,1,1,1,1,3
19.4,58.6,0,0,0,0,1,0,1
30.6,7.7,0,0,0,0,1,0,1
35.3,56.6,0,1,0,1,0,1,3
15.2,52.6,0,1,1,1,1,0,1
16.5,44.6,1,1,0,1,0,0,1
35.7,68.7,0,0,1,0,0,0,3
34.3,69.1,0,0,0,1,1,1,3
27.6,49.6,0,0,1,1,0,0,1
37.7,64.0,1,0,0,1,1,0,3
32.5,49.4,1,1,0,0,0,1,2
11.6,66.7,0,1,1,0,1,0,2
37.5,47.3,1,0,0,0,1,1,3
35.0,14.8,0,1,1,0,0,1,1
16.9,70.8,0,1,1,1,0,0,2
16.3,26.7,1,0,0,1,1,1,0
17.5,52.5,0,1,1,0,1,0,1
11.3,36.2,1,1,0,0,0,1,1
24.8,67.3,1,1,1,1,0,1,2
10.2,70.7,1,0,0,1,0,1,2
19.1,51.2,0,0,0,0,1,0,1
16.6,71.6,0,0,1,0,1,0,2
20.7,41.5,0,0,0,0,1,1,1
22.4,29.9,1,1,0,0,1,1,0
27.8,59.5,0,0,1,1,0,1,2
19.4,28.5,0,1,0,1,1,0,0
36.5,7.4,1,0,1,0,0,1,2
17.2,44.2,1,0,1,0,0,0,1
36.7,22.7,1,1,1,1,0,0,2
30.8,42.7,1,0,1,1,0,0,2
29.8,13.9,1,0,0,0,0,0,1
27.7,31.5,0,1,1,1,0,1,1
11.6,58.5,1,1,1,1,0,1,1
17.3,2.7,0,0,1,0,0,0,0
32.8,3.1,1,1,0,1,1,1,1
21.2,43.7,0,0,0,1,0,1,1
39.9,22.1,1,0,0,1,0,1,2
28.9,11.6,0,1,1,0,1,1,0
34.0,4.5,1,1,0,0,0,0,1
24.6,37.6,0,0,1,0,0,0,1
11.9,51.2,0,0,0,0,1,0,1
35.7,11.8,1,1,1,1,0,0,1
11.4,62.0,0,0,0,0,0,1,1
10.1,29.4,0,1,0,0,1,0,0
33.1,39.1,0,1,0,0,0,0,2
27.5,35.9,0,0,0,0,1,0,1
25.7,25.6,0,0,1,1,0,0,0
14.8,37.6,1,0,1,0,0,1,1
36.8,40.2,0,1,0,1,0,1,2
14.7,68.8,1,1,1,1,1,0,2
24.4,21.2,1,1,0,0,0,0,0
22.0,60.0,0,1,0,1,1,0,1
13.5,55.0,0,0,1,1,0,0,1
14.2,7.6,0,1,0,0,1,1,0
18.2,21.4,0,0,0,0,1,1,0
12.3,18.8,0,1,1,1,0,1,0
16.3,53.8,0,1,0,0,0,0,1
23.0,16.9,0,1,1,0,0,1,0
17.2,59.4,1,1,0,0,0,0,1
20.2,63.9,1,1,0,0,0,1,1
14.4,27.8,0,1,0,1,0,1,0
28.5,45.3,1,1,1,1,0,0,1
23.8,9.3,0,0,0,0,1,0,0
35.6,43.0,0,1,1,1,0,0,2
34.6,57.3,0,1,1,1,1,0,2
39.3,40.5,1,1,0,0,0,0,3
39.0,38.0,0,1,1,0,1,1,3
29.6,64.4,0,0,0,1,1,0,2
17.5,70.5,0,1,1,1,0,0,2
30.4,58.1,0,1,0,0,0,0,2
31.0,52.4,0,0,0,0,0,1,2
36.6,33.7,0,0,0,1,0,1,2
21.3,31.2,0,1,1,1,0,1,0
20.4,57.2,1,0,1,0,1,1,1
25.8,65.1,1,1,0,1,0,1,2
20.2,54.8,0,0,0,0,1,0,1
22.7,34.7,0,1,1,0,0,1,1
10.4,65.3,0,0,0,1,0,0,1
24.9,55.2,0,0,0,1,1,1,1
36.9,55.0,0,0,1,0,0,0,3
20.1,21.5,0,1,0,0,0,1,0
22.5,50.9,1,1,1,0,1,0,1
24.5,32.3,0,0,0,0,0,1,1
15.0,38.3,0,1,1,0,0,1,1
29.4,1.6,1,0,0,1,0,0,1
11.0,24.5,1,0,0,1,0,0,0
35.2,39.8,1,0,1,0,1,0,2
34.7,49.3,0,1,0,0,0,0,2
35.0,47.1,1,0,1,0,1,1,2
37.7,3.3,1,1,1,1,0,0,2
14.4,7.9,0,0,0,1,1,1,0
20.7,2.6,1,1,0,0,1,1,0
17.9,11.3,0,0,1,0,0,1,0
29.3,62.7,0,1,1,1,1,0,2
37.7,31.8,0,1,0,1,0,1,2
38.3,31.7,0,0,1,1,0,1,2
22.5,3.6,0,0,1,1,1,0,0
25.4,5.0,0,0,1,0,1,0,0
23.6,24.8,0,1,1,0,0,1,0
25.5,29.7,0,1,1,0,0,1,0
14.7,62.4,0,1,0,0,1,1,1
13.8,17.9,0,0,1,0,0,0,0
26.0,13.4,0,0,0,1,0,1,0
26.6,24.5,0,1,1,0,1,0,1
10.3,48.6,0,1,1,0,0,0,1
22.9,49.7,1,0,1,1,1,1,1
22.5,67.5,1,1,1,1,1,1,2
31.5,63.7,0,0,1,0,0,0,2
39.7,69.9,1,0,1,0,0,0,3
28.0,25.4,1,1,0,0,0,1,1
35.5,60.4,1,0,0,1,1,1,3
34.6,23.7,0,1,0,1,1,1,2
17.2,62.3,1,0,1,0,0,0,1
14.4,57.7,1,1,1,0,0,1,1
19.7,50.9,0,0,0,0,0,1,1
15.7,17.0,0,1,1,0,1,1,0
27.8,23.3,1,0,1,0,0,1,1
39.4,27.2,0,0,0,0,1,0,2
29.7,37.0,0,0,0,0,1,0,1
30.4,13.1,0,0,1,1,1,1,1
23.3,54.2,0,1,0,1,0,0,1
39.4,4.5,0,0,0,0,1,1,2
11.2,44.2,0,1,0,0,0,1,1
15.5,46.2,1,0,1,0,0,1,1
19.0,32.3,1,1,0,1,1,1,1
15.8,50.3,0,0,0,0,1,1,1
15.2,47.5,0,1,1,0,0,1,1
38.2,67.1,0,1,1,0,1,0,3
12.0,13.0,1,1,1,1,1,0,0
25.0,68.4,1,0,0,0,0,0,2
24.0,4.9,1,0,0,1,0,0,0
36.8,21.2,1,1,1,1,1,0,2
31.4,68.2,1,0,0,1,0,0,2
24.4,8.7,1,1,1,1,0,0,0
21.1,27.1,1,0,1,0,1,0,0
34.8,56.3,0,0,0,1,1,1,2
23.8,19.8,0,0,0,0,0,1,0
37.0,13.3,1,1,1,1,0,1,2
16.5,61.2,0,0,1,1,0,0,1
34.7,44.5,1,1,1,0,1,1,2
22.1,52.1,1,0,0,0,0,1,1
36.0,25.4,0,1,0,0,0,0,2
39.3,67.8,0,0,0,0,1,0,3
33.5,56.2,1,1,0,1,0,1,2
16.8,28.1,0,0,0,1,0,1,0
22.8,18.6,1,1,1,1,0,1,0
30.7,3.4,1,1,1,1,1,1,1
21.7,19.0,1,1,1,1,0,1,0
13.5,1.6,0,0,0,0,1,0,0
21.0,4.4,0,1,0,1,0,0,0
23.1,51.4,1,1,0,0,1,0,1
19.2,7.9,1,0,1,1,0,0,0
25.8,32.9,0,0,0,1,0,0,1
19.5,29.1,0,0,1,1,0,0,0
25.3,41.0,0,0,1,0,1,0,1
30.2,57.4,1,0,1,1,0,0,2
18.7,24.1,1,1,0,1,0,1,0
18.0,71.8,0,0,1,0,1,1,2
32.5,62.0,0,1,1,0,1,0,2
37.7,19.0,0,1,0,0,1,1,2
17.6,23.4,0,0,1,1,0,0,0
33.2,29.8,0,1,0,0,0,1,2
20.2,29.5,0,1,1,0,1,1,0
16.3,43.4,0,1,1,0,1,0,1
17.1,38.5,1,0,0,1,1,0,1
39.7,23.9,0,0,1,0,0,0,2
21.7,8.8,1,1,1,0,0,0,0
22.7,5.5,1,0,1,1,1,1,0
14.8,23.3,1,1,0,1,0,0,0
36.2,65.9,1,1,0,1,1,0,3
23.7,54.7,0,0,1,1,1,1,1
27.7,47.9,0,1,1,1,1,0,1
25.1,56.2,0,0,0,1,0,0,1
29.0,20.6,0,1,1,0,1,0,1
21.9,19.5,1,1,1,1,1,0,0
36.8,62.1,1,0,0,0,0,0,3
33.3,48.8,1,1,1,1,1,0,2
36.4,54.7,1,1,1,0,1,0,3
30.3,69.0,1,1,1,1,0,0,2
27.2,31.0,0,0,1,1,1,1,1
28.5,63.7,0,0,1,0,0,1,2
35.6,31.3,0,0,1,0,0,1,2
23.6,49.1,1,0,1,0,1,1,1
15.5,70.5,0,0,1,1,0,0,2
21.2,44.5,1,0,0,1,1,0,1
34.1,27.0,0,1,0,1,1,1,2
26.9,39.9,0,0,1,0,0,1,1
34.7,31.6,1,1,0,0,0,1,2
12.1,49.4,0,0,1,1,0,0,1
22.5,59.0,1,0,1,0,0,0,1
38.9,56.2,0,1,1,0,0,0,3
36.6,22.5,0,0,0,1,0,0,2
18.7,20.5,1,0,1,0,1,0,0
15.6,71.5,1,1,0,0,0,0,2
13.1,16.0,0,1,1,1,0,0,0
16.4,24.0,0,0,0,1,0,0,0
25.5,53.3,1,0,0,1,1,0,1
13.7,54.5,0,0,1,0,0,0,1
20.9,6.0,0,1,0,1,1,0,0
15.3,58.5,0,0,0,1,0,0,1
18.2,15.8,1,0,1,1,0,0,0
22.9,7.5,1,0,0,0,1,0,0
37.9,26.3,0,0,1,0,1,0,2
17.0,51.1,0,0,1,0,1,1,1
16.8,38.5,0,1,0,0,0,1,1
33.9,47.5,0,1,1,0,0,0,2
37.1,12.1,1,1,1,1,0,1,2
11.0,6.4,1,1,0,1,1,1,0
32.2,66.7,0,1,1,0,1,0,2
24.9,37.6,0,0,0,1,1,0,1
23.7,16.8,1,0,0,1,1,0,0
25.7,4.1,0,1,1,0,1,0,0
38.1,58.7,1,0,0,0,1,1,3
29.8,46.8,1,0,0,0,0,1,2
19.9,33.9,1,0,0,1,0,1,1
12.8,60.8,1,0,0,1,1,0,1
10.9,7.7,1,0,1,1,1,0,0
26.6,7.5,1,0,0,0,0,1,0
31.3,6.8,1,1,1,1,0,1,1
15.7,67.6,0,1,1,1,0,1,2
38.8,43.0,0,1,1,1,0,0,3
16.3,7.6,1,1,0,0,0,1,0
25.1,60.9,0,1,0,1,0,0,1
20.4,5.6,0,0,0,1,1,0,0
35.4,60.3,0,1,0,0,0,1,3
30.4,50.1,0,0,1,0,0,1,2
27.2,61.5,1,0,0,0,1,1,2
36.0,20.4,1,0,1,1,1,1,2
21.8,60.7,0,0,0,0,1,1,1
30.2,26.6,0,0,0,1,0,1,1
23.5,70.5,0,0,0,1,1,1,2
35.3,36.2,0,0,0,0,0,0,2
25.1,26.2,0,0,0,1,0,1,0
35.4,55.7,1,1,1,1,0,1,3
10.3,14.2,0,1,0,0,1,1,0
22.9,57.0,0,1,1,1,1,0,1
21.0,54.2,0,1,0,1,1,0,1
14.3,34.4,1,0,0,1,1,1,1
31.5,58.6,1,0,0,1,0,1,2
36.5,17.0,0,0,0,0,0,0,2
11.1,49.5,1,1,1,0,1,0,1
14.8,20.6,1,0,0,1,1,1,0
18.2,23.6,1,1,0,1,0,0,0
27.9,28.0,1,0,0,0,0,0,1
16.2,50.8,0,1,1,1,0,0,1
15.2,42.6,0,1,1,0,1,1,1
30.0,3.8,1,0,1,0,1,0,1
38.5,51.2,1,0,0,0,0,1,3
33.7,60.4,1,0,0,1,0,1,2
28.1,51.2,0,1,1,0,0,0,2
25.5,32.5,1,1,0,0,0,1,1
35.1,37.7,1,0,0,0,1,1,2
14.5,33.9,1,1,1,0,1,0,1
39.6,39.1,0,1,0,0,1,1,3
27.3,24.5,0,0,1,0,0,1,1
21.6,31.3,1,1,0,1,1,1,0
12.9,43.2,0,0,1,0,1,1,1
37.3,67.1,0,1,0,0,1,0,3
34.5,28.3,0,1,1,1,0,0,2
15.6,20.9,0,0,0,0,1,1,0
27.1,1.9,1,1,0,0,1,0,0
37.0,40.3,0,0,1,1,1,1,2
35.7,11.2,0,1,1,0,0,1,1
29.5,50.0,0,0,0,0,0,0,2
27.5,25.9,1,0,0,0,0,0,1
25.6,69.3,0,1,1,0,0,1,2
22.0,22.1,0,0,1,0,0,1,0
34.3,26.4,0,1,1,1,0,1,2
12.6,35.5,0,1,1,1,1,1,1
28.0,38.1,1,1,0,1,0,0,1
35.8,48.0,0,1,0,1,0,1,2
33.7,46.6,0,0,1,0,0,0,2
20.2,54.1,1,0,0,0,1,0,1
13.3,70.1,0,0,1,1,1,0,2
27.8,41.4,1,1,0,0,1,0,1
22.6,51.9,0,0,0,1,1,1,1
27.2,54.7,0,1,1,1,1,0,1
34.4,58.7,1,0,0,0,0,0,2
29.2,40.2,0,0,0,0,0,0,1
18.3,27.8,1,0,1,0,0,0,0
20.7,52.1,1,0,1,1,0,1,1
15.9,71.0,0,0,0,0,1,0,2
37.7,15.2,1,0,0,0,1,0,2
34.4,53.5,0,0,0,0,1,0,2
25.0,6.6,0,1,0,1,1,1,0
33.3,64.2,1,0,0,1,0,1,2
34.2,22.4,0,1,0,0,0,1,2
19.3,8.4,0,0,0,0,0,0,0
25.1,37.0,1,0,1,0,0,0,1
16.2,59.1,1,0,0,0,0,1,1
18.3,13.0,1,1,0,1,1,1,0
26.9,38.1,1,1,0,0,1,1,1
31.4,55.6,1,0,0,0,0,0,2
15.9,31.6,0,1,0,1,1,0,0
27.5,32.7,1,1,1,1,0,1,1
31.0,11.5,1,0,0,1,1,0,1
10.2,43.3,1,0,1,0,1,0,1
33.7,18.8,0,1,0,0,1,0,1
18.1,14.3,0,0,1,0,1,1,0
34.9,7.4,1,0,0,0,1,1,1
29.8,44.1,1,0,0,1,0,1,2
10.5,68.6,0,0,1,0,1,0,2
14.3,30.5,0,1,1,0,0,1,0
26.5,61.7,0,0,0,1,0,1,2
38.4,54.3,0,0,1,1,0,1,3
26.7,45.3,1,1,1,1,0,1,1
35.4,36.6,0,0,1,1,1,1,2
10.0,24.5,0,0,1,1,1,0,0
14.5,56.1,1,0,0,1,1,1,1
19.7,20.5,0,1,0,1,0,0,0
19.9,20.3,0,1,0,1,0,0,0
35.1,34.8,0,1,1,0,0,0,2
15.1,15.7,1,1,0,0,1,1,0
27.8,24.4,0,0,0,0,1,1,1
35.9,16.4,1,1,1,1,0,1,2
15.9,1.1,0,0,0,1,1,0,0
15.3,45.7,1,1,0,1,0,1,1
29.6,41.2,0,1,0,1,0,1,1
24.4,31.9,1,1,1,1,1,0,0
22.5,53.6,1,1,1,1,0,0,1
25.9,17.3,1,0,0,1,1,0,0
16.0,25.5,0,1,1,0,1,0,0
32.9,50.7,1,1,1,0,0,1,2
31.7,52.1,1,0,1,1,0,0,2
33.3,8.0,0,1,1,0,1,1,1
32.7,55.8,1,1,1,1,1,1,2
26.1,51.0,1,0,0,0,0,1,1
29.0,54.8,1,1,1,1,1,0,2
15.2,8.2,0,1,1,1,1,1,0
29.9,13.5,1,1,0,0,1,1,1
36.2,36.5,1,1,0,0,0,0,2
21.9,26.4,0,0,0,1,0,1,0
32.4,5.6,1,0,1,1,1,0,1
34.4,18.5,0,0,1,1,1,0,1
27.6,42.7,0,1,0,0,1,1,1
23.0,6.7,0,0,1,1,1,1,0
25.0,42.4,0,1,0,0,1,1,1
29.1,13.0,1,1,0,1,1,0,1
17.7,37.9,1,0,0,1,1,1,1
10.8,11.0,0,0,1,0,0,1,0
10.8,55.3,1,0,0,1,1,1,1
29.9,7.6,1,1,1,1,1,1,1
13.3,3.6,1,0,0,0,0,1,0
24.6,6.8,1,0,0,1,0,0,0
19.5,62.0,1,0,0,0,0,0,1
37.6,34.4,0,0,1,1,0,0,2
33.8,17.0,0,0,0,1,1,0,1
38.1,28.6,1,0,0,0,1,0,2
37.4,40.1,0,0,0,1,1,0,2
13.1,54.7,1,1,0,0,0,0,1
30.8,5.7,0,1,1,1,1,0,1
26.3,46.5,1,0,1,0,1,0,1
27.8,38.5,1,0,1,0,1,1,1
24.5,48.4,1,0,1,1,0,1,1
22.0,31.2,0,1,0,1,1,1,0
14.7,40.7,1,1,1,1,0,1,1
27.3,49.2,1,1,1,1,0,1,1
11.1,21.6,0,1,0,1,1,1,0
39.9,54.8,0,0,0,1,0,0,3
31.9,36.8,0,1,1,0,1,1,2
14.9,25.5,1,0,0,0,0,0,0
21.7,53.9,1,1,0,0,0,0,1
14.1,59.3,0,0,1,0,0,0,1
36.2,47.9,1,1,0,1,0,0,2
13.7,71.4,1,0,1,1,0,1,2
14.3,2.1,1,0,1,1,1,1,0
15.5,22.9,0,1,0,0,0,1,0
23.0,8.6,0,0,0,1,1,0,0
12.2,20.6,1,0,1,1,0,1,0
30.0,25.9,1,1,0,0,0,1,1
26.7,70.6,0,0,0,0,1,1,2
32.9,17.6,0,1,0,1,0,1,1
30.6,37.1,1,0,0,0,1,0,1
28.7,34.2,1,1,0,0,0,0,1
39.9,37.0,0,0,0,1,1,0,3
29.3,53.6,1,1,1,1,1,1,2
23.9,38.5,1,1,0,0,0,0,1
15.1,16.4,0,1,0,1,0,0,0
36.2,15.6,0,1,1,0,0,1,2
28.5,38.4,1,0,1,1,0,0,1
37.1,32.7,0,1,0,1,0,0,2
32.0,18.4,0,1,1,1,0,0,1
17.8,2.6,1,1,1,0,0,0,0
18.0,18.8,1,1,0,0,0,1,0
37.4,64.1,0,1,0,1,0,0,3
10.9,50.7,0,1,1,1,0,0,1
22.4,16.1,0,0,1,1,0,1,0
22.0,43.3,0,1,0,1,0,1,1
15.6,48.1,1,1,0,1,0,0,1
27.4,55.0,1,1,1,0,0,1,2
18.6,16.1,1,0,1,0,0,0,0
25.2,71.0,1,1,0,0,1,0,2
28.7,9.5,0,1,1,1,1,1,0
20.0,36.4,1,0,1,1,1,0,1
28.1,36.7,1,1,0,0,1,0,1
32.0,37.6,0,0,0,1,0,1,2
33.3,70.4,1,1,1,0,1,1,3
11.0,49.3,1,0,1,0,0,0,1
36.2,21.5,1,1,1,1,0,1,2
28.1,19.0,0,1,1,1,1,1,1
38.4,50.7,0,1,0,0,0,0,3
24.1,62.7,1,0,0,0,0,0,1
26.8,68.5,1,0,1,0,0,0,2
36.0,66.3,0,1,0,0,0,1,3
27.9,67.9,1,0,0,1,0,0,2
23.9,68.5,1,0,1,1,1,1,2
14.7,21.6,0,1,1,1,0,1,0
26.0,18.7,1,1,0,1,1,1,0
28.3,52.5,0,0,1,0,0,1,2
26.9,23.1,1,1,0,1,1,1,1
11.4,61.5,1,0,0,1,1,0,1
33.6,10.5,0,0,0,0,0,0,1
12.8,35.7,0,1,1,0,0,0,1
15.3,16.2,1,0,0,1,0,0,0
11.1,71.8,1,1,1,0,0,1,2
21.7,45.2,0,0,0,0,1,1,1
28.5,30.4,1,0,1,1,1,1,1
29.9,30.3,1,1,0,0,0,0,1
26.4,42.6,0,0,1,1,0,0,1
17.3,60.5,0,1,0,1,1,0,1
20.5,27.7,0,1,1,0,1,0,0
22.2,29.8,1,1,1,1,1,0,0
26.7,53.7,1,0,0,1,1,1,1
27.2,62.5,0,0,0,0,1,1,2
11.6,6.8,1,1,0,0,0,1,0
32.6,44.4,1,1,1,0,0,0,2
23.8,17.1,0,0,1,0,1,0,0
21.6,11.2,1,0,1,1,0,1,0
31.7,46.0,0,1,1,0,1,0,2
10.1,12.5,0,1,1,0,1,0,0
34.3,2.8,1,0,0,0,0,1,1
12.6,69.0,1,0,0,1,0,0,2
21.3,33.7,1,0,0,1,1,1,1
36.6,58.7,0,0,1,1,0,0,3
30.3,39.5,0,1,0,1,0,0,2
34.7,14.1,1,1,1,0,1,1,1
19.6,30.6,0,1,0,0,0,0,0
26.6,25.0,1,0,0,1,0,1,1
19.2,65.0,1,0,1,1,1,1,1
25.8,66.5,0,0,0,0,0,0,2
36.6,15.6,0,0,0,0,1,1,2
29.5,55.5,1,0,0,0,0,1,2
30.2,58.6,1,1,0,0,0,0,2
27.6,55.5,0,0,0,1,0,1,2
35.4,58.6,0,1,0,1,1,1,3
14.5,59.7,1,0,1,1,1,1,1
30.7,17.7,0,0,1,1,0,1,1
38.1,23.4,1,1,1,1,1,0,2
29.4,42.5,0,0,1,0,0,0,1
24.8,33.6,0,0,0,0,0,0,1
18.8,52.6,1,1,0,1,1,0,1
30.4,67.7,1,1,1,0,1,1,2
20.0,11.9,1,0,1,0,1,0,0
12.1,19.1,0,0,1,1,0,0,0
11.7,63.5,0,1,0,1,1,1,1
18.8,26.6,1,1,0,0,0,1,0
23.7,62.9,1,1,1,1,1,1,1
13.7,6.7,0,1,1,1,0,0,0
14.9,58.3,1,1,1,0,0,0,1
32.9,67.5,1,1,1,1,0,1,3
29.4,41.4,1,0,0,0,0,0,1
26.3,57.4,1,0,0,0,0,0,1
21.2,42.2,0,0,1,0,0,0,1
11.4,45.8,1,0,1,1,1,1,1
29.8,51.6,1,0,0,0,0,1,2
32.0,22.8,1,0,1,1,0,0,1
24.3,48.8,0,1,0,0,0,0,1
24.3,69.0,1,0,0,1,1,0,2
37.1,66.6,1,1,0,1,0,0,3
33.1,9.1,0,1,0,0,0,0,1
15.2,12.0,1,1,0,1,0,0,0
29.0,59.4,1,1,1,0,1,0,2
39.3,32.6,1,1,1,0,1,1,2
38.2,8.9,1,0,0,1,1,0,2
30.8,60.8,1,1,0,0,1,0,2
27.8,10.2,1,0,1,1,0,1,0
34.2,49.0,0,1,0,1,0,0,2
24.1,56.3,1,0,0,0,1,0,1
16.5,41.6,1,0,1,0,1,1,1
19.3,5.5,0,1,0,0,1,1,0
34.9,49.0,0,0,1,0,1,0,2
17.1,65.2,1,1,0,0,0,1,1
17.1,49.7,1,0,0,1,0,1,1
39.9,19.2,0,1,0,0,0,1,2
39.4,2.6,0,0,1,1,1,0,2
23.0,68.8,0,0,1,1,0,1,2
32.4,59.3,0,0,0,1,0,0,2
15.0,2.2,0,1,1,0,1,1,0
11.3,35.4,1,0,0,1,0,0,1
21.2,39.1,1,0,0,0,1,1,1
37.7,19.5,1,0,0,1,0,0,2
17.3,15.9,1,0,0,1,1,1,0
23.5,21.4,1,1,1,0,1,0,0
18.5,3.5,1,1,1,1,1,0,0
12.5,6.1,0,0,0,0,0,0,0
11.8,41.3,0,1,0,0,0,1,1
12.3,58.4,0,1,1,1,0,0,1
18.6,39.1,1,0,0,1,0,1,1
15.4,52.8,1,1,1,0,1,0,1
21.9,30.3,1,0,1,1,1,1,0
25.6,14.2,1,1,0,0,1,1,0
14.6,29.3,0,1,1,0,0,1,0
26.0,57.7,1,0,1,0,0,0,1
34.4,59.6,1,1,0,1,0,0,3
37.5,11.7,1,1,0,0,1,0,2
32.2,22.7,1,1,0,1,0,1,1
11.8,63.2,0,0,1,1,1,0,1
10.9,65.8,1,1,1,1,1,0,1
20.5,23.4,0,1,0,1,0,0,0
35.4,55.4,0,0,1,1,0,1,3
27.4,17.2,1,1,0,0,0,0,0
32.8,48.9,1,0,1,1,1,1,2
28.5,17.7,0,0,0,0,1,1,1
17.2,44.6,1,0,0,1,1,0,1
29.5,4.1,0,0,0,0,0,1,1
19.0,37.2,1,0,0,1,0,1,1
23.0,42.9,0,0,0,1,0,0,1
36.1,71.1,1,1,1,0,0,0,3
10.4,36.6,0,1,0,1,1,1,1
37.0,40.0,0,1,0,0,0,1,2
26.8,42.4,0,0,1,1,1,0,1
27.5,14.8,1,1,1,0,0,0,0
23.6,41.0,0,1,0,0,1,1,1
17.8,45.0,0,1,0,1,0,0,1
18.0,49.3,0,1,0,1,1,0,1
28.6,60.3,0,0,0,1,1,0,2
12.7,19.3,1,1,0,1,1,0,0
22.1,14.7,0,0,1,1,0,1,0
16.3,47.9,0,0,0,0,1,1,1
20.0,25.3,1,1,0,0,1,0,0
21.4,47.4,1,1,0,0,1,0,1
10.4,34.6,1,0,0,0,1,0,1
39.0,65.2,0,1,1,1,1,1,3
17.3,29.5,1,1,0,1,1,0,0
34.4,36.7,0,1,0,1,1,0,2
28.6,35.1,1,0,1,0,1,1,1
31.2,33.7,0,0,1,0,1,0,1
23.7,69.6,1,1,0,1,0,1,2
22.0,18.3,1,1,0,1,1,1,0
33.3,39.0,0,1,1,0,1,0,2
39.4,68.7,0,0,1,0,0,1,3
36.7,33.5,1,1,1,0,0,0,2
11.3,45.5,1,0,0,0,0,1,1
12.0,51.8,0,0,1,0,1,0,1
15.0,39.1,1,0,0,0,1,0,1
35.6,67.8,1,1,1,1,0,0,3
31.4,4.1,0,0,0,1,0,0,1
20.9,68.1,0,1,0,0,0,0,2
31.8,24.2,0,0,0,1,1,1,1
35.4,8.0,0,0,0,0,1,0,1
12.1,67.2,0,0,0,0,0,1,2
28.9,70.0,1,1,1,0,1,1,2
31.2,7.8,0,1,0,1,0,1,1
35.1,50.3,1,0,0,0,0,1,2
34.0,66.9,1,1,0,0,0,0,3
36.4,11.1,1,0,0,0,1,0,2
18.6,6.7,1,0,0,0,1,0,0
31.4,20.8,0,0,1,0,1,1,1
13.9,47.7,0,0,0,1,0,1,1
27.6,11.1,0,0,0,0,0,1,0
24.5,24.3,1,0,1,0,0,0,0
12.1,22.0,1,1,1,0,0,1,0
22.6,18.2,0,0,0,1,1,1,0
10.7,43.5,0,1,0,0,1,1,1
22.6,26.2,1,1,1,0,1,1,0
10.6,26.9,1,1,1,0,1,1,0
29.5,8.3,0,1,0,1,0,1,1
14.5,66.4,1,1,0,1,0,0,2
33.7,68.2,1,0,1,1,1,0,3
20.3,39.6,1,1,0,1,0,1,1
31.4,55.4,1,0,0,0,1,0,2
35.0,63.0,0,0,1,1,1,1,3
39.4,2.2,1,1,0,1,0,1,2
27.9,8.9,0,1,0,1,1,0,0
21.3,55.2,0,1,0,0,1,0,1
36.9,56.3,1,0,0,1,1,0,3
23.6,58.3,0,1,0,0,0,1,1
21.4,6.7,1,1,1,1,1,0,0
36.7,20.7,0,0,1,1,0,1,2
32.8,11.6,0,0,0,0,0,0,1
14.3,31.9,1,0,0,1,0,0,0
28.5,63.6,1,0,1,1,0,0,2
24.7,20.7,0,1,0,0,1,1,0
16.0,47.6,0,1,1,1,1,1,1
27.2,48.3,1,1,0,0,1,0,1
19.0,27.6,1,0,1,1,0,0,0
23.6,56.6,0,1,1,1,0,1,1
21.2,5.8,1,0,1,0,1,1,0
18.6,57.8,1,0,1,0,1,1,1
14.5,64.4,0,1,0,0,0,0,1
23.6,41.7,0,1,1,0,1,0,1
35.8,68.0,1,1,0,1,0,1,3
14.8,22.1,1,1,1,1,0,1,0
11.2,48.7,0,1,0,0,1,0,1
10.0,29.3,0,1,1,1,1,0,0
12.3,58.7,1,1,1,1,0,1,1
29.1,3.7,1,0,0,1,0,0,1
34.9,20.1,0,0,1,1,0,1,2
16.7,14.1,0,0,1,1,0,0,0
30.5,34.5,0,0,1,0,0,0,1
21.0,56.2,0,1,1,1,1,0,1
23.1,66.0,0,0,0,1,0,1,2
36.7,6.0,1,1,0,0,0,1,2
32.3,16.1,1,0,1,1,0,1,1
23.2,41.3,1,0,1,1,1,0,1
12.3,71.4,0,1,1,1,1,0,2
36.0,31.8,0,1,0,0,0,0,2
20.9,4.0,1,0,1,0,0,0,0
31.7,41.1,0,0,1,1,1,1,2
24.4,51.2,1,0,1,1,1,1,1
17.9,38.5,1,1,0,1,0,0,1
38.8,46.3,1,0,0,0,1,1,3
25.5,46.3,1,1,1,0,0,0,1
28.5,40.6,1,0,1,1,0,0,1
18.7,42.2,0,1,1,0,0,0,1
29.2,62.8,0,1,1,0,1,0,2
18.5,64.8,1,0,0,1,1,1,1
33.5,54.2,0,0,0,0,1,0,2
20.3,72.0,0,1,0,1,1,1,2
19.4,53.1,0,1,0,0,0,0,1
25.2,13.4,0,1,0,1,0,1,0
37.7,30.6,0,1,0,1,0,1,2
39.0,23.6,1,0,0,1,0,1,2
25.7,55.0,0,1,0,0,0,0,1
25.2,13.1,0,0,0,0,0,1,0
31.8,44.6,1,0,1,1,1,1,2
24.0,39.4,0,1,0,0,0,0,1
15.9,61.9,1,1,0,1,0,0,1
14.3,8.6,1,1,1,0,0,0,0
31.3,37.1,1,1,0,1,1,1,2
14.5,15.6,0,0,1,1,1,1,0
19.7,40.0,0,1,0,0,1,0,1
20.1,7.7,1,0,0,1,0,1,0
15.7,29.6,0,1,1,0,1,0,0
31.7,57.7,0,1,0,1,1,0,2
29.8,22.4,0,1,0,0,0,1,1
15.3,17.0,1,1,1,0,0,1,0
19.5,4.4,0,1,1,0,0,1,0
20.6,41.4,1,0,1,1,0,1,1
27.0,62.3,0,0,0,1,0,0,2
34.2,12.7,0,1,1,1,1,1,1
10.4,57.9,0,0,0,0,1,1,1
26.3,48.8,1,1,0,0,0,1,1
24.7,17.8,1,0,0,0,0,1,0
36.6,60.9,0,1,0,1,0,1,3
28.4,51.4,0,1,1,0,0,1,2
22.3,23.4,0,1,1,0,1,1,0
32.0,68.9,1,0,0,0,1,1,2
11.7,28.2,0,0,1,1,0,1,0
26.7,28.3,1,0,0,0,1,1,1
16.0,61.9,1,0,1,0,0,0,1
29.0,17.7,1,1,0,0,1,1,1
27.5,71.5,1,0,0,0,0,0,2
19.2,34.4,0,1,0,1,0,0,1
24.0,47.8,0,0,0,0,1,0,1
10.8,3.9,1,1,0,1,0,1,0
26.1,58.1,1,1,1,0,1,1,1
24.0,15.5,0,0,1,0,1,0,0
35.8,7.0,0,0,0,1,0,1,1
34.0,68.7,1,0,0,1,0,0,3
26.7,70.1,1,0,0,1,1,0,2
34.4,47.1,1,1,1,1,0,0,2
18.0,31.4,0,0,1,0,0,0,0
21.4,24.5,0,1,0,1,1,0,0
28.6,1.2,1,0,0,0,1,1,0
38.2,17.0,1,1,1,1,0,0,2
20.9,41.6,0,1,1,0,1,1,1
21.4,12.4,1,1,1,0,0,0,0
33.7,25.1,0,1,0,0,0,0,2
15.2,4.8,1,1,0,1,0,1,0
10.1,43.3,0,0,1,0,0,0,1
16.0,15.7,1,1,0,0,0,1,0
18.0,59.3,0,0,1,0,0,1,1
21.8,32.1,0,0,1,1,1,1,0
27.7,35.3,0,1,1,0,1,1,1
19.5,30.3,1,1,0,0,0,0,0
22.6,7.7,1,0,1,1,1,0,0
28.0,35.8,0,1,0,0,0,1,1
33.6,33.2,0,0,1,1,1,0,2
33.4,33.9,0,1,0,0,0,1,2
29.2,61.4,1,1,0,1,0,1,2
38.7,46.9,1,1,1,1,1,0,3
36.3,27.7,0,0,0,0,0,1,2
15.3,45.5,0,0,0,0,0,0,1
34.4,42.9,0,1,0,1,0,1,2
25.8,46.8,0,0,1,0,0,0,1
22.1,50.3,0,0,0,0,1,1,1
10.8,33.2,0,0,0,1,0,1,1
26.8,31.5,1,0,0,0,0,1,1
29.1,66.8,1,1,0,0,0,0,2
26.7,37.1,0,1,0,0,0,0,1
34.2,25.4,1,1,0,1,1,0,2
31.8,2.4,0,0,1,1,1,0,1
28.0,23.7,0,0,1,0,0,1,1
39.1,69.2,1,0,0,0,0,1,3
34.8,37.1,1,1,1,1,1,1,2
16.5,53.4,1,0,0,0,0,1,1
17.1,57.1,0,1,0,1,1,1,1
31.5,40.6,1,1,1,0,0,1,2
34.1,23.6,0,0,1,1,0,0,2
38.9,37.6,0,1,1,0,0,0,3
17.2,65.1,1,0,0,1,1,1,1
28.0,1.3,0,1,1,0,1,0,0
19.1,35.4,1,0,1,1,0,1,1
16.9,66.8,1,0,0,0,1,1,2
11.6,41.6,0,0,1,0,0,1,1
16.2,4.2,1,0,1,0,0,0,0
20.7,68.9,1,1,0,0,0,1,2
14.0,29.5,1,0,1,1,0,0,0
20.7,2.1,0,0,1,1,0,0,0
15.9,41.0,1,1,1,0,0,0,1
29.1,55.3,1,0,1,0,0,0,2
19.7,15.1,0,1,0,0,1,1,0
36.9,67.3,0,1,0,0,0,0,3
29.8,11.3,0,0,0,1,0,1,1
26.7,14.1,0,1,0,0,1,1,0
36.5,63.8,1,1,0,1,1,1,3
34.2,42.9,1,0,1,0,1,0,2
19.4,63.0,1,0,1,0,0,0,1
35.8,48.1,0,0,0,0,1,1,2
18.5,53.0,1,1,0,1,1,0,1
22.5,37.0,0,1,0,1,1,0,1
22.7,6.5,0,0,0,0,0,0,0
15.8,50.1,0,0,0,1,1,1,1
21.5,21.7,1,0,1,0,1,1,0
14.3,53.5,0,0,1,1,1,1,1
28.0,19.5,1,1,1,1,0,1,1
39.9,51.3,0,1,0,1,1,0,3
19.3,35.5,0,0,1,1,0,1,1
30.4,51.0,1,1,0,0,1,0,2
30.4,45.6,0,0,0,0,0,0,2
36.2,55.4,0,0,0,1,1,1,3
20.9,45.1,0,1,0,1,0,0,1
35.4,27.8,0,0,1,1,1,0,2
26.0,61.3,0,0,1,0,1,0,2
25.3,43.7,0,0,0,1,0,1,1
20.3,52.3,1,1,0,1,1,0,1
10.4,55.9,0,0,0,1,0,1,1
37.3,11.5,0,0,0,0,1,1,2
17.2,35.6,0,1,0,0,1,1,1
16.0,62.6,0,0,0,1,0,0,1
20.2,39.4,1,1,0,1,1,1,1
28.5,26.4,0,0,0,1,1,1,1
27.9,23.7,1,0,0,1,1,0,1
37.4,49.7,1,0,1,1,1,0,3
21.8,52.1,1,1,1,1,1,1,1
30.4,58.8,1,1,1,0,1,1,2
34.8,53.8,1,1,1,0,0,0,2
38.6,5.1,0,0,1,1,1,1,2
13.7,55.4,1,0,0,0,0,1,1
18.8,24.8,0,1,0,0,1,1,0
17.9,59.6,0,1,1,0,1,0,1
11.2,50.1,1,0,0,1,1,0,1
38.5,20.8,0,1,1,0,0,1,2
20.8,1.8,0,0,1,0,1,1,0
30.1,41.8,1,1,1,1,0,1,2
12.3,25.7,1,1,0,0,1,0,0
26.4,61.5,1,0,1,0,0,0,2
22.9,34.5,1,0,0,0,1,0,1
27.9,4.1,0,0,1,1,1,1,0
11.2,68.6,0,1,1,1,0,0,2
29.2,20.5,1,0,0,1,1,0,1
13.3,46.7,0,1,0,0,0,1,1
11.1,16.0,1,0,0,1,1,1,0
36.6,27.4,1,0,0,1,0,0,2
11.2,8.3,0,1,0,1,0,0,0
20.9,71.2,1,0,0,1,0,0,2
37.9,48.0,1,0,0,1,1,1,3
23.4,7.3,1,1,1,1,0,1,0
11.2,39.9,0,1,1,0,1,1,1
20.3,4.1,1,0,0,0,0,0,0
38.4,28.7,1,0,1,0,1,0,2
13.0,62.6,1,1,0,1,0,0,1
24.3,33.8,0,0,0,0,0,1,1
21.3,6.2,0,0,1,1,0,1,0
35.4,42.8,1,1,0,0,0,1,2
24.6,47.1,0,1,1,0,0,0,1
24.4,20.9,0,0,1,0,0,1,0
17.4,11.5,1,1,0,0,0,0,0
18.8,2.3,0,0,1,1,1,1,0
36.6,25.8,1,0,0,0,0,1,2
14.1,63.4,1,0,1,1,1,1,1
28.7,29.9,1,0,0,1,0,1,1
33.4,35.8,0,0,1,1,1,1,2
22.4,3.9,1,0,1,1,0,0,0
28.8,70.2,0,1,1,1,1,1,2
25.7,12.5,1,0,1,1,1,1,0
30.4,32.1,1,1,0,1,1,0,1
39.1,44.1,0,0,1,0,1,1,3
18.4,8.8,1,1,0,0,0,0,0
38.2,61.9,0,1,1,1,0,1,3
20.1,20.3,1,1,0,1,0,0,0
16.2,17.0,1,0,1,1,1,0,0
17.6,25.2,1,0,1,0,0,1,0
24.3,42.3,0,1,1,0,1,1,1
34.8,23.2,1,1,1,1,0,1,2
25.6,43.8,1,1,1,0,1,1,1
21.1,6.5,0,0,1,0,0,1,0
23.6,30.0,1,1,1,0,0,0,0
19.3,28.3,0,0,1,0,0,0,0
13.3,46.6,0,1,0,1,1,0,1
26.1,15.4,0,1,1,1,0,1,0
22.6,71.8,0,1,0,1,1,0,2
38.1,23.0,0,1,1,0,1,0,2
12.9,22.5,1,0,1,0,1,0,0
27.5,43.6,0,1,0,0,1,1,1
22.2,28.6,0,0,0,1,0,0,0
31.3,17.0,0,1,0,0,0,1,1
31.8,14.9,1,1,1,0,1,1,1
15.4,36.0,1,1,0,1,1,1,1
38.5,52.2,0,1,1,1,1,1,3
13.2,67.9,1,0,0,1,1,1,2
25.1,44.4,1,1,1,0,0,1,1
26.3,8.7,0,0,1,1,0,1,0
35.0,21.6,1,0,1,0,1,0,2
11.1,40.1,0,0,1,0,0,1,1
12.8,42.5,1,0,0,0,0,1,1
38.3,20.1,0,0,0,0,0,0,2
18.9,34.2,1,1,0,1,1,1,1
17.1,33.4,0,0,1,0,0,1,1
27.8,54.4,1,0,0,0,1,1,2
23.3,30.9,1,1,0,1,0,1,0
39.6,40.7,1,0,1,0,0,0,3
22.7,35.7,0,0,1,0,1,1,1
22.1,1.3,0,1,0,1,0,0,0
34.2,47.1,0,1,1,0,1,0,2
32.1,54.2,0,1,0,0,1,1,2
24.5,35.6,0,1,0,1,1,0,1
28.2,49.4,0,0,1,1,1,1,1
33.8,19.0,0,0,0,0,1,1,1
14.3,49.4,1,1,0,0,1,1,1
13.8,61.7,0,0,0,1,0,0,1
13.8,61.2,0,1,0,0,0,0,1
33.3,62.8,1,1,1,1,0,1,2
10.1,9.1,0,1,0,0,1,1,0
35.8,32.2,0,1,0,1,0,0,2
29.4,63.4,0,1,1,1,0,0,2
15.7,71.4,1,0,1,1,1,1,2
23.2,57.5,1,1,1,0,0,1,1
26.3,38.9,0,1,1,0,0,1,1
22.8,59.9,0,1,0,0,1,0,1
28.1,29.0,0,0,0,0,1,0,1
23.3,17.5,1,1,1,1,1,0,0
36.9,19.5,1,0,0,0,0,1,2
37.1,67.4,0,1,1,1,1,0,3
28.3,31.3,0,0,1,1,1,1,1
14.4,69.0,0,1,1,0,0,0,2
18.7,41.6,0,1,1,1,0,1,1
17.3,3.4,0,1,0,0,0,1,0
16.5,51.3,0,1,1,0,0,1,1
23.1,27.6,1,1,0,0,0,0,0
38.4,44.5,0,1,0,1,1,0,3
11.9,19.2,1,1,1,0,0,0,0
30.0,32.4,0,0,1,0,1,0,1
38.6,3.3,1,0,1,0,1,0,2
18.3,31.5,0,1,1,1,1,1,0
39.1,63.8,0,0,0,1,1,0,3
35.1,70.1,1,0,0,1,0,0,3
37.7,15.5,1,0,1,0,0,0,2
39.4,2.5,1,0,1,0,1,1,2
24.1,49.0,0,1,1,1,0,1,1
11.2,30.9,0,1,0,0,1,0,0
12.8,67.4,1,1,1,0,0,1,2
34.2,41.2,1,0,0,1,0,0,2
34.2,65.1,0,1,1,1,0,0,3
37.6,61.1,1,0,1,0,1,0,3
37.6,6.8,0,0,0,0,0,1,2
31.9,49.0,0,1,1,1,1,1,2
12.9,71.7,1,0,0,1,0,1,2
31.0,17.7,1,1,0,1,0,0,1
15.9,64.7,1,0,0,1,0,1,1
34.8,29.1,1,0,1,0,1,1,2
36.7,60.2,0,1,0,1,0,0,3
16.1,10.9,1,1,1,1,1,0,0
39.9,2.6,1,1,1,1,1,0,2
14.2,63.8,0,1,1,1,0,0,1
32.6,61.8,0,0,1,0,0,0,2
29.5,58.7,1,1,0,0,0,0,2
24.3,13.0,0,0,1,1,1,1,0
37.5,57.8,1,1,1,0,0,0,3
26.4,70.0,0,0,0,0,0,0,2
29.8,23.2,1,0,0,1,0,0,1
39.6,67.0,0,1,1,1,0,0,3
33.3,50.4,0,1,0,0,0,0,2
25.8,46.4,1,1,0,0,0,0,1
17.9,16.9,1,1,0,1,1,1,0
28.4,29.6,1,0,0,0,1,1,1
15.6,16.3,0,0,1,1,1,1,0
15.6,55.2,0,0,1,1,0,1,1
23.0,36.8,0,0,1,1,1,1,1
39.8,32.2,1,0,1,0,1,1,2
36.6,58.4,1,1,0,1,1,1,3
28.7,29.1,0,0,1,1,1,1,1
21.6,55.7,0,1,0,1,0,0,1
12.8,17.6,0,1,1,0,1,0,0
35.9,67.7,1,1,1,0,1,1,3
14.1,46.6,0,1,0,1,1,1,1
37.2,30.4,1,1,0,0,0,0,2
19.5,51.7,0,0,0,0,0,1,1
30.2,22.6,0,1,0,1,0,0,1
10.9,51.0,1,0,0,1,1,1,1
22.7,66.8,1,0,1,1,1,0,2
18.4,1.2,1,0,0,0,0,0,0
15.2,66.3,1,1,1,0,1,1,2
25.1,9.4,1,1,0,0,1,1,0
22.5,52.6,1,1,1,0,1,0,1
17.8,51.7,0,0,0,0,0,1,1
36.2,36.7,1,0,1,1,1,0,2
30.6,30.9,0,1,1,1,0,1,1
33.2,32.5,1,1,1,1,0,1,2
38.2,22.3,1,0,1,1,1,1,2
35.7,29.8,1,1,1,0,0,0,2
37.9,15.7,0,0,0,1,0,1,2
36.8,36.2,1,1,0,0,1,0,2
39.5,34.0,1,1,0,1,1,1,3
18.3,9.6,0,1,0,1,0,1,0
29.7,9.7,0,1,0,0,1,0,1
26.1,69.4,0,0,0,0,0,1,2
38.8,32.1,0,1,0,1,1,0,2
37.1,28.4,0,1,0,1,0,1,2
24.3,66.3,0,1,0,0,0,0,2
17.3,47.1,1,1,1,0,1,0,1
23.5,23.8,0,0,1,0,1,1,0
11.3,61.8,1,1,1,0,0,0,1
11.0,34.3,1,1,0,0,0,1,1
25.3,22.3,0,0,1,1,0,0,0
11.5,64.5,0,0,1,1,1,0,1
27.9,3.6,1,0,0,0,1,0,0
38.2,31.5,1,1,1,0,1,0,2
19.4,59.0,1,0,1,0,0,0,1
30.6,34.4,0,1,1,1,1,1,1
23.6,60.5,1,1,1,1,0,1,1
32.4,55.5,1,1,0,0,1,0,2
33.5,29.6,0,0,1,0,1,1,2
23.8,66.3,0,0,0,0,1,0,2
24.0,55.0,1,1,0,1,0,1,1
35.5,49.6,1,1,1,0,0,0,2
39.5,19.0,1,1,0,1,1,1,2
23.4,19.0,0,0,1,1,0,0,0
18.2,47.4,0,1,0,0,1,0,1
33.2,64.1,1,0,1,1,1,1,2
38.7,22.3,1,0,0,1,1,1,2
16.1,17.5,1,0,1,0,0,0,0
29.3,42.7,1,1,1,0,0,1,1
22.0,41.4,1,0,0,1,0,0,1
22.9,14.8,1,1,0,1,1,0,0
23.0,32.7,1,1,1,1,1,1,1
