tempo_decantacao_h,temperatura_decantacao_c,tanque_limpio_sanitizado,cobertura_anti_pragas,remocao_espuma_impurezas,material_tanque_inox_grau_alimentar,claridade_visual_nota,lote_identificado,probabilidade
50.8,27.8,1,0,1,0,0.0,1,3
2.0,30.7,1,0,1,1,1.0,0,2
18.6,18.4,0,0,0,0,1.0,1,1
32.8,27.4,1,1,0,1,0.0,1,3
20.5,20.0,1,0,1,1,2.0,0,0
24.5,22.4,0,1,1,0,2.0,0,0
31.3,19.0,0,1,0,0,1.0,0,2
71.4,30.2,1,1,1,0,1.0,0,3
46.7,19.0,0,1,0,0,1.0,1,2
3.6,21.7,0,0,0,1,0.0,1,3
12.3,18.9,0,0,0,0,1.0,0,2
58.0,33.4,0,0,1,1,0.0,0,3
4.1,23.6,1,1,0,0,0.0,1,3
24.1,32.9,0,1,0,0,1.0,0,1
13.4,27.0,1,0,1,1,1.0,0,2
66.2,27.1,0,0,1,0,1.0,0,3
44.1,19.6,1,1,1,0,1.0,1,2
65.4,18.3,1,0,0,0,1.0,1,3
37.9,28.2,1,0,1,0,2.0,1,1
53.5,21.7,0,1,1,1,1.0,1,3
38.7,21.2,0,0,0,1,1.0,1,2
36.3,27.1,1,0,0,0,2.0,1,1
22.7,23.1,1,1,1,0,1.0,1,1
30.8,26.8,1,0,1,1,0.0,1,2
12.3,28.0,0,0,0,0,2.0,0,1
39.7,19.3,0,1,0,1,1.0,1,2
39.2,34.9,1,0,1,1,0.0,1,3
41.3,18.4,1,0,0,0,2.0,0,1
33.3,20.7,1,0,1,0,1.0,0,2
25.4,32.0,1,1,1,1,1.0,1,1
21.7,18.6,1,1,1,1,0.0,1,2
17.5,29.7,1,1,1,0,1.0,0,2
51.9,32.9,0,0,0,0,1.0,0,3
69.3,27.5,0,0,0,0,1.0,0,3
66.6,28.6,1,1,1,1,0.0,1,3
46.7,32.2,0,1,0,1,1.0,1,2
30.8,20.4,1,1,1,1,1.0,1,2
53.7,30.7,0,1,1,0,2.0,0,2
54.1,26.7,1,0,1,0,1.0,0,3
67.2,21.1,0,0,0,0,1.0,0,3
6.8,30.5,1,1,1,0,0.0,0,3
39.1,22.5,0,0,1,0,1.0,0,2
14.8,19.1,0,0,0,0,1.0,0,2
3.2,31.8,0,1,1,0,1.0,0,2
61.2,27.8,1,1,0,0,0.0,1,3
55.9,29.4,1,1,1,1,1.0,1,3
68.6,28.1,1,0,0,0,2.0,1,2
66.4,18.6,1,0,0,0,2.0,1,2
29.8,21.0,0,1,0,0,2.0,0,0
28.3,28.8,1,0,1,0,0.0,0,2
30.4,30.0,1,0,1,1,1.0,0,2
71.2,23.0,1,0,1,0,1.0,0,3
7.2,21.4,0,1,1,1,0.0,0,3
5.3,23.2,1,0,1,1,2.0,0,1
46.9,23.2,0,1,1,0,2.0,1,2
28.0,27.8,1,0,1,1,1.0,1,1
39.4,30.6,0,0,0,1,2.0,0,1
39.1,30.0,1,1,0,0,1.0,0,2
7.1,20.9,0,1,1,1,1.0,1,2
25.9,32.5,0,0,0,1,0.0,1,2
26.4,28.2,0,0,1,0,2.0,1,0
37.4,22.4,0,0,1,1,0.0,0,3
71.0,27.3,0,0,0,0,2.0,1,2
11.0,21.5,0,1,0,0,2.0,1,1
64.4,23.3,1,0,1,0,1.0,1,3
30.9,30.1,0,1,0,1,0.0,1,2
59.2,21.2,1,0,1,0,1.0,1,3
15.4,28.8,0,1,1,0,1.0,1,2
19.9,29.4,0,0,0,0,1.0,0,1
51.5,34.5,1,0,0,0,1.0,1,3
51.3,33.7,0,0,0,1,1.0,1,3
40.0,28.1,0,1,1,1,2.0,0,1
18.5,29.3,1,1,1,0,1.0,0,1
18.9,34.0,1,0,1,0,1.0,1,1
9.4,24.6,1,0,0,0,2.0,1,1
59.6,34.6,1,1,1,0,1.0,1,3
23.3,20.3,0,1,0,1,0.0,1,2
65.1,26.8,1,1,1,0,1.0,1,3
5.2,34.4,1,1,0,1,1.0,1,2
54.6,27.9,0,1,1,1,0.0,1,3
50.9,29.9,0,0,1,1,1.0,1,3
55.2,20.0,0,0,1,1,2.0,1,2
38.4,33.9,0,1,1,1,1.0,1,2
11.0,32.2,0,1,0,0,2.0,0,1
12.6,22.2,1,0,1,1,1.0,0,2
48.8,34.8,0,1,0,1,1.0,1,3
59.7,26.6,0,0,0,0,2.0,1,2
70.7,30.6,0,0,0,1,1.0,1,3
60.4,29.6,1,1,0,0,1.0,1,3
54.2,28.7,1,0,1,1,1.0,0,3
17.3,31.7,0,1,1,0,0.0,1,2
32.0,19.5,1,0,1,0,1.0,0,2
45.7,28.5,0,0,0,0,0.0,0,3
63.2,26.2,0,0,0,1,1.0,0,3
6.7,34.3,0,1,1,0,2.0,0,1
28.1,19.7,1,0,1,1,0.0,1,2
45.4,28.2,1,0,1,1,0.0,0,3
52.5,19.9,1,0,0,1,1.0,0,3
19.7,33.6,1,1,1,0,1.0,1,1
39.7,34.6,1,1,0,1,2.0,1,1
7.3,33.4,0,1,1,1,0.0,1,3
68.8,30.5,0,1,1,0,2.0,1,2
57.0,31.9,0,1,1,1,1.0,0,3
22.1,29.9,1,0,1,0,1.0,0,1
43.7,33.5,0,0,0,1,2.0,1,1
22.8,25.5,1,0,0,1,1.0,1,1
55.3,22.3,0,1,0,0,2.0,0,2
55.2,28.0,0,1,1,1,1.0,1,3
32.8,27.7,1,1,1,0,1.0,0,2
16.3,26.6,0,1,1,1,1.0,1,2
26.1,32.8,0,1,1,1,1.0,0,1
59.7,26.3,0,1,1,1,1.0,1,3
43.7,31.9,0,1,1,0,1.0,1,2
69.1,22.6,1,1,0,1,1.0,1,3
4.7,30.3,0,1,0,0,0.0,0,3
67.9,24.6,1,0,0,0,2.0,0,2
2.4,18.4,1,1,0,1,1.0,0,2
33.1,24.0,0,1,0,1,0.0,1,3
36.7,33.1,0,1,1,1,1.0,1,2
60.9,22.8,0,1,0,0,1.0,1,3
3.5,22.0,0,0,1,0,1.0,1,2
50.7,30.3,1,0,1,1,1.0,0,3
43.9,18.1,1,1,0,1,0.0,1,3
68.5,24.1,0,0,0,0,0.0,0,3
16.0,28.3,1,1,1,0,1.0,1,2
7.4,19.6,1,1,0,0,1.0,1,2
71.0,24.9,1,0,1,1,1.0,1,3
11.0,28.2,1,0,1,0,1.0,1,2
18.1,30.5,0,0,0,1,1.0,1,1
30.0,21.2,1,0,1,0,1.0,1,1
66.1,29.3,1,1,0,1,1.0,0,3
25.7,34.7,0,0,0,0,2.0,1,0
32.7,33.2,0,1,0,1,2.0,1,1
22.4,29.6,1,0,1,0,1.0,0,1
68.5,25.5,1,0,0,0,2.0,0,2
43.4,20.5,1,0,0,1,1.0,1,2
68.8,22.2,0,1,0,1,0.0,0,3
58.5,33.2,1,1,1,1,1.0,0,3
68.7,21.5,1,0,0,0,1.0,1,3
30.3,22.2,1,0,0,1,1.0,1,1
55.0,18.8,0,0,1,0,1.0,0,3
61.3,31.7,1,0,0,1,1.0,0,3
48.7,29.9,1,0,0,1,1.0,0,3
34.2,21.4,1,1,1,0,0.0,0,3
58.4,31.4,1,0,1,1,1.0,1,3
6.0,28.3,1,1,1,1,1.0,1,2
21.2,28.5,0,0,1,0,0.0,1,2
64.5,34.9,0,0,1,1,1.0,1,3
20.0,34.8,0,1,1,1,2.0,0,0
68.6,26.5,1,1,1,1,1.0,1,3
45.7,27.2,1,1,0,1,1.0,0,2
25.4,33.1,1,0,1,1,0.0,0,2
42.8,20.4,1,0,1,0,1.0,1,2
44.9,25.6,1,1,1,1,2.0,1,1
44.0,27.3,1,0,1,0,1.0,1,2
57.2,19.2,0,0,0,0,0.0,1,3
11.3,18.0,1,1,1,0,1.0,0,2
27.5,31.3,1,0,0,1,1.0,1,1
56.0,32.3,1,1,1,1,1.0,1,3
12.2,27.8,0,0,0,0,1.0,0,2
9.7,27.0,1,0,1,1,0.0,0,3
38.1,24.7,1,0,1,1,2.0,1,1
37.0,27.8,1,0,1,1,1.0,1,2
10.1,34.5,0,0,0,0,1.0,1,2
50.9,29.7,0,0,0,1,1.0,1,3
28.6,22.2,1,1,1,0,2.0,1,0
15.6,22.7,1,1,1,0,1.0,1,2
24.5,29.7,1,1,0,0,1.0,1,1
19.7,24.4,0,0,1,1,1.0,0,1
49.0,30.3,0,0,1,0,2.0,0,2
45.0,19.3,0,1,1,1,2.0,0,1
68.1,22.6,1,1,1,0,2.0,1,2
23.3,24.6,1,1,0,1,1.0,0,1
67.3,26.8,1,1,1,1,1.0,0,3
34.3,25.7,0,1,0,1,1.0,1,2
23.5,29.2,0,1,0,1,2.0,1,0
35.8,21.4,0,1,0,0,1.0,0,2
70.7,25.5,1,0,1,0,1.0,1,3
6.9,18.5,1,0,1,0,2.0,1,1
3.1,31.2,1,0,1,1,2.0,0,1
13.7,24.2,1,1,1,0,0.0,1,3
58.1,19.6,1,1,1,1,1.0,0,3
16.9,26.2,1,0,0,1,2.0,0,0
18.6,31.9,1,0,1,1,1.0,0,1
5.6,21.4,1,0,0,1,2.0,0,1
7.8,24.6,1,0,1,0,1.0,0,2
56.6,19.1,1,1,0,0,2.0,0,2
43.2,20.2,1,0,0,0,0.0,0,3
17.5,20.9,0,1,1,0,2.0,0,0
40.7,27.3,0,1,0,1,2.0,0,1
16.2,28.9,1,1,0,1,0.0,0,3
65.8,30.6,1,1,1,0,2.0,0,2
10.9,22.9,1,1,1,0,1.0,0,2
57.2,27.6,1,1,1,1,1.0,0,3
34.6,34.7,0,0,1,1,0.0,1,3
53.5,19.0,0,1,1,0,2.0,1,2
7.9,34.8,1,0,1,0,2.0,1,1
10.3,27.3,1,0,1,0,1.0,0,2
57.4,30.4,1,0,0,0,0.0,0,3
55.9,23.8,0,0,1,1,2.0,1,2
63.5,21.7,1,0,1,1,0.0,1,3
49.8,29.2,0,1,1,0,0.0,1,3
53.3,20.1,0,1,1,0,0.0,0,3
36.0,31.6,0,0,1,1,2.0,0,1
2.8,32.6,0,1,1,0,2.0,1,1
15.0,31.2,1,0,0,0,1.0,0,2
5.4,30.1,0,0,1,1,1.0,0,2
33.1,25.7,1,0,0,1,1.0,1,2
11.5,24.6,1,1,1,1,2.0,1,1
36.2,27.7,1,1,0,0,1.0,1,2
33.9,22.1,1,1,1,0,1.0,0,2
66.3,22.6,1,1,1,1,1.0,1,3
24.9,25.5,0,1,0,1,0.0,0,2
46.8,31.0,0,1,1,0,2.0,0,2
51.9,27.3,0,1,0,0,1.0,0,3
64.3,33.7,1,1,0,1,1.0,1,3
3.2,25.7,1,1,1,0,1.0,0,2
50.5,32.2,1,1,0,1,1.0,0,3
67.1,34.6,0,1,0,0,0.0,1,3
51.5,23.9,0,0,0,0,2.0,1,2
36.8,19.0,1,0,0,1,1.0,1,2
32.6,18.5,1,1,1,0,0.0,1,3
64.9,34.5,1,0,1,0,2.0,1,2
14.8,30.2,0,0,0,0,1.0,1,2
17.3,19.7,1,1,1,1,1.0,1,2
12.9,25.2,0,1,1,0,1.0,0,2
50.8,24.4,0,0,0,1,1.0,0,3
10.5,30.7,0,0,0,1,2.0,1,1
4.3,28.4,1,0,0,1,1.0,0,2
41.3,30.9,1,1,1,0,0.0,1,3
65.5,31.7,0,0,0,1,1.0,1,3
24.8,23.3,1,1,1,0,1.0,1,1
33.1,18.9,0,0,1,0,1.0,0,2
65.7,21.7,1,0,1,0,1.0,0,3
62.8,31.7,0,0,1,0,1.0,0,3
36.7,34.3,0,1,1,1,0.0,1,3
30.7,18.0,1,0,0,0,2.0,1,0
4.7,30.1,1,1,0,1,1.0,0,2
46.3,30.7,1,1,0,1,0.0,0,3
10.2,21.6,0,0,1,1,0.0,1,3
48.6,22.8,1,0,0,0,2.0,0,2
25.2,28.1,1,0,1,0,1.0,1,1
58.9,19.5,0,1,0,0,1.0,1,3
69.9,33.4,0,1,1,0,2.0,0,2
20.4,18.2,0,0,0,1,1.0,0,1
21.2,20.9,0,0,1,1,2.0,1,0
55.3,32.4,1,0,0,0,1.0,0,3
44.7,25.5,0,1,1,1,0.0,0,3
32.5,34.5,1,0,0,1,0.0,1,3
35.8,18.5,0,0,1,1,1.0,1,2
39.2,28.4,1,0,1,1,1.0,0,2
35.0,30.0,0,1,1,1,1.0,1,2
35.4,19.9,1,1,0,1,1.0,1,2
59.0,25.9,1,0,0,1,0.0,1,3
5.3,26.5,0,1,0,0,1.0,1,2
39.6,30.0,1,0,0,1,2.0,1,1
14.7,19.6,1,1,0,0,2.0,0,1
39.0,24.0,0,0,0,0,1.0,0,2
54.8,26.5,1,0,0,1,0.0,1,3
15.8,34.4,0,1,1,1,1.0,1,2
37.4,29.3,0,0,0,0,1.0,0,2
18.9,34.9,1,1,0,1,1.0,1,1
50.5,18.1,1,1,1,1,1.0,0,3
35.3,33.1,0,1,1,0,0.0,1,3
17.9,32.0,1,0,1,0,0.0,1,2
4.7,18.0,0,0,1,0,1.0,1,2
71.5,29.9,0,1,1,0,0.0,0,3
34.4,30.2,0,0,0,1,1.0,1,2
42.1,28.8,1,0,0,0,2.0,0,1
65.5,21.9,0,0,1,1,1.0,1,3
8.2,25.7,1,1,0,0,1.0,0,2
46.3,19.7,0,0,1,1,1.0,0,2
5.1,33.9,1,1,1,1,2.0,0,1
58.3,30.3,0,0,0,1,2.0,1,2
27.3,33.9,1,1,1,1,0.0,0,2
50.8,21.4,1,0,1,1,1.0,0,3
69.0,26.6,1,1,0,1,2.0,0,2
7.4,22.7,1,0,1,0,1.0,0,2
7.6,28.2,0,0,0,0,0.0,1,3
45.8,28.7,0,1,0,0,2.0,1,1
10.7,34.3,1,0,1,0,1.0,1,2
58.4,24.4,1,0,1,0,1.0,0,3
67.8,32.3,0,0,1,1,0.0,1,3
46.7,32.8,1,0,0,0,2.0,1,2
25.3,26.0,1,1,0,1,1.0,1,1
65.8,22.3,0,0,1,0,1.0,0,3
21.8,25.0,0,1,1,1,0.0,1,2
62.9,31.1,0,1,0,0,1.0,1,3
36.5,29.9,1,1,1,0,1.0,1,2
57.6,32.3,0,1,1,1,0.0,0,3
51.1,33.9,0,0,1,0,2.0,0,2
43.4,27.9,0,0,0,0,1.0,0,2
39.2,26.2,1,0,0,1,1.0,0,2
59.1,19.5,0,1,0,1,0.0,0,3
13.9,24.7,0,1,1,0,0.0,1,3
71.6,25.3,1,1,0,1,0.0,1,3
51.5,32.6,1,0,1,1,1.0,0,3
65.0,33.7,0,0,0,0,1.0,1,3
50.7,27.7,0,0,0,0,1.0,1,3
35.9,33.6,1,1,1,0,1.0,1,2
57.5,20.6,1,0,1,0,1.0,1,3
29.2,29.0,0,0,0,1,1.0,0,1
12.6,26.4,1,0,1,0,0.0,0,3
18.6,25.4,1,1,1,1,2.0,1,0
8.7,23.3,0,0,0,0,1.0,0,2
55.4,31.2,0,0,0,1,0.0,0,3
34.2,18.2,0,1,1,0,2.0,0,1
20.8,23.8,0,0,1,0,1.0,0,1
34.2,21.1,0,1,1,0,1.0,0,2
63.2,22.1,1,0,0,1,1.0,0,3
66.8,18.2,0,0,1,0,1.0,1,3
22.4,29.4,0,0,1,0,1.0,0,1
35.2,20.0,0,1,0,1,0.0,0,3
23.5,18.9,0,0,0,1,0.0,1,2
40.5,23.8,0,0,0,1,1.0,1,2
5.9,20.9,0,0,1,0,1.0,1,2
37.4,29.5,0,1,1,1,2.0,1,1
42.1,29.2,1,1,0,1,0.0,0,3
57.6,27.1,1,0,0,0,1.0,1,3
37.3,34.1,1,0,0,1,2.0,0,1
26.1,31.8,1,0,0,0,1.0,1,1
68.4,27.6,1,0,1,0,2.0,1,2
13.0,33.3,0,1,1,0,0.0,0,3
51.5,22.7,0,1,1,0,1.0,0,3
18.7,25.7,0,0,1,1,1.0,0,1
2.3,26.6,0,0,0,0,1.0,1,2
5.9,20.5,1,1,1,1,1.0,0,2
54.5,32.7,0,1,1,0,0.0,1,3
54.3,20.8,0,0,0,0,1.0,1,3
67.1,24.8,1,0,0,0,1.0,0,3
27.2,30.5,0,0,0,0,2.0,1,0
69.3,21.3,0,0,0,1,2.0,0,2
2.3,23.0,0,1,1,0,2.0,0,1
22.2,26.1,1,0,0,1,2.0,1,0
63.7,33.6,0,1,0,0,0.0,1,3
23.9,18.1,1,1,1,0,1.0,1,1
54.5,19.7,0,0,0,1,1.0,1,3
22.6,33.2,1,0,0,1,2.0,1,0
12.8,23.5,1,0,0,0,2.0,0,1
20.7,33.5,0,1,1,0,1.0,0,1
56.4,24.0,1,0,1,0,2.0,0,2
40.1,23.5,0,1,1,1,1.0,1,2
22.7,28.5,0,0,1,1,2.0,0,0
59.4,18.1,0,1,1,1,2.0,1,2
17.1,25.7,1,1,1,1,1.0,0,2
49.8,19.6,1,0,1,1,2.0,0,2
12.9,18.5,1,1,0,0,1.0,0,2
24.2,19.8,1,0,1,1,1.0,0,1
21.6,24.4,0,1,1,0,1.0,0,1
31.8,32.4,1,1,1,0,2.0,1,0
34.1,24.6,1,1,1,0,0.0,1,3
57.3,28.7,0,1,1,1,1.0,0,3
34.4,31.5,1,0,1,1,1.0,0,2
62.3,26.8,1,1,1,1,2.0,1,2
66.2,27.4,1,1,0,0,2.0,1,2
43.4,27.9,0,0,1,1,1.0,1,2
33.4,19.6,0,1,0,0,1.0,0,2
28.4,34.7,1,0,0,0,0.0,0,2
49.4,26.0,1,1,1,1,0.0,0,3
22.7,18.2,1,1,0,0,1.0,0,1
36.4,25.9,1,1,0,0,2.0,1,1
53.6,19.5,1,0,1,0,1.0,1,3
15.3,32.5,0,1,1,1,1.0,1,2
6.3,20.8,1,0,0,0,1.0,1,2
36.5,27.6,1,1,1,0,0.0,0,3
35.3,21.7,0,0,1,1,0.0,0,3
64.6,21.0,1,1,1,1,0.0,0,3
26.2,33.7,1,0,0,1,0.0,1,2
6.2,30.8,0,0,1,1,2.0,1,1
34.7,19.9,1,1,0,1,0.0,1,3
35.0,23.2,0,0,0,0,0.0,1,3
64.2,25.6,1,0,0,0,1.0,0,3
67.4,18.8,0,0,0,0,2.0,1,2
67.6,24.2,0,0,1,1,0.0,1,3
10.5,33.0,0,0,1,1,0.0,1,3
11.6,33.3,0,0,1,1,0.0,1,3
64.6,24.5,1,0,0,1,0.0,1,3
5.1,33.9,0,0,0,0,2.0,1,1
12.4,23.1,0,0,0,0,2.0,1,1
69.9,25.4,1,0,1,1,1.0,0,3
16.6,30.6,1,0,1,1,2.0,0,0
64.0,32.7,1,0,1,1,0.0,1,3
51.9,19.3,1,0,1,0,2.0,0,2
21.2,21.7,0,1,1,1,0.0,1,2
26.5,23.8,0,0,1,1,1.0,0,1
17.7,24.8,1,1,0,1,2.0,1,0
66.9,33.1,1,1,1,1,2.0,0,2
29.7,23.8,1,0,1,1,2.0,0,0
61.2,34.4,0,1,0,1,2.0,1,2
34.1,19.3,1,1,1,1,1.0,1,2
44.5,31.9,1,0,0,1,0.0,0,3
68.1,27.1,1,1,1,0,1.0,1,3
22.9,29.3,0,0,1,1,1.0,0,1
40.7,24.3,0,0,0,0,1.0,1,2
69.9,21.2,1,1,0,0,1.0,0,3
15.8,20.2,0,0,0,1,1.0,0,2
12.9,20.4,1,1,1,0,1.0,0,2
15.3,30.4,1,1,1,0,1.0,1,2
63.7,23.2,1,0,0,1,2.0,0,2
19.8,24.6,0,1,0,0,0.0,0,2
30.3,30.3,1,1,1,1,0.0,1,2
66.7,23.2,0,1,1,0,1.0,1,3
48.3,32.2,1,1,0,0,2.0,0,2
24.0,24.6,0,1,0,1,2.0,0,0
6.4,27.2,1,0,0,0,2.0,0,1
7.9,19.8,0,1,1,1,2.0,0,1
46.5,18.8,1,0,1,0,0.0,0,3
17.8,32.5,1,1,1,1,1.0,0,1
37.0,25.2,1,1,0,1,1.0,1,2
58.7,26.2,1,1,1,1,0.0,0,3
38.3,18.3,1,1,1,0,0.0,1,3
12.0,23.6,1,1,0,1,1.0,0,2
63.4,31.4,0,1,0,0,2.0,1,2
23.8,29.8,0,1,0,1,0.0,1,2
61.8,20.8,0,1,0,0,1.0,1,3
68.1,21.3,1,1,0,0,2.0,0,2
12.9,28.9,1,1,1,0,2.0,1,1
69.6,24.9,1,1,0,0,2.0,0,2
71.2,18.7,1,1,1,1,2.0,1,2
12.8,31.2,0,0,0,0,2.0,0,1
70.9,23.1,1,1,1,1,0.0,0,3
66.5,18.3,0,1,0,0,1.0,1,3
55.6,20.2,1,1,1,1,2.0,1,2
8.5,29.0,1,1,0,1,2.0,0,1
72.0,22.5,1,0,0,0,0.0,0,3
12.1,27.4,0,1,0,0,0.0,1,3
33.0,24.5,1,1,0,1,1.0,1,2
35.2,26.2,1,1,0,1,2.0,1,1
57.6,34.2,1,1,0,1,1.0,0,3
46.6,20.3,0,1,0,0,0.0,1,3
61.4,18.5,1,0,0,1,1.0,0,3
55.3,28.4,1,0,1,1,1.0,1,3
9.6,20.7,1,0,0,1,0.0,0,3
37.4,26.2,0,1,0,0,2.0,1,1
46.0,18.8,0,0,1,1,2.0,0,1
37.6,34.6,0,1,0,0,0.0,1,3
36.3,32.2,0,1,1,0,0.0,1,3
58.7,30.6,1,0,0,0,1.0,1,3
66.1,29.0,0,0,1,0,0.0,0,3
51.4,27.1,1,1,0,1,1.0,1,3
67.2,33.8,0,0,0,0,1.0,1,3
11.1,29.0,1,1,1,1,0.0,0,3
70.4,33.8,1,0,1,1,2.0,0,2
6.9,26.4,1,0,1,1,2.0,1,1
38.3,30.0,1,1,0,1,1.0,0,2
59.8,18.9,0,0,1,1,1.0,1,3
56.8,27.0,1,0,0,0,0.0,1,3
62.8,31.6,1,1,0,0,0.0,1,3
55.1,26.3,1,0,1,0,1.0,1,3
40.1,33.1,1,1,0,1,2.0,1,1
62.2,22.5,1,0,0,0,1.0,1,3
65.1,30.7,0,0,1,1,2.0,1,2
47.6,20.1,0,0,0,1,1.0,0,3
59.0,21.2,0,0,1,1,2.0,0,2
59.9,18.3,1,1,0,1,1.0,0,3
5.5,34.7,1,0,0,1,0.0,1,3
62.7,32.4,1,0,0,0,2.0,1,2
32.6,21.7,0,1,1,1,1.0,0,2
7.0,22.7,1,0,1,1,1.0,1,2
15.4,27.7,0,0,0,0,1.0,0,2
20.1,31.4,1,1,0,1,2.0,1,0
20.1,31.3,0,0,0,0,1.0,0,1
64.3,21.6,1,0,1,0,1.0,0,3
67.8,32.0,0,0,0,1,0.0,1,3
53.1,18.1,1,1,0,0,1.0,1,3
59.6,23.9,1,0,0,1,1.0,1,3
19.2,27.6,0,0,1,1,1.0,1,1
17.6,31.2,1,0,1,0,1.0,0,2
11.3,30.5,0,1,0,1,2.0,1,1
33.8,20.2,1,0,1,1,2.0,1,1
43.9,25.4,1,1,1,0,1.0,0,2
24.8,32.2,0,1,0,1,2.0,1,0
24.2,31.5,0,1,1,1,2.0,1,0
39.1,21.5,0,1,0,0,0.0,0,3
58.9,19.1,0,0,1,1,0.0,0,3
3.5,18.3,1,0,1,1,2.0,0,1
39.6,23.4,1,0,0,0,1.0,0,2
46.0,21.9,0,1,1,1,1.0,1,2
48.1,24.0,0,1,0,0,1.0,0,3
22.1,19.8,0,0,1,1,1.0,1,1
40.2,25.0,1,0,1,0,1.0,1,2
47.3,18.3,1,1,0,0,1.0,1,3
6.2,18.0,0,1,1,0,1.0,1,2
8.8,27.2,0,1,0,1,1.0,0,2
4.0,32.1,1,1,1,1,0.0,0,3
16.0,19.6,1,0,1,1,0.0,1,3
7.1,22.6,0,1,0,0,0.0,1,3
30.0,27.5,0,0,0,0,2.0,0,0
33.1,32.4,1,0,1,0,0.0,1,3
52.3,24.5,0,0,1,1,1.0,0,3
61.1,32.7,0,0,0,1,2.0,0,2
34.6,19.6,1,1,0,1,1.0,0,2
22.1,28.9,1,1,1,0,0.0,1,2
63.3,27.0,1,0,0,1,0.0,0,3
68.3,29.8,0,1,1,1,2.0,1,2
40.0,20.3,0,1,0,1,1.0,1,2
30.5,30.3,0,0,0,0,1.0,0,2
56.9,18.3,1,0,1,1,1.0,1,3
41.7,24.9,0,0,0,1,2.0,0,1
23.0,24.1,1,1,0,1,1.0,0,1
20.3,27.4,1,0,0,0,1.0,1,1
52.5,29.2,0,0,0,0,0.0,0,3
42.6,29.5,0,0,1,1,1.0,1,2
70.3,25.8,1,1,1,1,2.0,1,2
60.4,29.1,0,1,1,1,0.0,0,3
12.6,27.9,0,0,1,1,1.0,1,2
70.0,25.9,1,1,1,1,0.0,0,3
68.4,24.3,0,1,0,0,0.0,1,3
58.5,34.8,0,0,0,0,2.0,1,2
23.1,23.2,0,1,1,1,0.0,0,2
25.3,30.4,0,0,0,1,0.0,1,2
4.9,31.1,1,1,1,0,2.0,1,1
12.5,22.9,0,0,1,1,1.0,1,2
34.1,34.7,1,1,1,0,1.0,0,2
12.7,23.8,0,1,1,0,1.0,1,2
16.5,21.6,1,0,1,1,1.0,0,2
31.4,34.8,0,1,1,0,1.0,1,2
45.0,28.7,0,0,1,0,1.0,0,2
61.2,30.5,0,1,0,1,1.0,0,3
8.8,33.2,0,1,0,0,2.0,1,1
9.1,23.3,0,1,1,0,1.0,1,2
17.8,30.6,0,0,1,0,0.0,1,2
43.3,22.5,1,0,1,1,1.0,0,2
51.6,20.8,1,0,1,0,2.0,1,2
63.6,18.1,0,0,0,1,0.0,0,3
47.6,23.1,0,0,0,0,0.0,1,3
49.1,35.0,1,1,1,1,2.0,1,2
65.8,29.4,1,1,0,1,0.0,0,3
53.1,32.9,0,1,0,1,1.0,1,3
11.7,20.1,0,0,0,0,1.0,0,2
68.5,22.0,0,0,0,1,0.0,1,3
56.2,23.8,1,0,1,0,1.0,1,3
14.8,29.3,1,1,1,0,2.0,1,1
48.4,21.0,0,1,1,1,0.0,0,3
23.4,23.6,0,0,0,0,0.0,0,2
51.0,31.5,1,0,1,1,0.0,0,3
64.1,31.3,1,0,1,1,1.0,1,3
14.5,21.1,1,1,0,0,0.0,0,3
29.8,23.2,0,0,1,0,1.0,1,1
33.0,23.2,1,0,0,1,1.0,1,2
22.7,23.5,0,1,1,0,2.0,1,0
52.6,26.8,0,1,1,0,1.0,1,3
2.8,28.2,0,1,0,1,2.0,0,1
3.6,26.4,1,0,0,1,1.0,1,2
71.0,18.1,0,0,0,0,2.0,0,2
43.5,20.5,1,1,1,1,2.0,1,1
9.8,19.1,0,0,1,1,1.0,0,2
26.6,19.2,1,0,1,1,1.0,1,1
29.6,32.1,0,1,0,0,2.0,0,0
69.3,24.9,1,1,0,1,1.0,1,3
8.4,19.9,1,0,0,1,2.0,1,1
4.0,34.4,0,0,0,1,1.0,1,2
60.6,24.0,1,0,1,0,1.0,0,3
34.4,29.4,0,1,0,0,1.0,0,2
13.1,29.2,1,1,0,0,1.0,1,2
20.3,19.7,0,1,1,0,1.0,0,1
4.7,32.2,0,0,1,1,1.0,0,2
30.5,31.2,0,1,0,0,2.0,1,0
46.2,30.3,1,0,1,0,2.0,1,1
57.7,28.1,0,0,0,1,2.0,0,2
2.3,30.3,0,1,1,0,1.0,0,2
23.7,28.3,0,1,1,1,2.0,0,0
39.1,19.9,1,0,1,0,1.0,1,2
64.0,26.3,1,1,1,0,1.0,0,3
2.3,27.6,0,1,1,0,1.0,1,2
6.8,33.6,1,1,1,0,1.0,1,2
5.4,32.7,0,1,0,1,0.0,0,3
54.1,26.1,0,1,1,1,1.0,1,3
45.0,27.3,1,1,1,0,1.0,0,2
8.3,30.7,1,0,1,0,1.0,0,2
33.3,32.2,0,0,1,0,2.0,1,1
31.0,27.4,0,0,0,0,2.0,1,0
34.7,19.4,0,0,0,0,1.0,1,2
25.8,23.4,0,0,1,1,1.0,0,1
22.0,34.7,1,0,0,1,2.0,1,0
14.2,29.9,1,1,0,0,2.0,1,1
40.0,28.7,0,1,1,0,1.0,1,2
45.8,18.5,0,1,1,0,1.0,1,2
52.9,20.3,1,0,0,0,0.0,1,3
24.6,30.1,1,1,1,0,1.0,0,1
36.4,28.2,0,1,0,0,2.0,0,1
37.6,31.0,1,1,1,1,1.0,0,2
23.9,18.3,1,1,0,1,0.0,0,2
68.4,26.6,1,0,1,1,0.0,0,3
52.2,30.9,1,0,1,0,2.0,0,2
50.8,24.5,1,1,0,0,1.0,1,3
20.0,32.9,1,1,1,0,1.0,1,1
47.2,18.3,1,0,0,0,2.0,1,2
58.5,31.7,0,1,1,0,1.0,0,3
62.9,33.1,1,0,0,0,1.0,1,3
5.2,18.8,1,1,0,1,0.0,0,3
45.5,27.1,0,0,0,0,1.0,0,2
52.3,23.4,1,0,1,0,1.0,0,3
15.1,23.4,1,0,1,0,0.0,1,3
48.9,22.4,0,1,1,0,1.0,1,3
36.5,22.7,0,0,0,0,1.0,1,2
60.8,19.1,1,1,0,0,1.0,1,3
4.9,18.6,0,0,0,0,2.0,0,1
37.9,25.1,0,0,0,1,1.0,1,2
19.4,30.5,0,1,1,0,1.0,0,1
68.0,22.6,1,1,0,1,1.0,1,3
67.0,28.5,0,1,1,0,1.0,0,3
30.4,24.4,1,0,1,1,2.0,0,0
60.8,27.1,0,0,0,1,1.0,1,3
28.2,29.7,0,1,1,1,0.0,1,2
55.5,23.6,0,0,1,0,1.0,0,3
16.4,22.9,1,0,0,0,2.0,1,0
42.7,32.3,0,1,1,1,2.0,0,1
62.5,25.3,1,1,1,0,0.0,1,3
31.6,29.8,1,0,0,1,2.0,0,0
59.4,26.0,0,1,0,1,2.0,0,2
29.3,23.3,1,0,0,1,0.0,1,2
19.6,20.0,0,1,0,1,2.0,0,0
65.2,26.9,1,1,0,1,0.0,1,3
22.7,29.7,1,0,0,0,2.0,1,0
18.7,31.0,0,1,1,0,2.0,1,0
62.0,21.8,0,1,0,0,2.0,0,2
67.2,25.3,0,1,1,1,1.0,0,3
47.8,29.5,0,0,1,1,1.0,1,3
64.0,27.3,0,0,0,0,0.0,0,3
22.4,34.3,1,1,0,1,1.0,0,1
29.7,30.0,1,1,1,0,2.0,1,0
67.8,18.9,0,1,0,1,1.0,0,3
70.1,30.3,1,1,1,0,2.0,1,2
23.5,25.8,1,1,0,0,2.0,1,0
4.6,31.0,0,0,0,0,1.0,0,2
23.3,18.4,1,0,1,1,1.0,1,1
54.7,31.3,1,0,0,1,2.0,0,2
40.1,22.1,0,1,1,1,1.0,1,2
42.0,19.4,0,1,0,1,0.0,1,3
8.8,20.3,0,0,0,1,1.0,1,2
34.0,34.4,0,1,1,1,2.0,1,1
63.2,25.5,1,0,0,0,2.0,1,2
23.6,27.0,1,0,1,0,2.0,0,0
6.7,25.7,0,0,0,1,1.0,0,2
25.3,22.2,1,0,1,0,0.0,1,2
18.2,32.1,0,0,0,0,1.0,0,1
63.5,31.4,1,0,1,0,2.0,1,2
53.6,21.3,1,1,0,0,2.0,1,2
32.3,26.7,0,0,1,0,2.0,1,0
37.5,21.3,0,0,0,0,1.0,0,2
14.0,22.2,0,1,0,1,2.0,1,1
21.2,22.4,0,1,1,0,2.0,1,0
5.8,23.7,1,1,1,1,2.0,0,1
36.6,32.7,0,1,0,1,0.0,1,3
62.2,26.3,1,0,0,0,0.0,1,3
47.8,22.5,0,0,1,1,0.0,1,3
17.7,33.5,0,0,1,1,0.0,1,2
27.7,24.7,1,0,1,0,1.0,1,1
40.8,19.6,1,1,1,1,2.0,0,1
30.6,27.4,0,1,0,1,1.0,1,2
62.4,27.6,0,0,0,1,0.0,0,3
31.9,25.0,1,1,1,0,2.0,0,0
29.4,25.4,0,0,1,1,1.0,0,1
20.9,30.0,0,0,0,0,2.0,1,0
23.2,27.8,1,1,1,1,1.0,1,1
62.7,26.6,0,0,0,0,2.0,1,2
65.0,22.6,1,1,0,1,1.0,0,3
62.1,34.7,0,0,1,1,2.0,0,2
10.2,28.0,1,0,1,0,2.0,0,1
19.3,34.2,1,0,0,1,0.0,1,2
48.0,26.3,1,0,1,1,1.0,1,3
55.7,19.9,0,0,0,1,0.0,0,3
18.1,20.4,0,0,0,0,0.0,0,2
19.5,29.0,0,0,1,1,1.0,1,1
10.7,22.2,1,0,1,1,2.0,1,1
7.9,22.7,0,1,1,1,1.0,1,2
56.4,26.6,0,1,1,1,1.0,0,3
63.3,24.4,0,1,1,0,0.0,0,3
64.2,25.9,1,1,1,0,2.0,1,2
4.5,21.3,0,0,0,0,2.0,0,1
49.1,23.0,1,0,1,0,1.0,1,3
29.6,23.3,0,1,1,0,1.0,0,1
57.1,24.4,0,1,0,0,1.0,0,3
49.0,22.2,1,0,0,1,1.0,0,3
48.7,24.7,0,1,1,1,1.0,1,3
9.4,27.8,1,0,1,1,2.0,1,1
66.0,22.9,1,0,0,0,0.0,1,3
63.6,28.0,0,0,0,0,1.0,0,3
28.4,21.1,0,1,1,1,2.0,1,0
13.5,32.1,1,1,1,1,1.0,1,2
5.8,19.3,0,1,1,1,0.0,1,3
63.5,24.9,1,1,1,0,0.0,1,3
33.9,25.6,0,1,1,1,2.0,0,1
33.5,33.3,0,0,0,0,1.0,0,2
39.2,32.6,1,1,0,0,2.0,0,1
8.6,21.9,0,1,0,0,1.0,1,2
47.3,19.8,0,1,1,1,2.0,0,2
56.6,32.7,1,0,0,1,1.0,0,3
19.1,33.5,1,1,0,0,0.0,1,2
63.5,34.2,1,1,1,1,1.0,1,3
9.8,24.8,0,1,1,1,2.0,1,1
69.8,29.8,0,0,1,0,1.0,1,3
17.7,32.5,1,1,0,0,1.0,0,1
16.2,33.3,1,0,1,0,1.0,1,2
55.9,22.2,1,1,0,1,1.0,0,3
67.7,27.3,1,1,1,0,2.0,1,2
68.5,32.0,1,0,0,1,1.0,0,3
35.9,18.3,0,0,1,0,2.0,0,1
23.1,34.0,0,1,0,0,1.0,0,1
66.8,32.0,0,0,1,1,1.0,1,3
71.1,24.4,1,1,1,0,0.0,0,3
29.6,22.8,0,0,0,1,1.0,0,1
64.5,23.8,0,0,1,0,1.0,0,3
38.1,26.2,1,1,0,0,0.0,1,3
70.6,28.9,0,1,1,1,1.0,1,3
68.3,32.7,0,0,0,0,2.0,1,2
66.9,33.6,1,1,1,0,1.0,0,3
63.2,33.9,1,1,1,0,1.0,1,3
45.9,34.5,0,1,0,0,2.0,0,1
24.3,34.2,0,0,0,0,1.0,1,1
15.3,19.6,1,1,1,1,1.0,1,2
69.2,27.3,1,0,1,1,2.0,1,2
17.4,33.5,1,0,0,0,1.0,1,2
41.5,27.6,1,1,1,0,1.0,1,2
58.5,21.1,0,1,0,1,1.0,0,3
54.6,21.5,1,1,1,0,2.0,1,2
30.1,26.5,1,1,0,1,0.0,0,2
57.5,23.9,0,1,1,0,0.0,0,3
58.3,18.8,1,1,0,1,2.0,1,2
60.5,25.2,1,1,0,1,0.0,0,3
2.3,25.7,1,0,1,0,0.0,1,3
67.2,29.8,0,1,1,0,1.0,0,3
44.6,33.6,1,1,1,1,0.0,0,3
23.6,20.1,1,1,0,1,0.0,0,2
28.2,30.8,1,1,1,0,2.0,0,0
16.9,33.4,0,0,0,0,1.0,1,2
5.3,21.5,1,0,0,1,2.0,1,1
43.9,24.9,0,1,1,0,1.0,0,2
40.8,24.0,1,0,1,0,2.0,1,1
49.3,23.9,0,0,0,1,1.0,0,3
44.6,32.7,1,1,1,0,1.0,0,2
58.0,19.4,0,0,0,0,1.0,0,3
17.7,22.4,1,1,0,1,2.0,0,0
50.2,25.3,1,1,1,1,0.0,0,3
64.9,34.0,0,0,1,1,0.0,1,3
59.5,20.2,0,1,1,1,2.0,0,2
37.2,23.0,1,1,0,0,2.0,0,1
62.3,29.5,1,1,1,1,1.0,0,3
24.2,30.1,1,1,0,1,1.0,0,1
45.9,32.2,0,0,0,1,2.0,0,1
62.2,22.8,0,1,1,0,0.0,0,3
68.5,28.7,0,0,1,1,2.0,0,2
11.6,25.6,0,0,0,0,0.0,0,3
9.5,34.4,0,1,0,1,1.0,1,2
37.6,31.3,1,1,0,1,2.0,1,1
30.2,22.9,1,1,0,0,1.0,0,1
25.4,28.6,1,0,0,0,1.0,0,1
27.6,33.9,0,0,0,1,2.0,0,0
28.7,33.7,0,0,0,0,2.0,1,0
48.9,32.5,0,0,1,0,1.0,0,3
44.6,21.0,0,1,0,1,1.0,1,2
27.0,25.6,0,1,1,1,2.0,0,0
63.2,23.2,0,1,1,0,0.0,0,3
27.7,18.1,1,0,1,0,0.0,0,2
2.1,28.3,1,1,1,0,1.0,0,2
12.2,31.3,1,1,0,1,0.0,0,3
6.2,25.6,0,0,0,1,1.0,1,2
36.8,33.6,0,0,1,1,1.0,1,2
29.9,27.0,0,1,0,1,2.0,1,0
13.3,31.5,0,0,0,1,1.0,0,2
46.6,18.3,0,1,1,1,1.0,1,2
30.9,26.0,0,1,0,1,1.0,1,2
42.1,22.8,1,0,1,0,2.0,1,1
7.9,25.4,1,0,0,1,2.0,1,1
7.9,32.0,1,1,0,1,0.0,1,3
55.4,22.0,1,1,0,1,2.0,0,2
70.1,32.0,0,1,0,1,0.0,0,3
46.1,32.8,1,0,1,1,0.0,0,3
21.3,22.6,0,0,1,1,1.0,0,1
26.0,26.4,1,1,0,1,1.0,1,1
7.6,26.1,0,0,1,0,1.0,0,2
71.1,20.2,1,0,0,1,0.0,1,3
62.2,33.6,0,1,1,0,0.0,1,3
46.5,29.4,0,1,1,1,1.0,0,2
5.1,29.6,1,1,0,1,1.0,0,2
14.7,30.8,1,1,0,1,0.0,1,3
8.4,20.7,0,1,0,1,0.0,1,3
54.1,30.6,0,1,1,0,2.0,0,2
62.9,21.6,0,1,0,1,1.0,1,3
38.1,32.8,1,1,0,0,0.0,1,3
49.1,24.3,1,0,0,0,2.0,1,2
55.6,32.8,0,1,1,0,2.0,1,2
26.3,28.9,0,0,1,1,0.0,1,2
71.2,25.0,0,0,1,0,0.0,0,3
34.2,25.7,0,0,0,1,0.0,0,3
60.1,27.9,1,0,1,0,0.0,0,3
4.7,18.4,1,1,1,0,1.0,1,2
9.1,20.8,1,1,0,0,0.0,0,3
17.5,31.1,0,0,0,1,0.0,1,2
13.4,26.6,1,1,1,1,0.0,1,3
69.8,27.4,0,1,1,1,0.0,0,3
50.3,25.7,0,1,0,1,1.0,1,3
47.2,34.6,0,0,0,0,1.0,0,3
40.5,26.9,1,1,0,1,0.0,1,3
67.7,33.1,1,0,1,0,2.0,1,2
36.1,24.4,0,0,1,0,2.0,0,1
36.8,23.6,1,1,1,0,1.0,1,2
3.0,21.3,0,0,1,1,1.0,0,2
57.1,18.8,1,0,1,1,0.0,0,3
56.2,28.2,0,0,1,1,1.0,0,3
2.0,26.6,1,0,1,0,2.0,1,1
39.0,26.3,0,1,0,1,1.0,0,2
52.7,24.1,1,1,1,0,2.0,0,2
13.1,24.9,1,0,1,1,0.0,0,3
64.2,29.5,1,0,0,1,2.0,0,2
28.0,22.9,0,0,1,0,2.0,0,0
57.8,18.6,0,0,1,1,2.0,0,2
41.6,27.4,0,0,1,1,0.0,1,3
41.6,27.0,0,1,0,1,0.0,0,3
22.3,25.8,1,0,1,0,1.0,0,1
37.3,27.3,0,0,1,0,1.0,1,2
68.7,19.6,1,1,1,1,2.0,0,2
19.7,27.8,0,0,0,0,1.0,0,1
60.8,28.6,0,1,1,1,1.0,1,3
30.4,31.4,0,1,0,0,2.0,0,0
59.3,33.4,1,1,1,1,2.0,1,2
55.8,29.7,1,0,1,1,1.0,0,3
58.0,25.8,1,1,0,0,1.0,1,3
54.1,23.7,0,0,0,0,0.0,1,3
35.3,22.1,1,1,0,0,1.0,0,2
60.4,21.8,0,0,0,0,2.0,0,2
20.5,34.7,1,0,0,0,0.0,0,2
61.1,27.3,1,1,0,1,0.0,0,3
8.3,32.7,0,1,1,1,1.0,1,2
70.1,18.6,1,1,1,1,0.0,1,3
24.3,23.6,0,1,1,0,2.0,0,0
51.2,23.1,1,1,1,1,1.0,0,3
67.8,25.8,0,0,1,1,2.0,1,2
27.2,29.6,1,1,0,1,0.0,0,2
66.1,31.3,1,0,0,1,1.0,1,3
60.4,24.7,0,1,0,1,2.0,0,2
22.6,31.1,0,1,1,0,1.0,1,1
2.3,18.3,0,0,0,0,1.0,0,2
60.1,27.2,0,1,1,1,0.0,1,3
51.6,24.5,1,0,1,1,1.0,1,3
5.4,29.9,0,0,1,0,1.0,1,2
5.4,26.4,1,0,1,0,1.0,1,2
3.2,34.4,0,0,0,0,1.0,0,2
60.3,30.9,0,1,0,1,1.0,0,3
3.5,30.1,1,0,0,0,1.0,1,2
48.5,34.3,0,1,1,0,1.0,1,3
8.7,19.5,1,1,0,1,1.0,1,2
54.5,25.3,1,0,1,0,2.0,1,2
18.2,29.2,1,0,0,1,0.0,0,2
31.6,20.8,0,1,0,1,1.0,0,2
63.8,25.1,0,1,0,1,0.0,0,3
3.9,23.9,1,0,1,1,0.0,0,3
10.4,23.7,1,0,0,1,1.0,1,2
18.9,21.8,0,1,1,1,2.0,1,0
6.6,32.3,0,0,0,0,1.0,1,2
52.8,22.5,1,1,1,1,1.0,0,3
37.3,26.6,0,0,0,1,2.0,0,1
48.3,24.9,0,0,0,0,1.0,1,3
43.7,28.0,1,0,1,0,2.0,0,1
19.0,34.7,0,1,1,0,2.0,1,0
66.4,30.9,0,1,0,1,2.0,1,2
26.3,25.1,0,1,1,1,1.0,0,1
34.8,27.2,1,1,0,1,2.0,0,1
23.0,24.1,1,1,1,1,1.0,0,1
12.8,34.6,0,1,0,1,2.0,1,1
37.8,25.5,1,1,0,1,1.0,1,2
7.7,27.7,1,0,1,0,1.0,1,2
54.7,19.4,1,1,1,1,0.0,1,3
29.1,23.7,1,0,1,0,1.0,0,1
62.2,32.6,0,1,0,0,1.0,1,3
3.1,28.8,1,0,1,1,1.0,0,2
40.5,19.3,1,0,1,1,0.0,0,3
47.1,30.3,0,0,0,1,2.0,1,2
22.4,30.8,1,0,1,1,1.0,1,1
10.8,26.4,0,1,0,1,0.0,1,3
25.1,31.8,1,0,0,0,1.0,1,1
35.8,27.0,1,1,1,1,1.0,0,2
17.8,25.4,1,0,0,0,1.0,0,1
67.1,18.7,1,1,1,1,2.0,0,2
29.2,19.2,0,0,1,0,2.0,1,0
26.8,18.6,0,0,0,0,1.0,0,1
50.1,26.0,0,0,1,0,1.0,1,3
70.6,30.6,1,1,1,0,1.0,1,3
33.3,20.5,1,1,1,1,2.0,1,1
69.7,33.9,1,0,0,1,2.0,1,2
15.2,34.4,0,0,1,1,2.0,0,1
49.6,32.4,1,1,1,1,2.0,0,2
48.0,18.5,0,0,1,0,1.0,1,3
41.3,28.1,1,1,0,0,1.0,1,2
43.1,34.4,0,0,1,0,1.0,0,2
11.5,21.9,0,1,1,0,2.0,0,1
71.2,31.2,0,0,1,1,2.0,0,2
21.4,34.1,1,0,1,1,2.0,0,0
60.8,24.8,1,1,0,0,0.0,0,3
65.4,29.3,1,0,1,1,0.0,0,3
65.9,34.5,1,0,1,1,2.0,1,2
18.4,19.8,0,0,0,1,1.0,1,1
13.9,18.4,0,0,1,1,0.0,1,3
32.2,34.8,0,1,0,0,1.0,1,2
5.7,24.6,0,0,1,1,2.0,1,1
26.7,23.7,1,0,0,0,2.0,0,0
15.5,18.2,1,1,1,0,1.0,1,2
68.7,24.3,1,1,1,1,1.0,0,3
69.4,27.1,0,0,0,0,2.0,1,2
30.3,18.5,1,1,0,1,0.0,0,2
70.9,23.7,1,1,0,0,1.0,0,3
6.8,25.2,0,0,1,1,2.0,1,1
55.7,26.4,0,1,0,1,2.0,0,2
9.3,19.8,1,1,0,0,1.0,1,2
18.0,22.4,1,0,1,1,2.0,0,0
21.1,26.1,0,0,0,0,1.0,0,1
8.3,33.5,1,1,0,1,1.0,1,2
57.0,18.6,1,0,1,1,1.0,1,3
67.5,29.3,0,1,1,1,1.0,1,3
30.5,25.2,1,0,1,1,0.0,1,2
27.3,32.5,0,1,1,1,2.0,1,0
18.3,26.2,0,1,0,0,1.0,1,1
3.8,33.6,1,1,0,1,1.0,0,2
9.4,22.3,0,0,1,0,2.0,0,1
8.2,20.1,0,0,0,0,1.0,1,2
68.1,24.5,1,1,0,1,1.0,1,3
61.8,23.9,0,0,0,1,1.0,0,3
52.4,21.7,1,1,0,0,1.0,1,3
41.5,23.1,0,0,1,0,1.0,0,2
68.2,26.8,1,1,0,1,1.0,1,3
30.7,24.2,1,1,0,0,1.0,0,2
44.4,20.9,0,1,0,0,1.0,1,2
33.2,33.6,0,1,0,0,1.0,1,2
66.6,20.5,0,1,0,0,1.0,0,3
20.7,23.9,0,0,1,1,2.0,0,0
50.6,27.9,0,1,1,1,1.0,1,3
47.2,22.8,0,1,1,0,0.0,0,3
28.8,29.7,0,0,1,0,1.0,1,1
47.8,19.1,0,1,0,1,2.0,1,2
38.0,23.1,0,0,1,0,2.0,0,1
3.9,34.5,0,0,1,1,1.0,1,2
53.6,29.0,1,0,1,1,1.0,0,3
16.3,21.8,1,0,0,1,1.0,0,2
55.8,22.3,0,0,0,0,1.0,1,3
18.1,32.9,0,1,1,0,2.0,0,0
33.9,31.5,0,0,1,1,1.0,0,2
21.3,31.6,0,0,1,1,1.0,1,1
10.4,32.3,0,0,0,1,2.0,0,1
4.3,19.5,0,0,1,1,2.0,0,1
67.1,26.2,1,0,0,0,2.0,1,2
10.6,31.5,0,0,0,1,0.0,0,3
36.4,23.4,1,0,1,1,0.0,0,3
7.7,34.8,0,1,1,0,1.0,1,2
63.4,32.9,0,1,0,1,2.0,1,2
41.2,25.2,0,0,0,0,0.0,0,3
19.9,34.9,1,0,1,1,0.0,1,2
69.4,30.5,1,1,0,1,1.0,0,3
30.9,23.3,0,0,1,0,1.0,1,2
21.0,27.1,1,0,0,0,0.0,0,2
60.9,32.5,0,1,1,1,1.0,1,3
57.5,35.0,0,1,0,0,1.0,0,3
25.2,21.1,0,0,0,0,1.0,1,1
18.6,28.2,1,0,1,0,0.0,1,2
71.5,30.7,1,1,0,1,1.0,0,3
49.6,29.1,1,1,1,1,1.0,1,3
41.0,32.0,0,1,1,1,0.0,0,3
42.2,30.1,1,1,0,1,1.0,0,2
7.9,28.9,1,1,1,1,1.0,1,2
63.3,32.2,0,0,0,1,1.0,1,3
39.0,24.8,1,1,1,1,1.0,0,2
52.4,27.3,0,1,1,1,1.0,0,3
14.1,27.4,0,0,0,0,0.0,1,3
70.1,26.7,0,1,1,1,1.0,0,3
35.9,21.8,1,0,0,1,0.0,1,3
52.3,26.7,1,0,0,0,1.0,1,3
17.3,25.9,1,1,0,0,1.0,1,2
48.9,22.1,0,0,1,1,1.0,1,3
9.4,18.3,1,0,1,1,2.0,1,1
69.6,33.3,1,0,1,0,0.0,1,3
46.4,21.8,0,1,0,0,0.0,1,3
14.9,26.0,1,1,1,0,1.0,0,2
59.3,27.0,1,1,1,0,1.0,1,3
61.8,20.9,0,0,1,0,2.0,1,2
28.8,25.8,0,1,0,1,1.0,1,1
66.1,20.1,1,0,0,0,2.0,0,2
70.9,18.2,1,0,0,0,1.0,1,3
40.1,23.2,0,0,1,0,0.0,1,3
42.3,32.1,1,0,0,1,1.0,1,2
6.9,19.7,1,0,1,0,0.0,0,3
42.7,31.0,1,1,0,0,1.0,0,2
13.1,20.7,0,1,0,1,2.0,1,1
54.1,33.4,1,0,0,1,2.0,0,2
31.7,25.9,0,0,1,1,1.0,1,2
37.9,28.1,0,0,0,1,2.0,0,1
64.5,26.3,0,0,0,0,1.0,1,3
45.4,24.0,1,0,1,0,2.0,0,1
36.9,32.4,0,1,0,1,2.0,1,1
13.2,34.0,1,0,0,1,0.0,0,3
69.4,27.0,1,1,1,1,0.0,0,3
24.2,30.6,0,0,1,1,1.0,0,1
70.3,28.0,1,1,1,1,2.0,0,2
65.8,30.4,0,1,0,0,0.0,1,3
2.7,19.5,0,0,1,0,0.0,1,3
20.4,31.8,1,1,1,1,1.0,0,1
14.7,34.1,1,0,1,0,1.0,1,2
40.4,23.7,1,0,0,0,1.0,0,2
11.5,28.3,1,0,0,1,1.0,0,2
33.7,23.6,1,0,1,0,1.0,1,2
58.6,28.2,0,0,1,0,1.0,0,3
61.0,27.0,1,0,0,0,2.0,0,2
54.8,22.8,0,1,1,1,1.0,0,3
37.1,29.1,1,1,0,1,1.0,0,2
44.1,21.8,0,0,1,1,0.0,0,3
53.4,30.3,0,0,0,1,2.0,0,2
22.4,32.8,0,1,0,1,2.0,0,0
11.0,23.0,0,0,0,0,2.0,0,1
14.1,34.9,1,1,0,1,1.0,0,2
29.0,26.7,1,0,0,0,1.0,0,1
3.5,23.4,1,0,0,0,0.0,1,3
62.0,32.3,0,0,1,0,2.0,1,2
48.7,27.7,1,1,1,1,2.0,0,2
27.8,23.9,0,0,1,1,1.0,0,1
26.6,30.9,1,0,1,1,0.0,1,2
31.8,31.7,0,1,0,1,2.0,0,0
36.6,21.7,0,0,1,0,1.0,0,2
28.4,18.9,0,0,0,1,2.0,1,0
70.8,27.8,1,1,1,0,1.0,1,3
4.4,28.6,1,1,0,1,2.0,0,1
49.9,34.5,1,0,0,1,0.0,0,3
43.4,28.3,1,1,0,1,2.0,1,1
29.1,26.0,0,0,0,0,1.0,0,1
3.9,19.4,0,1,0,0,1.0,1,2
53.2,23.3,0,1,0,0,1.0,0,3
4.1,30.4,0,0,0,0,2.0,1,1
52.2,25.9,0,1,0,0,0.0,1,3
47.9,32.0,0,0,1,1,0.0,0,3
21.8,19.2,0,1,1,1,1.0,1,1
14.7,22.3,1,0,1,0,1.0,0,2
39.8,30.9,0,1,1,1,1.0,0,2
23.4,32.7,0,0,1,1,0.0,0,2
57.8,23.0,1,1,1,1,1.0,1,3
18.3,22.5,0,1,1,0,1.0,1,1
68.3,32.7,1,1,1,1,1.0,1,3
8.6,18.4,0,0,0,1,1.0,0,2
19.2,32.2,0,1,0,1,0.0,0,2
36.2,31.0,0,1,1,1,2.0,1,1
34.7,25.8,1,1,1,0,0.0,1,3
64.0,28.4,0,0,1,1,1.0,1,3
3.4,34.9,1,1,1,0,1.0,1,2
57.6,28.7,1,0,1,0,0.0,0,3
12.5,23.5,0,0,0,1,1.0,1,2
17.6,24.0,1,0,0,0,0.0,1,2
6.8,29.9,0,1,1,1,1.0,0,2
48.1,29.5,1,1,1,0,1.0,1,3
30.9,35.0,1,1,1,0,0.0,0,2
20.0,30.3,0,1,1,0,2.0,1,0
60.6,30.8,1,1,0,1,2.0,0,2
68.1,25.3,1,1,1,0,0.0,1,3
38.9,22.2,1,0,1,0,1.0,0,2
58.0,34.3,0,0,1,0,0.0,0,3
7.4,19.2,1,1,0,1,2.0,0,1
50.1,20.8,0,0,0,0,0.0,1,3
34.1,30.6,1,1,1,0,2.0,0,1
53.5,19.0,1,1,1,1,0.0,0,3
11.0,24.4,0,0,1,1,0.0,1,3
66.4,34.9,0,0,1,0,2.0,1,2
63.6,34.7,1,0,1,0,1.0,0,3
28.5,31.5,1,1,1,1,1.0,1,1
10.1,31.0,0,0,1,0,2.0,1,1
24.5,32.4,1,0,1,0,1.0,0,1
57.7,31.7,0,1,0,0,0.0,1,3
7.3,20.0,1,0,0,0,1.0,1,2
35.9,18.9,1,1,0,0,1.0,0,2
6.5,30.2,1,1,0,0,2.0,0,1
57.9,32.8,0,1,1,0,0.0,0,3
5.3,28.1,1,1,1,1,1.0,0,2
48.3,27.5,1,1,1,0,1.0,0,3
24.6,30.3,1,0,1,0,1.0,0,1
66.7,29.8,0,1,1,1,1.0,1,3
22.0,25.1,1,1,1,0,0.0,0,2
38.7,26.6,1,0,0,1,1.0,1,2
43.4,34.2,1,0,0,0,0.0,1,3
60.0,25.9,0,1,0,0,0.0,1,3
59.2,18.3,1,0,1,1,1.0,1,3
27.9,22.2,1,0,0,1,1.0,1,1
4.7,23.8,1,1,1,0,0.0,1,3
54.5,24.9,0,0,0,0,2.0,1,2
58.5,18.3,0,1,0,0,1.0,1,3
49.6,26.7,1,1,0,0,2.0,0,2
26.3,23.1,0,0,0,1,0.0,0,2
62.6,18.3,0,0,1,0,1.0,0,3
72.0,27.0,0,1,0,1,2.0,0,2
27.2,21.6,0,0,0,0,1.0,0,1
50.7,29.1,0,0,0,0,2.0,1,2
50.2,29.6,0,0,0,0,1.0,1,3
19.0,25.3,1,0,1,1,0.0,0,2
27.7,29.3,1,1,1,0,1.0,1,1
59.9,25.7,0,0,0,1,2.0,1,2
50.6,27.5,0,1,1,0,1.0,1,3
63.8,19.2,0,0,0,1,2.0,0,2
70.7,26.7,0,1,0,0,0.0,1,3
31.3,24.7,1,1,0,0,1.0,0,2
51.9,23.3,1,1,1,0,2.0,0,2
65.1,23.8,0,1,0,1,2.0,0,2
63.3,20.7,1,1,0,0,1.0,1,3
37.2,34.9,1,1,0,1,2.0,1,1
28.1,30.0,1,1,1,0,0.0,0,2
65.9,19.2,0,1,1,0,1.0,0,3
67.3,30.2,1,1,0,0,0.0,1,3
65.2,32.0,0,1,0,0,1.0,0,3
44.7,26.9,1,0,1,1,0.0,0,3
33.7,29.8,1,0,0,0,1.0,1,2
53.8,29.9,1,1,1,0,1.0,1,3
38.5,33.3,1,1,1,1,2.0,0,1
28.7,31.9,0,1,1,1,0.0,0,2
36.9,25.3,0,0,0,1,0.0,0,3
43.2,18.6,1,0,1,1,1.0,0,2
26.1,24.2,0,1,0,1,1.0,0,1
4.9,24.8,1,0,1,1,1.0,1,2
55.3,28.3,0,0,1,1,1.0,1,3
40.1,31.5,0,0,1,0,0.0,1,3
5.5,20.0,0,1,1,1,0.0,1,3
37.8,26.0,1,0,1,1,1.0,1,2
27.3,23.2,0,1,1,0,0.0,1,2
35.8,31.3,0,1,0,0,0.0,1,3
36.7,25.4,1,1,0,1,1.0,1,2
71.6,24.7,1,1,1,0,1.0,0,3
26.2,20.5,0,1,1,1,1.0,0,1
4.8,19.5,1,1,0,0,1.0,1,2
43.7,34.6,1,1,1,0,1.0,1,2
23.0,20.1,0,0,0,1,0.0,0,2
54.6,18.6,0,0,0,0,2.0,0,2
61.1,19.2,0,0,0,1,1.0,1,3
32.7,34.4,1,1,0,0,2.0,1,1
53.8,20.7,0,0,1,0,2.0,0,2
64.5,30.7,1,1,1,0,1.0,0,3
70.9,18.8,0,1,0,0,2.0,0,2
48.2,33.6,0,0,1,0,0.0,0,3
65.9,29.0,0,0,0,0,0.0,1,3
15.6,22.1,0,1,0,1,1.0,1,2
21.2,27.6,0,0,1,1,2.0,1,0
16.4,32.9,1,0,1,0,1.0,1,2
49.3,32.4,0,1,1,1,1.0,1,3
52.5,22.5,0,1,0,1,0.0,0,3
67.1,20.9,1,0,1,1,1.0,0,3
50.0,28.9,0,1,1,0,0.0,0,3
6.5,30.4,1,1,1,0,2.0,1,1
60.5,30.2,1,0,0,1,1.0,1,3
17.2,26.9,0,0,0,0,2.0,0,0
46.2,33.0,1,0,0,1,1.0,1,2
67.3,30.1,1,0,0,1,1.0,0,3
50.0,24.3,1,0,0,1,1.0,0,3
32.2,18.7,0,1,1,0,1.0,1,2
29.9,21.4,0,0,0,0,2.0,1,0
4.2,19.0,0,0,0,0,0.0,0,3
55.4,20.1,1,1,0,1,1.0,1,3
4.2,31.3,0,0,1,0,1.0,1,2
65.9,29.5,0,1,0,1,1.0,0,3
35.1,26.4,1,1,1,1,0.0,0,3
2.7,34.1,0,1,0,0,1.0,0,2
40.5,28.9,1,0,1,1,2.0,0,1
28.0,20.9,1,1,1,1,2.0,0,0
42.0,29.2,1,0,0,0,0.0,0,3
4.2,27.0,1,0,1,1,1.0,1,2
47.4,29.5,1,1,0,1,1.0,1,3
36.2,23.0,0,1,0,0,2.0,0,1
49.6,28.0,0,0,1,1,1.0,1,3
9.7,32.8,0,0,0,1,1.0,0,2
70.7,27.0,0,0,0,1,1.0,0,3
29.3,22.3,1,0,0,0,2.0,0,0
49.4,22.3,0,0,0,1,1.0,1,3
7.4,33.4,1,1,1,1,1.0,1,2
39.0,34.5,1,1,0,0,0.0,1,3
5.2,22.1,0,0,1,0,2.0,1,1
37.2,20.1,1,1,1,1,2.0,0,1
43.8,34.0,1,0,1,0,0.0,0,3
63.4,31.9,1,0,0,1,0.0,1,3
47.7,26.7,0,1,0,1,0.0,1,3
28.5,20.3,0,0,1,0,1.0,1,1
59.8,25.4,1,1,0,0,2.0,0,2
33.4,20.5,1,0,0,0,1.0,1,2
38.1,30.4,0,0,0,0,1.0,1,2
22.3,27.0,1,1,0,1,2.0,0,0
38.9,21.5,0,0,1,1,1.0,0,2
51.2,21.4,0,0,0,1,1.0,1,3
29.4,24.2,1,1,1,1,1.0,0,1
8.1,29.3,1,1,1,0,2.0,0,1
62.3,19.9,0,0,1,0,0.0,1,3
54.4,34.7,0,1,0,0,0.0,0,3
16.9,26.1,1,1,0,0,2.0,1,0
33.7,21.5,0,1,1,1,0.0,0,3
52.6,22.2,1,1,1,1,1.0,1,3
46.7,24.6,1,1,1,0,2.0,1,2
37.8,34.8,1,1,1,0,2.0,1,1
3.2,27.5,0,1,0,1,2.0,1,1
68.1,27.4,1,1,1,1,0.0,0,3
50.9,18.9,1,0,0,0,1.0,0,3
58.3,22.6,1,1,0,0,1.0,0,3
71.3,18.5,0,0,1,0,2.0,0,2
22.7,32.0,1,0,1,0,2.0,1,0
4.0,35.0,1,0,0,0,2.0,1,1
6.4,30.6,0,0,0,0,1.0,1,2
45.2,31.6,0,0,1,1,0.0,0,3
38.1,28.8,0,1,0,1,1.0,1,2
21.1,32.6,0,1,0,1,1.0,0,1
4.7,25.3,0,0,0,0,0.0,1,3
65.0,30.8,0,0,1,0,0.0,0,3
62.0,19.4,0,1,1,0,0.0,1,3
24.4,27.3,0,1,0,1,1.0,1,1
43.9,26.0,0,0,0,0,1.0,0,2
4.0,26.3,1,0,0,1,1.0,0,2
16.3,24.0,1,1,1,1,2.0,1,0
59.3,18.7,0,1,1,1,2.0,1,2
25.3,25.3,1,0,0,1,2.0,0,0
57.3,34.7,1,1,0,1,1.0,0,3
58.0,30.2,1,1,0,1,2.0,0,2
8.7,34.0,0,1,0,0,2.0,0,1
27.2,30.4,0,0,1,0,1.0,0,1
24.1,22.0,1,1,1,0,0.0,0,2
24.2,23.3,1,0,1,0,2.0,0,0
45.1,23.8,1,0,0,1,1.0,1,2
24.1,28.4,1,1,0,1,1.0,0,1
29.7,21.5,1,1,0,1,1.0,0,1
60.3,21.7,0,0,0,0,0.0,0,3
55.6,20.4,1,1,1,0,2.0,1,2
46.1,20.7,1,1,1,0,0.0,0,3
28.8,23.6,0,0,1,1,2.0,0,0
5.2,25.6,1,0,1,1,2.0,1,1
9.2,34.2,1,1,0,1,1.0,0,2
61.9,31.2,1,0,1,1,1.0,1,3
27.9,20.0,0,0,0,0,1.0,0,1
64.3,34.9,1,0,1,1,1.0,1,3
48.2,20.2,0,1,0,1,2.0,1,2
19.5,33.8,1,0,0,0,2.0,1,0
69.7,32.3,0,1,0,0,2.0,0,2
53.2,23.6,1,0,0,1,0.0,1,3
65.3,29.7,0,0,0,0,1.0,1,3
66.2,34.7,1,0,0,0,2.0,0,2
41.1,24.2,1,0,0,0,1.0,1,2
61.0,25.0,0,1,0,0,2.0,0,2
28.3,20.0,0,1,1,1,2.0,0,0
59.8,26.4,1,0,0,0,2.0,0,2
59.9,20.6,0,0,0,0,0.0,0,3
27.0,32.2,0,0,1,1,1.0,1,1
69.7,20.8,1,0,0,1,0.0,0,3
33.8,19.3,1,1,1,1,2.0,1,1
33.4,21.2,1,0,0,0,1.0,1,2
46.1,18.1,0,1,0,1,0.0,0,3
69.6,23.3,1,1,1,0,1.0,0,3
63.5,30.0,1,0,1,0,1.0,0,3
62.9,34.1,1,0,0,1,1.0,1,3
55.7,25.2,0,1,0,0,1.0,1,3
45.0,26.5,1,0,0,1,2.0,1,1
38.0,19.4,0,0,1,0,2.0,1,1
54.1,33.4,1,0,0,0,1.0,0,3
16.9,25.9,1,1,1,0,1.0,0,2
8.8,20.3,1,1,0,1,2.0,1,1
6.7,21.4,1,1,1,1,1.0,0,2
11.9,30.8,1,0,1,1,2.0,1,1
56.8,20.5,0,0,0,0,1.0,1,3
14.0,18.9,1,0,0,0,1.0,0,2
7.0,31.0,0,0,1,1,1.0,0,2
57.6,30.4,1,1,0,0,1.0,1,3
25.5,29.1,0,0,1,1,2.0,1,0
28.9,34.3,0,0,0,0,2.0,1,0
42.2,22.0,0,1,0,1,1.0,0,2
53.9,26.4,0,1,1,0,1.0,1,3
39.4,23.5,0,0,0,0,1.0,0,2
2.1,22.3,0,1,0,1,2.0,0,1
16.0,33.7,0,0,0,0,2.0,0,0
50.6,20.3,0,0,1,1,2.0,0,2
26.9,25.8,0,0,1,1,0.0,1,2
16.8,23.5,1,1,1,0,0.0,1,3
70.2,25.5,1,1,1,1,1.0,1,3
11.9,24.7,0,0,1,1,1.0,0,2
70.0,28.9,0,0,1,0,0.0,0,3
30.2,26.2,1,1,0,1,2.0,1,0
4.2,33.0,1,0,1,1,0.0,0,3
28.6,29.6,1,1,0,0,1.0,0,1
66.3,19.6,0,0,1,1,2.0,0,2
62.6,19.2,1,1,1,0,2.0,1,2
10.1,21.1,1,1,0,1,0.0,0,3
58.8,34.4,0,1,0,0,1.0,1,3
17.0,31.7,0,0,0,1,1.0,1,2
24.7,23.0,1,1,0,1,0.0,0,2
48.3,22.9,1,0,0,1,2.0,1,2
64.6,26.6,0,0,1,1,1.0,0,3
62.7,21.6,0,1,1,0,1.0,0,3
35.0,28.8,1,1,1,1,0.0,0,3
70.9,31.8,0,0,1,1,1.0,1,3
37.3,19.8,1,0,0,1,1.0,1,2
31.6,31.9,1,1,0,0,1.0,1,2
55.1,32.8,0,0,0,0,1.0,1,3
54.9,28.9,0,1,1,0,1.0,1,3
66.3,18.3,1,1,1,1,0.0,0,3
68.8,31.4,1,0,1,0,2.0,1,2
60.0,33.0,0,1,1,1,1.0,0,3
24.7,21.9,1,0,0,1,0.0,1,2
23.3,20.9,0,0,1,0,1.0,0,1
48.0,20.4,1,0,0,0,1.0,1,3
64.2,33.0,0,0,0,0,2.0,1,2
49.6,18.1,0,1,1,1,1.0,1,3
8.2,28.9,0,0,1,0,1.0,0,2
45.0,25.3,0,0,1,1,1.0,1,2
28.9,23.1,0,0,1,0,1.0,1,1
62.6,34.5,0,1,0,0,1.0,0,3
67.5,29.8,1,0,0,0,1.0,1,3
40.3,25.4,1,1,0,1,2.0,1,1
11.1,27.8,1,1,1,1,0.0,1,3
70.9,21.4,0,0,0,0,2.0,1,2
60.5,33.0,1,1,0,0,2.0,0,2
22.8,29.8,0,1,0,0,1.0,0,1
62.1,26.1,0,0,0,0,1.0,1,3
70.1,19.5,0,0,1,1,0.0,1,3
54.6,30.0,1,0,1,1,2.0,0,2
30.6,24.1,0,1,0,1,1.0,1,2
53.4,30.3,1,0,0,1,1.0,0,3
4.2,20.4,1,1,0,0,2.0,0,1
30.5,24.2,1,0,1,0,2.0,0,0
69.3,22.4,0,0,0,0,0.0,0,3
68.7,22.9,0,0,0,1,2.0,1,2
42.4,32.2,1,0,0,1,1.0,1,2
45.2,19.4,1,0,1,1,1.0,1,2
54.2,33.8,0,0,1,0,0.0,1,3
50.7,25.9,1,1,0,0,1.0,0,3
56.7,31.0,0,0,1,0,1.0,1,3
69.1,19.2,0,0,0,0,0.0,0,3
55.0,32.5,0,0,1,0,0.0,0,3
35.9,32.0,0,1,1,1,1.0,0,2
34.1,27.7,1,0,1,1,1.0,1,2
61.8,19.9,1,0,1,1,0.0,1,3
10.2,31.2,0,0,0,0,0.0,0,3
58.1,20.7,0,0,0,0,1.0,0,3
27.8,30.0,1,1,1,1,0.0,0,2
54.3,20.4,1,1,1,1,0.0,0,3
40.2,23.4,1,1,1,0,1.0,0,2
26.5,27.6,0,1,1,1,0.0,1,2
66.6,23.6,0,0,0,1,1.0,1,3
3.0,29.9,0,0,0,1,0.0,1,3
16.6,19.5,0,0,1,0,1.0,1,2
34.9,20.4,1,1,0,0,0.0,1,3
43.2,23.1,0,1,0,1,1.0,0,2
49.9,27.5,1,0,1,1,1.0,1,3
25.5,30.1,0,0,0,1,1.0,1,1
36.4,29.6,0,0,0,1,1.0,1,2
26.5,29.0,0,0,0,1,1.0,0,1
7.2,25.7,0,0,1,1,0.0,0,3
55.5,18.0,0,1,0,1,1.0,0,3
26.7,30.8,1,1,0,1,1.0,0,1
39.1,19.1,0,0,1,1,2.0,0,1
10.5,18.5,0,0,1,1,0.0,0,3
32.5,19.7,0,1,0,0,0.0,0,3
58.7,26.7,1,0,1,1,1.0,0,3
35.2,24.7,0,0,0,0,1.0,0,2
61.8,28.3,0,0,1,1,1.0,1,3
64.8,32.5,0,0,0,0,0.0,1,3
13.3,24.2,1,0,0,0,1.0,0,2
60.3,19.1,0,0,0,0,0.0,1,3
13.0,20.2,0,1,0,1,1.0,0,2
52.0,21.1,1,1,1,0,0.0,0,3
27.6,27.0,1,0,0,0,1.0,1,1
36.5,34.2,1,1,0,0,1.0,1,2
26.8,34.8,0,1,1,0,1.0,1,1
52.1,28.8,0,1,0,1,1.0,0,3
9.6,31.5,1,0,1,1,1.0,0,2
47.5,28.3,1,1,0,0,1.0,0,3
16.1,26.7,0,1,0,1,2.0,0,0
41.1,21.2,1,1,0,1,1.0,0,2
58.2,29.9,1,1,0,0,1.0,0,3
5.4,33.5,0,1,0,0,2.0,1,1
41.6,21.4,0,1,0,0,1.0,0,2
55.2,30.6,1,0,1,0,1.0,0,3
33.6,21.0,0,0,0,1,1.0,0,2
24.7,33.5,1,0,0,0,2.0,1,0
62.8,32.1,0,0,0,1,1.0,1,3
8.4,25.4,0,1,1,1,2.0,1,1
5.0,27.9,1,0,0,1,1.0,0,2
46.0,33.2,0,0,0,0,1.0,1,2
61.9,23.3,1,1,0,1,2.0,1,2
64.9,18.1,1,0,0,0,1.0,1,3
42.9,23.3,0,0,0,0,1.0,1,2
42.2,18.6,1,0,1,1,1.0,1,2
58.3,30.0,0,0,0,0,0.0,1,3
67.9,22.7,0,0,1,1,0.0,0,3
61.9,20.9,0,1,1,1,1.0,1,3
5.8,20.6,1,0,0,0,2.0,1,1
53.4,21.8,1,0,0,0,0.0,1,3
15.2,20.0,0,0,1,0,1.0,0,2
24.5,29.6,1,1,0,0,0.0,1,2
15.9,31.0,1,1,0,0,2.0,1,0
69.7,25.0,1,0,1,1,1.0,1,3
18.7,18.0,0,1,1,0,1.0,0,1
24.1,21.1,0,0,1,0,0.0,1,2
57.0,24.7,1,0,1,0,1.0,0,3
10.8,24.6,1,1,1,1,2.0,0,1
60.9,18.5,0,0,0,0,1.0,1,3
19.3,21.2,0,1,1,0,0.0,0,2
10.6,27.6,0,0,1,0,2.0,1,1
20.9,21.6,1,1,1,1,0.0,1,2
32.4,18.1,0,0,1,1,1.0,0,2
29.3,24.5,0,1,0,1,1.0,1,1
53.6,30.4,0,0,1,0,0.0,1,3
26.2,25.7,1,0,1,0,1.0,0,1
36.2,20.4,1,0,1,1,1.0,1,2
66.4,24.7,1,1,0,0,2.0,1,2
18.9,29.8,1,0,1,0,1.0,1,1
66.0,30.8,0,0,1,1,1.0,1,3
69.6,18.9,0,1,1,0,2.0,0,2
57.1,28.1,0,0,0,1,0.0,0,3
56.1,21.9,0,1,1,0,1.0,0,3
6.3,29.1,0,0,0,1,2.0,1,1
36.8,32.3,1,0,0,1,2.0,1,1
25.5,23.7,0,1,1,1,2.0,1,0
30.2,29.7,1,0,0,0,1.0,1,1
11.5,32.2,0,0,1,1,1.0,0,2
9.1,25.9,1,1,1,0,1.0,1,2
16.5,31.1,1,0,0,0,0.0,0,3
62.7,24.6,0,0,0,1,0.0,1,3
34.4,26.5,0,0,1,1,2.0,1,1
18.9,31.8,1,1,1,0,1.0,1,1
13.0,31.2,1,0,1,1,1.0,1,2
5.7,19.9,1,0,0,0,2.0,0,1
48.7,31.3,1,0,0,0,1.0,1,3
59.9,26.5,1,0,1,0,2.0,1,2
30.5,23.4,1,1,0,1,1.0,1,2
34.5,30.9,1,1,0,0,1.0,0,2
44.9,23.9,0,0,0,1,2.0,0,1
27.1,21.4,0,0,0,0,2.0,1,0
37.1,30.6,1,1,0,0,1.0,0,2
32.8,21.0,1,0,1,0,1.0,0,2
16.1,23.5,0,0,0,1,1.0,1,2
39.2,20.6,1,0,1,0,1.0,0,2
33.1,28.6,0,0,1,1,1.0,0,2
61.3,26.7,1,0,1,0,1.0,1,3
22.2,30.1,0,1,1,1,1.0,0,1
51.3,22.4,0,1,0,0,2.0,0,2
22.7,31.2,0,1,0,0,2.0,0,0
38.0,20.6,1,1,0,0,1.0,0,2
49.0,24.2,1,0,0,0,1.0,0,3
64.0,34.9,1,0,1,1,0.0,0,3
23.0,22.5,1,0,1,1,2.0,1,0
46.5,27.4,1,1,0,0,1.0,0,2
14.8,33.8,0,0,0,0,1.0,1,2
17.4,32.9,1,0,0,0,0.0,0,2
31.5,27.2,0,1,1,1,1.0,1,2
47.1,26.7,1,0,1,1,2.0,1,2
13.4,20.2,0,1,1,1,1.0,1,2
71.0,29.4,1,1,1,0,2.0,0,2
67.0,20.4,0,0,0,0,2.0,1,2
21.9,21.5,0,0,1,1,2.0,0,0
32.3,29.1,0,0,0,0,0.0,1,3
13.7,21.9,1,1,0,1,1.0,1,2
11.7,29.2,1,1,0,1,2.0,1,1
56.0,32.9,1,0,1,1,0.0,0,3
9.3,26.3,1,1,0,1,1.0,1,2
18.2,24.2,0,0,1,1,0.0,0,2
13.1,19.3,1,1,0,0,1.0,0,2
11.6,23.0,0,1,1,0,1.0,0,2
60.1,30.9,1,1,1,0,1.0,0,3
39.3,31.3,1,0,1,0,1.0,1,2
38.4,28.5,0,1,1,1,0.0,1,3
68.8,33.1,1,1,1,1,1.0,1,3
17.8,33.2,0,0,1,1,1.0,0,1
44.7,27.8,1,1,0,1,0.0,0,3
3.0,29.9,0,0,0,1,0.0,1,3
66.9,26.7,0,0,0,1,0.0,1,3
23.6,33.8,0,1,0,1,2.0,1,0
29.5,21.5,0,0,1,1,2.0,0,0
63.9,33.7,0,1,0,0,1.0,0,3
38.4,24.8,1,1,0,0,1.0,0,2
67.1,31.0,0,0,1,1,2.0,1,2
46.8,32.0,0,1,0,1,1.0,0,2
22.4,21.3,1,0,1,1,0.0,0,2
54.5,33.6,0,1,0,0,2.0,0,2
4.8,19.3,1,0,0,1,0.0,1,3
68.7,30.7,1,0,0,0,0.0,0,3
68.4,34.4,1,0,1,0,2.0,0,2
65.0,34.5,0,0,1,1,2.0,1,2
62.3,19.4,1,1,1,0,0.0,1,3
35.0,31.5,0,0,1,0,0.0,1,3
16.4,21.4,1,1,0,1,2.0,1,0
15.0,27.7,1,0,0,1,1.0,1,2
16.4,24.5,1,0,1,1,1.0,1,2
62.2,29.3,0,0,1,0,0.0,1,3
21.2,26.5,1,1,1,1,0.0,0,2
24.4,27.4,1,1,1,1,0.0,1,2
2.6,21.3,1,0,1,0,0.0,0,3
14.0,23.9,1,1,1,0,2.0,0,1
63.5,31.8,0,0,1,0,1.0,1,3
52.5,19.9,1,0,1,1,1.0,1,3
56.7,28.6,1,0,1,0,2.0,0,2
40.1,22.8,0,1,0,0,1.0,0,2
12.3,29.9,1,0,1,1,1.0,0,2
2.6,30.6,0,1,0,0,2.0,0,1
35.3,19.6,1,0,1,0,0.0,0,3
35.3,31.9,0,1,1,0,0.0,0,3
16.0,18.2,0,1,1,0,1.0,1,2
47.0,34.6,1,0,1,1,1.0,1,2
34.0,34.1,0,1,0,0,0.0,0,3
37.5,20.0,1,0,0,0,2.0,0,1
34.1,34.0,1,1,1,0,2.0,0,1
49.7,18.4,0,0,0,1,1.0,1,3
6.4,26.3,1,1,1,0,2.0,0,1
24.0,30.5,1,0,0,1,1.0,1,1
53.6,21.2,1,1,0,0,0.0,1,3
14.6,28.1,0,0,1,1,1.0,1,2
6.8,30.8,0,1,0,0,0.0,0,3
14.4,18.7,1,0,1,1,0.0,1,3
48.7,24.9,0,0,1,1,2.0,1,2
14.2,31.2,0,0,0,1,0.0,0,3
8.1,23.6,1,0,0,0,1.0,0,2
40.9,23.0,0,1,0,1,1.0,1,2
36.7,18.1,1,0,0,0,2.0,0,1
61.8,27.3,1,1,0,0,2.0,0,2
18.6,22.5,0,1,0,0,2.0,1,0
61.6,22.0,1,0,1,1,0.0,0,3
4.9,26.6,1,1,0,0,2.0,0,1
36.8,30.1,1,0,1,1,1.0,0,2
28.0,28.8,0,0,1,0,0.0,0,2
37.9,32.0,0,0,0,0,0.0,1,3
69.8,22.0,0,1,0,0,2.0,1,2
52.2,19.7,0,0,0,1,1.0,1,3
64.3,31.0,1,1,1,1,1.0,0,3
10.4,29.9,1,1,1,0,1.0,0,2
32.2,29.0,1,0,0,0,2.0,1,0
38.6,34.8,0,1,0,0,0.0,0,3
40.1,27.0,1,0,1,1,0.0,0,3
7.4,31.1,0,0,1,0,1.0,1,2
3.1,23.0,1,1,0,0,1.0,1,2
58.9,20.1,1,1,1,0,1.0,0,3
35.8,19.5,1,0,0,0,0.0,1,3
19.9,25.0,0,0,1,1,0.0,0,2
13.0,26.5,0,1,1,1,1.0,1,2
71.2,31.6,0,0,0,0,1.0,1,3
50.3,23.9,0,0,0,0,1.0,1,3
56.7,26.2,1,0,0,1,1.0,0,3
51.7,31.0,1,0,0,0,1.0,1,3
40.5,18.8,1,1,1,1,2.0,0,1
12.6,27.2,1,0,1,0,1.0,0,2
31.4,32.9,1,0,0,0,1.0,1,2
46.1,21.8,0,1,0,1,0.0,0,3
60.5,18.2,1,1,1,1,1.0,0,3
69.7,26.6,1,1,0,0,0.0,1,3
40.0,19.4,1,1,0,0,1.0,1,2
60.0,24.3,1,1,1,0,0.0,0,3
7.7,27.8,0,0,1,1,1.0,1,2
3.5,22.3,1,0,0,0,1.0,1,2
18.1,26.6,1,1,0,0,1.0,0,1
6.7,21.7,1,1,0,1,1.0,1,2
55.4,18.2,1,0,1,0,2.0,0,2
51.5,29.5,1,0,0,0,1.0,1,3
19.1,31.5,0,0,1,1,1.0,1,1
9.2,34.0,1,0,1,1,2.0,1,1
65.4,22.1,1,1,1,0,1.0,0,3
31.1,21.0,0,1,0,0,1.0,1,2
4.4,21.2,1,1,1,1,2.0,0,1
3.2,20.2,1,1,1,1,2.0,1,1
54.1,34.6,1,1,0,0,1.0,0,3
31.1,25.6,1,1,1,0,2.0,0,0
35.0,28.2,0,0,1,1,1.0,0,2
19.6,26.4,1,1,1,0,0.0,0,2
4.4,19.1,1,0,1,1,1.0,1,2
8.3,32.2,0,0,1,0,2.0,0,1
5.7,27.6,1,1,0,1,0.0,0,3
23.6,20.4,1,0,0,0,1.0,1,1
37.7,34.8,1,1,1,1,1.0,0,2
36.7,34.4,1,1,1,0,2.0,0,1
17.0,32.2,1,0,0,0,2.0,0,0
70.3,34.4,0,0,1,1,0.0,0,3
21.9,32.3,1,0,1,0,0.0,1,2
51.8,27.8,1,0,0,0,0.0,0,3
32.2,18.1,0,0,1,0,1.0,0,2
45.0,28.9,0,1,1,1,1.0,1,2
3.0,24.1,0,0,0,0,1.0,1,2
9.2,19.7,0,0,1,1,1.0,1,2
37.3,25.0,1,0,1,1,2.0,0,1
10.5,28.7,0,0,1,0,1.0,1,2
47.1,27.6,0,1,1,1,0.0,0,3
25.1,21.2,0,0,0,0,2.0,0,0
57.9,30.4,1,0,0,0,0.0,1,3
15.6,19.0,1,1,1,1,1.0,1,2
54.9,30.1,1,1,1,1,2.0,1,2
34.1,28.2,0,0,1,0,1.0,0,2
32.2,24.9,0,0,1,0,2.0,0,0
11.0,19.8,0,0,0,1,1.0,1,2
33.8,21.0,0,1,1,0,1.0,1,2
47.8,19.8,0,1,0,1,1.0,1,3
11.5,29.2,1,0,1,1,0.0,0,3
7.3,28.8,1,0,1,0,0.0,0,3
16.0,22.5,1,1,1,0,2.0,1,0
53.9,27.8,0,1,0,0,0.0,0,3
14.8,33.6,0,0,1,1,1.0,1,2
58.9,25.8,1,0,0,1,0.0,1,3
58.3,30.0,0,0,0,1,2.0,0,2
16.0,26.9,0,0,0,1,1.0,1,2
25.9,30.9,0,1,1,0,1.0,0,1
50.8,23.4,1,1,0,0,1.0,1,3
25.5,24.0,1,1,1,1,0.0,0,2
51.2,18.1,0,0,1,1,0.0,0,3
51.4,22.5,1,1,0,1,2.0,1,2
29.8,18.1,1,0,0,1,0.0,0,2
68.7,24.8,0,0,1,1,1.0,1,3
13.9,24.5,0,0,0,1,2.0,0,1
42.8,28.7,1,0,1,1,1.0,1,2
14.7,20.5,1,0,1,1,2.0,0,1
29.6,23.7,0,0,1,0,0.0,0,2
15.4,32.3,0,0,1,0,0.0,0,3
29.8,21.8,0,1,1,0,1.0,1,1
45.0,25.6,1,1,0,1,1.0,1,2
67.6,22.5,1,1,0,1,1.0,1,3
10.3,22.3,0,1,1,0,1.0,0,2
44.6,34.5,0,0,0,1,1.0,1,2
21.8,34.5,0,0,0,0,0.0,0,2
21.6,18.6,1,1,0,0,1.0,1,1
45.7,21.8,0,0,1,1,1.0,0,2
39.3,33.0,0,0,1,0,1.0,1,2
44.5,28.0,0,1,1,1,0.0,1,3
47.5,31.4,1,1,1,0,0.0,0,3
6.5,25.7,0,1,0,0,1.0,1,2
63.5,30.9,0,0,1,1,1.0,0,3
41.3,21.6,0,1,1,0,2.0,1,1
20.8,28.5,0,1,0,1,0.0,0,2
29.7,33.8,1,1,0,0,2.0,1,0
59.6,31.7,0,0,0,0,1.0,1,3
69.9,33.5,0,1,0,0,0.0,0,3
41.0,19.9,1,1,0,0,1.0,1,2
48.5,34.4,1,1,1,1,1.0,0,3
56.6,28.1,1,1,1,0,1.0,1,3
66.6,24.5,0,0,1,0,1.0,0,3
38.0,30.9,0,1,0,1,1.0,1,2
10.5,26.6,0,1,0,1,1.0,1,2
60.8,34.9,1,1,0,0,2.0,1,2
62.1,26.7,0,0,1,1,1.0,1,3
68.8,32.6,0,1,0,0,1.0,1,3
21.3,23.8,1,1,1,1,1.0,1,1
34.0,28.4,0,0,1,0,1.0,1,2
55.7,27.9,0,0,1,1,1.0,1,3
10.8,29.2,1,1,1,1,0.0,1,3
24.5,21.4,0,1,1,0,1.0,0,1
65.7,26.6,0,1,1,1,2.0,1,2
71.4,21.5,1,1,1,0,0.0,1,3
54.9,19.3,1,1,0,0,1.0,0,3
68.5,30.0,0,0,0,0,1.0,1,3
57.6,21.5,1,0,0,1,2.0,0,2
49.5,30.2,1,1,0,0,2.0,1,2
52.1,18.6,1,0,1,0,1.0,1,3
17.3,27.2,0,0,1,0,1.0,1,2
65.3,27.1,1,0,1,0,1.0,0,3
23.8,25.9,1,1,1,0,1.0,1,1
60.9,29.3,1,1,1,1,1.0,0,3
50.8,23.6,0,1,0,1,2.0,0,2
9.5,31.1,0,0,1,0,2.0,0,1
54.1,34.4,0,0,1,1,1.0,0,3
45.7,27.6,1,0,1,1,0.0,1,3
36.4,34.6,0,1,0,0,1.0,0,2
59.3,27.9,0,0,1,0,1.0,0,3
40.5,29.6,1,0,1,0,1.0,0,2
65.3,23.4,1,0,1,1,2.0,1,2
39.1,33.2,0,0,0,0,1.0,1,2
26.0,19.3,0,1,1,0,1.0,0,1
3.4,23.1,0,0,0,1,2.0,0,1
36.9,18.7,0,1,1,0,2.0,1,1
49.0,34.0,0,1,1,1,1.0,0,3
36.4,19.2,1,0,1,1,1.0,1,2
65.4,29.5,0,0,1,0,1.0,1,3
50.5,24.9,0,1,0,1,1.0,1,3
15.6,18.7,1,0,0,0,2.0,1,1
17.6,30.8,0,0,1,1,1.0,1,2
22.1,31.4,0,0,0,1,1.0,1,1
28.2,22.5,0,1,1,0,0.0,0,2
26.3,22.8,1,1,1,0,1.0,1,1
23.1,18.6,0,0,1,0,1.0,0,1
41.1,28.4,1,1,0,1,0.0,1,3
28.8,27.5,1,0,0,0,0.0,0,2
70.5,29.3,0,0,1,1,2.0,1,2
33.9,18.9,1,1,1,1,1.0,1,2
14.1,28.7,1,1,0,1,1.0,0,2
50.4,22.4,1,1,0,1,2.0,0,2
42.0,24.1,1,0,0,1,1.0,1,2
2.8,32.9,0,0,1,0,0.0,1,3
41.4,29.3,1,0,1,0,1.0,0,2
37.6,24.7,0,1,1,0,1.0,0,2
26.4,32.7,1,0,0,0,0.0,0,2
65.5,31.8,1,0,1,1,0.0,1,3
68.9,18.5,0,1,1,0,2.0,0,2
27.7,26.0,0,1,1,0,1.0,0,1
44.8,23.7,0,1,1,0,2.0,0,1
28.4,29.1,0,0,0,1,0.0,1,2
31.0,22.3,0,1,0,0,1.0,0,2
65.8,27.1,0,0,0,0,0.0,0,3
29.1,31.4,1,1,1,0,1.0,0,1
49.7,26.4,0,0,0,1,1.0,1,3
10.4,29.6,0,1,0,1,2.0,1,1
15.1,24.4,0,1,1,0,1.0,1,2
57.8,32.2,0,0,1,1,2.0,1,2
42.6,20.4,1,0,0,0,0.0,0,3
24.0,29.8,1,1,0,0,1.0,0,1
32.5,29.9,1,1,1,0,1.0,0,2
48.8,18.0,1,0,1,0,1.0,1,3
55.1,23.6,1,1,1,0,1.0,1,3
59.3,30.3,0,1,1,1,2.0,1,2
32.8,18.6,1,1,1,1,1.0,0,2
51.4,19.7,1,1,1,1,1.0,1,3
5.0,26.3,0,0,0,0,0.0,1,3
33.5,21.5,1,0,1,1,1.0,0,2
49.3,28.2,1,0,1,1,0.0,1,3
36.8,23.8,1,0,1,1,0.0,0,3
47.7,31.6,1,0,0,1,2.0,1,2
57.4,29.6,0,1,0,1,2.0,1,2
57.0,26.3,0,0,1,1,0.0,0,3
34.5,26.3,0,0,1,1,2.0,1,1
7.0,27.3,1,0,0,0,1.0,0,2
43.5,21.1,0,0,0,0,0.0,0,3
71.7,22.1,0,1,1,0,1.0,1,3
68.7,27.4,1,0,0,1,1.0,1,3
51.9,24.8,1,1,1,1,0.0,1,3
8.6,19.8,0,1,1,0,0.0,1,3
66.8,20.3,0,1,0,0,0.0,1,3
48.3,24.0,1,0,0,0,1.0,0,3
33.8,24.3,1,0,0,1,1.0,0,2
54.0,32.6,0,1,1,0,0.0,1,3
2.4,32.8,0,1,0,0,0.0,0,3
26.8,29.0,0,1,0,0,2.0,1,0
14.3,30.7,0,0,1,0,1.0,0,2
57.6,34.9,0,0,0,0,2.0,0,2
44.5,20.2,0,0,0,1,1.0,0,2
52.3,31.5,1,0,1,1,2.0,0,2
37.1,25.3,1,1,0,0,1.0,1,2
10.6,31.5,1,0,0,0,1.0,0,2
12.4,19.1,1,1,0,0,2.0,1,1
29.6,20.4,1,1,1,1,2.0,1,0
41.0,29.5,0,0,1,0,0.0,1,3
10.2,32.1,0,0,0,1,2.0,0,1
2.6,28.9,1,1,1,0,0.0,1,3
31.5,21.8,0,0,1,1,0.0,1,3
30.4,34.2,0,1,0,1,0.0,0,2
58.3,29.9,0,1,0,0,2.0,1,2
5.7,26.0,0,1,1,0,2.0,0,1
32.3,34.5,1,0,1,0,0.0,1,3
47.2,22.3,0,0,0,1,1.0,0,3
68.1,27.9,0,0,0,1,1.0,0,3
12.4,19.2,0,1,1,1,0.0,1,3
69.3,24.0,0,0,0,1,0.0,1,3
28.8,24.2,0,1,0,1,1.0,1,1
9.5,18.5,0,1,1,1,2.0,1,1
49.7,29.4,0,0,1,0,0.0,0,3
23.9,28.5,1,0,1,0,0.0,0,2
54.1,31.3,1,1,1,1,1.0,0,3
49.8,19.9,0,1,0,0,1.0,1,3
61.8,26.0,0,1,1,1,2.0,1,2
37.6,18.9,0,0,0,0,1.0,0,2
40.3,21.2,0,1,0,1,1.0,0,2
15.8,26.0,0,1,1,0,1.0,0,2
56.5,26.0,0,1,1,1,1.0,1,3
50.9,33.2,0,0,0,1,1.0,1,3
57.6,31.4,1,0,1,1,1.0,1,3
26.3,20.7,1,1,1,1,1.0,1,1
12.3,24.8,0,0,1,1,0.0,0,3
30.6,25.7,0,1,1,0,1.0,1,2
5.4,33.4,0,1,1,1,1.0,1,2
41.6,20.8,0,0,0,0,1.0,1,2
53.3,30.4,0,0,0,1,2.0,0,2
65.1,23.4,1,0,1,1,1.0,0,3
50.9,22.3,0,0,0,1,1.0,0,3
4.6,20.2,1,0,0,0,2.0,0,1
13.8,28.4,1,0,0,1,2.0,0,1
36.1,27.9,1,1,1,0,2.0,0,1
59.9,29.1,1,0,0,0,1.0,0,3
52.5,34.2,1,0,0,1,1.0,1,3
42.0,19.5,1,1,1,0,0.0,1,3
64.4,24.3,0,1,1,0,1.0,1,3
53.8,24.6,0,0,0,0,1.0,0,3
15.7,31.7,1,0,0,1,0.0,0,3
24.3,30.2,0,1,1,1,1.0,0,1
65.6,20.2,1,0,1,0,1.0,1,3
43.6,25.6,1,1,0,0,1.0,1,2
38.7,21.3,1,0,1,0,1.0,1,2
12.1,31.9,1,1,1,0,2.0,0,1
32.6,34.6,0,1,1,0,1.0,0,2
26.6,34.2,0,1,0,1,1.0,0,1
63.9,20.0,1,0,1,0,1.0,0,3
40.4,28.6,0,1,1,1,2.0,1,1
63.6,31.6,0,1,1,0,0.0,1,3
35.3,26.8,1,0,1,0,1.0,0,2
10.6,34.4,1,1,0,1,0.0,1,3
67.5,27.5,0,1,0,0,1.0,1,3
37.9,21.9,0,0,1,0,0.0,1,3
49.0,21.1,1,0,0,0,1.0,0,3
18.9,19.1,0,1,1,0,0.0,0,2
19.2,31.7,0,0,0,1,0.0,0,2
62.6,24.4,1,1,1,1,1.0,0,3
12.8,18.7,1,0,0,0,1.0,0,2
32.7,18.9,1,0,0,0,2.0,0,1
66.3,19.4,1,0,1,0,1.0,0,3
54.3,31.2,1,1,1,0,2.0,1,2
46.5,25.4,0,1,0,0,0.0,0,3
19.4,18.9,1,0,1,0,2.0,1,0
20.9,22.3,1,1,1,0,0.0,1,2
20.7,20.5,0,1,0,0,1.0,0,1
24.9,19.5,0,0,0,1,1.0,1,1
16.2,26.7,0,0,0,0,1.0,0,2
12.1,24.5,1,1,1,0,2.0,0,1
71.0,26.8,1,1,1,0,1.0,1,3
66.5,26.2,1,0,1,0,1.0,1,3
3.5,29.1,0,0,0,1,0.0,1,3
25.4,25.5,0,0,1,0,0.0,0,2
62.8,25.1,0,0,1,1,1.0,1,3
14.8,27.7,1,0,1,1,2.0,0,1
36.0,29.8,1,1,1,1,1.0,0,2
39.6,27.8,0,0,1,0,0.0,1,3
20.3,32.6,0,1,1,0,0.0,1,2
50.4,24.6,0,0,1,1,1.0,1,3
10.2,25.4,0,1,1,0,1.0,1,2
70.7,32.5,0,0,1,1,2.0,0,2
30.1,19.6,0,1,0,1,1.0,1,1
20.1,33.8,1,0,0,0,1.0,1,1
53.8,28.1,1,1,0,0,1.0,1,3
60.1,25.2,1,1,1,1,1.0,1,3
58.3,29.7,1,1,0,0,1.0,0,3
56.2,18.9,0,0,1,0,1.0,1,3
46.2,27.8,1,1,1,0,2.0,0,1
61.4,32.5,0,1,0,0,0.0,1,3
9.4,27.4,1,0,1,0,1.0,0,2
20.9,24.7,0,1,0,0,0.0,0,2
46.5,23.4,0,1,1,1,0.0,1,3
15.0,20.0,0,0,1,0,2.0,0,1
70.4,26.7,0,1,0,1,0.0,0,3
67.7,32.0,1,0,1,0,0.0,1,3
10.3,18.6,0,1,0,1,1.0,0,2
9.1,24.0,1,0,1,0,1.0,1,2
39.2,31.5,0,0,0,1,2.0,0,1
59.9,22.7,0,1,1,1,1.0,1,3
50.0,21.3,1,0,0,1,2.0,1,2
24.1,32.6,1,1,1,1,1.0,1,1
22.1,19.7,1,1,0,1,0.0,0,2
60.4,20.9,1,1,1,1,0.0,0,3
33.8,34.2,1,1,0,1,0.0,0,3
45.9,19.8,1,0,1,0,1.0,0,2
67.8,30.4,1,1,1,1,2.0,0,2
38.8,32.1,0,1,0,0,1.0,0,2
48.5,18.0,1,0,0,1,1.0,1,3
54.6,24.9,1,1,1,0,1.0,1,3
69.6,27.7,1,0,1,0,2.0,1,2
41.3,29.9,1,1,1,1,2.0,0,1
67.8,25.4,1,0,0,1,1.0,0,3
15.9,27.1,1,0,0,0,1.0,0,2
62.2,25.5,0,0,0,1,1.0,1,3
4.3,19.5,1,0,1,1,0.0,0,3
20.0,21.2,0,0,0,0,2.0,1,0
12.8,32.7,0,1,1,0,2.0,1,1
33.4,28.5,1,1,1,1,0.0,1,3
53.1,22.6,1,0,0,1,1.0,1,3
5.3,24.8,1,1,0,0,1.0,1,2
39.5,32.1,0,1,1,0,2.0,1,1
70.3,22.7,0,1,1,1,1.0,1,3
60.1,20.1,0,0,0,1,2.0,1,2
51.0,30.1,0,0,0,0,1.0,0,3
4.4,31.2,0,1,1,1,0.0,1,3
47.4,23.3,1,1,1,0,2.0,1,2
55.5,25.6,1,1,1,0,1.0,1,3
36.1,28.4,0,1,1,0,0.0,0,3
31.1,22.0,1,1,1,1,2.0,0,0
44.6,26.7,0,0,1,1,1.0,0,2
61.4,30.2,1,0,1,1,2.0,1,2
46.9,27.7,1,1,0,1,1.0,1,2
63.0,30.0,1,1,0,1,1.0,1,3
6.4,24.8,1,0,1,1,0.0,1,3
64.4,21.3,1,1,0,0,1.0,1,3
35.2,26.3,0,0,1,0,1.0,1,2
47.6,21.4,1,1,0,0,0.0,0,3
56.3,29.9,0,0,0,1,0.0,1,3
28.1,19.1,0,1,0,0,2.0,0,0
40.6,33.9,1,0,0,0,1.0,1,2
64.2,27.2,0,0,1,0,0.0,1,3
27.4,20.2,0,1,1,0,1.0,1,1
14.1,30.8,1,1,1,1,1.0,0,2
48.4,18.2,1,0,1,1,0.0,1,3
45.9,34.7,0,1,0,1,1.0,0,2
50.7,31.8,0,0,1,0,2.0,1,2
28.2,22.4,1,1,0,0,1.0,1,1
12.4,27.0,1,1,0,0,1.0,1,2
22.2,30.1,0,0,0,1,2.0,1,0
57.8,24.5,0,1,1,0,1.0,1,3
41.0,21.0,0,0,0,1,0.0,1,3
34.5,22.8,1,0,1,0,2.0,0,1
53.0,30.2,1,0,1,0,0.0,0,3
29.7,32.0,0,0,0,0,1.0,1,1
2.1,19.3,0,0,1,1,1.0,1,2
48.3,18.9,1,1,0,0,1.0,0,3
65.3,27.9,0,0,1,0,0.0,0,3
25.2,26.2,1,0,0,0,1.0,1,1
4.8,34.4,0,0,0,0,1.0,0,2
13.6,25.4,0,1,0,1,0.0,0,3
10.9,18.7,0,1,1,0,1.0,1,2
35.2,23.8,1,1,1,1,2.0,0,1
46.9,19.4,1,1,0,1,2.0,1,2
69.7,27.1,0,0,0,0,1.0,0,3
68.0,25.3,0,1,0,0,2.0,1,2
31.8,19.7,1,0,1,1,0.0,0,3
63.5,31.9,0,0,0,1,2.0,0,2
15.8,19.4,1,0,0,1,2.0,1,0
40.0,27.9,1,1,1,1,2.0,0,1
34.2,24.7,0,1,0,1,2.0,1,1
28.2,31.3,1,1,1,1,1.0,0,1
46.2,28.1,1,1,1,0,0.0,1,3
37.4,24.8,0,0,1,1,2.0,0,1
33.9,31.9,1,1,0,1,2.0,1,1
31.7,26.3,1,1,1,0,2.0,1,0
58.5,20.7,1,0,0,1,0.0,1,3
15.8,34.8,0,1,1,1,2.0,0,0
35.8,24.7,0,1,0,1,1.0,1,2
60.6,20.9,1,1,0,0,1.0,0,3
22.2,26.0,0,1,0,1,1.0,1,1
26.2,29.5,1,0,1,1,2.0,1,0
24.1,32.9,1,1,0,1,0.0,1,2
32.2,19.0,1,1,0,1,1.0,0,2
46.9,31.6,0,0,1,1,0.0,0,3
49.2,20.0,1,1,1,1,2.0,0,2
69.7,30.0,0,0,1,0,1.0,1,3
47.2,33.0,1,0,1,0,1.0,1,3
24.1,21.8,1,0,0,0,1.0,1,1
25.2,30.5,0,1,0,1,1.0,0,1
29.7,22.2,0,1,0,0,1.0,1,1
42.6,21.8,0,0,1,1,1.0,1,2
61.2,19.6,1,1,0,1,0.0,1,3
4.5,19.4,0,0,1,1,1.0,0,2
71.7,27.2,0,0,1,0,1.0,0,3
52.9,30.1,1,1,1,0,1.0,1,3
57.8,25.2,0,1,0,1,0.0,0,3
37.1,31.6,1,1,0,1,0.0,0,3
20.7,27.8,1,1,1,1,1.0,0,1
66.9,30.5,0,0,1,1,2.0,0,2
35.8,28.0,0,1,0,1,1.0,0,2
44.5,34.4,1,0,0,1,1.0,1,2
4.5,29.1,0,0,0,0,0.0,1,3
22.9,19.3,1,1,1,1,1.0,0,1
21.1,33.6,1,1,1,0,0.0,0,2
17.0,19.5,0,1,0,1,1.0,0,2
27.2,24.1,1,1,1,1,0.0,1,2
14.2,23.3,1,0,1,0,0.0,1,3
63.1,24.3,0,0,0,1,0.0,1,3
59.0,34.7,0,0,0,1,1.0,1,3
68.4,29.6,0,1,0,0,1.0,0,3
18.8,20.9,1,1,1,0,2.0,0,0
64.4,19.1,1,0,1,1,2.0,0,2
24.2,33.6,1,0,1,0,1.0,1,1
49.2,32.5,1,0,0,1,1.0,1,3
7.5,24.5,0,0,1,1,0.0,0,3
67.0,23.5,0,0,0,1,2.0,0,2
3.0,25.2,1,0,1,1,2.0,1,1
61.6,27.2,0,1,1,0,1.0,1,3
64.1,20.3,0,1,0,1,0.0,0,3
55.2,20.9,0,0,1,0,1.0,1,3
30.3,19.9,1,1,0,0,2.0,0,0
18.8,18.6,1,1,1,0,1.0,0,1
16.8,24.0,0,1,1,0,1.0,1,2
38.2,22.9,0,1,0,1,1.0,0,2
52.8,23.2,1,1,0,1,2.0,1,2
66.9,25.7,1,1,1,0,2.0,1,2
14.8,31.5,1,0,0,0,1.0,0,2
67.4,26.1,0,1,1,0,1.0,0,3
39.0,32.2,1,1,0,0,2.0,0,1
38.4,28.9,0,0,0,1,2.0,0,1
40.8,27.8,1,1,0,1,1.0,0,2
3.8,35.0,1,0,1,1,1.0,1,2
68.3,29.0,0,0,0,1,2.0,0,2
35.0,19.9,1,0,1,0,1.0,0,2
13.9,21.2,1,1,0,1,1.0,1,2
44.8,20.7,0,0,1,0,1.0,1,2
22.6,26.9,0,1,1,0,1.0,0,1
37.2,19.7,0,0,1,1,1.0,0,2
38.5,33.0,0,1,1,1,0.0,0,3
56.3,24.7,1,0,0,1,1.0,1,3
29.5,19.8,0,1,0,0,1.0,0,1
31.4,18.9,1,1,1,0,1.0,0,2
28.6,26.7,1,1,1,0,1.0,0,1
45.1,24.4,1,1,1,0,1.0,1,2
64.6,30.3,0,1,0,0,0.0,1,3
18.3,20.7,0,0,1,1,1.0,1,1
17.9,22.2,0,1,1,0,1.0,0,1
40.8,24.9,1,1,0,1,0.0,0,3
26.4,32.1,1,1,1,0,1.0,0,1
8.9,25.4,0,0,1,0,2.0,0,1
67.6,21.0,0,0,1,0,2.0,0,2
22.2,18.9,0,0,1,0,1.0,0,1
36.1,28.1,0,0,1,1,1.0,0,2
45.5,22.0,1,1,1,1,2.0,1,1
55.0,27.9,1,1,0,0,1.0,1,3
15.4,31.5,0,0,0,0,0.0,0,3
69.9,31.4,0,0,1,0,1.0,0,3
42.7,32.5,0,1,0,0,1.0,1,2
6.2,29.7,0,0,1,0,1.0,1,2
30.0,34.7,1,0,1,0,2.0,0,0
3.2,28.4,0,1,1,0,2.0,1,1
17.8,31.2,0,1,1,1,2.0,1,0
31.7,32.3,0,1,0,1,0.0,1,3
49.9,22.0,0,0,1,1,2.0,0,2
71.7,24.4,0,0,0,1,1.0,1,3
13.2,30.6,0,1,1,1,1.0,1,2
36.0,32.1,0,1,1,1,0.0,1,3
50.9,25.0,1,0,1,1,1.0,0,3
30.5,26.5,1,1,1,0,1.0,1,2
45.3,32.0,0,1,0,1,2.0,1,1
15.4,32.1,1,1,1,0,1.0,1,2
17.0,31.8,0,0,1,1,1.0,1,2
49.2,23.3,1,1,0,1,0.0,0,3
46.4,28.2,1,0,1,1,0.0,1,3
19.8,34.0,1,1,0,0,2.0,1,0
37.6,23.0,1,1,0,0,1.0,0,2
