tipo_embalagem,estado_embalagem,tampa_correta,vedacao_adequada,higienizacao_previa,uso_epi,local_envase,manipulador_higiene,aspecto_visual,umidade_mel,temperatura_envase,cristalizacao,rotulo_presente,informacoes_completas,data_validade_legivel,lote_identificado,treinamento_equipe,historico_reclamacoes,registro_lote,tempo_exposicao_ar,probabilidade
1,1,1,1,1,1,0,1,2,1,0,2,1,1,1,1,1,2,1,21.017602710892305,0
0,1,1,1,1,1,1,1,1,1,1,0,1,1,1,1,0,2,1,11.712102916462836,1
0,1,1,1,1,2,1,1,2,1,1,2,1,1,1,1,0,2,1,19.924196747564274,0
1,1,1,1,1,1,1,1,2,0,1,2,1,1,1,1,0,2,1,23.199391366895703,0
1,1,1,1,1,2,0,1,2,1,1,2,1,1,0,1,0,2,1,32.971388014058654,0
0,1,1,1,0,1,1,1,2,1,1,2,1,1,1,1,1,2,1,17.53643393980679,2
1,1,0,1,1,1,0,1,2,1,1,2,1,1,1,1,1,2,1,7.028782104499304,0
1,1,1,1,1,1,1,1,2,1,1,1,1,1,1,1,1,1,1,22.64290357344547,0
0,1,1,0,1,1,1,1,2,1,1,1,1,0,1,1,1,2,1,35.53604463797043,2
0,1,1,1,1,2,1,1,2,1,1,2,1,1,1,1,0,1,1,5.2783871115420276,0
1,1,1,1,1,1,1,1,2,1,1,2,1,1,1,1,1,2,1,39.712624429849456,0
1,1,1,1,1,1,0,1,2,1,1,2,1,0,1,1,1,2,1,21.194689063827212,1
1,1,1,1,1,2,1,1,2,1,0,2,1,1,1,1,1,2,1,49.55623670735494,0
1,1,1,1,1,2,1,1,2,1,0,2,1,1,1,1,1,0,0,50.24303083628121,1
0,1,1,1,1,1,0,1,2,1,1,2,1,1,1,1,1,1,0,57.94566280728588,2
1,1,1,1,1,2,1,1,2,1,1,2,1,1,1,1,1,0,1,7.530145311196401,1
1,1,0,1,1,2,1,1,1,1,1,1,0,1,1,1,1,2,1,56.933837841884205,1
1,1,1,1,1,2,1,1,2,1,1,1,1,1,0,1,1,2,1,42.48875179350343,0
0,1,1,1,1,0,1,1,2,1,1,2,1,1,1,1,1,2,1,42.39146289451352,1
0,1,1,1,1,1,0,0,2,1,1,2,1,1,1,1,0,2,1,16.70003422633259,2
1,1,1,1,1,1,1,1,2,1,1,2,1,1,1,1,1,2,1,33.23293927808161,0
1,1,1,1,1,2,1,1,2,1,1,1,1,1,1,1,1,2,1,50.25346935321812,0
1,1,1,1,0,2,1,1,2,1,1,0,1,1,1,1,0,1,1,21.197167076168643,2
1,1,1,1,1,1,1,1,2,0,1,1,1,1,1,1,1,0,1,27.61636964797024,1
0,1,1,1,1,2,1,1,2,1,1,2,1,1,1,1,1,2,1,36.29948080411612,0
0,1,0,0,1,2,1,1,2,1,1,1,1,1,1,1,0,2,1,7.579305728517095,1
0,1,1,1,1,2,1,1,2,1,1,2,1,1,1,1,1,2,1,40.01543768922554,0
0,1,1,1,1,1,1,1,2,1,1,2,1,0,1,1,0,2,1,34.54948791927386,2
1,1,1,1,1,2,1,1,2,1,1,2,1,1,0,1,1,2,1,12.081161906480414,0
1,1,1,1,1,1,1,0,2,0,1,2,1,1,1,1,1,2,0,13.125650054842469,2
1,1,1,0,1,2,1,1,2,0,1,2,1,1,1,1,1,2,1,31.377015596483762,1
1,1,1,1,1,2,1,1,2,1,1,2,0,1,1,1,1,1,1,8.060941914633643,0
0,0,1,1,1,2,1,0,2,1,1,2,1,1,1,1,0,2,1,15.972881003607586,2
1,1,1,1,1,2,1,1,2,1,1,2,1,1,1,1,0,1,1,38.33560345807113,0
0,1,1,1,1,2,1,1,2,1,0,2,1,1,1,1,0,1,1,54.93263717543838,0
1,1,1,1,1,2,1,1,2,1,1,2,1,1,1,1,1,2,1,14.170191799636074,0
1,1,1,1,1,2,1,1,2,1,1,2,1,1,1,1,1,2,1,31.74966150975843,0
1,0,1,1,1,2,1,1,2,1,1,1,1,1,1,1,1,2,1,10.621696532385977,0
1,0,1,1,1,1,0,1,2,1,0,1,1,1,1,1,1,1,1,25.861813411205187,2
0,1,1,1,1,2,1,1,2,1,1,0,1,1,1,1,0,2,1,20.267294494617996,0
0,1,1,1,1,2,1,1,2,1,1,2,1,1,1,1,1,2,1,21.172457357153434,0
1,1,1,1,1,1,1,0,2,1,1,2,1,1,1,1,1,2,1,15.786220483139905,1
1,1,1,1,1,2,1,1,2,1,1,2,1,1,1,1,1,2,1,11.752728931448967,0
1,1,1,1,1,2,1,0,2,1,1,1,1,1,1,1,0,2,1,30.908599898159792,1
1,1,1,1,1,1,1,1,2,1,1,2,1,1,1,1,0,2,1,44.611141989776264,0
0,1,1,1,1,2,1,1,2,1,1,2,1,1,1,1,1,1,1,29.045636799648396,0
1,1,1,1,1,1,1,1,2,0,1,2,1,1,1,1,1,2,1,43.77090523289242,0
1,1,1,0,1,0,0,1,2,1,1,2,1,0,1,1,1,2,1,40.047736888421774,3
1,1,1,0,1,0,1,1,2,1,1,1,1,1,1,1,1,2,0,30.032902676988584,2
1,1,1,1,1,2,1,1,2,1,1,2,1,1,1,1,1,2,1,59.46877223379774,0
1,1,1,1,1,2,1,1,2,1,1,2,1,1,1,1,0,2,1,21.296946625079453,0
0,0,1,1,1,2,1,1,2,0,1,2,1,1,1,1,1,1,1,40.730565694580264,2
1,1,1,1,1,2,1,0,2,1,1,2,1,1,1,1,0,2,1,17.309968815244268,0
1,1,1,1,1,1,1,1,2,1,1,2,1,1,1,1,1,2,0,17.11007610723962,0
0,1,1,1,1,2,1,1,2,1,1,2,1,1,1,1,1,2,1,39.02362580183514,0
0,1,1,0,1,1,1,1,2,1,1,2,0,1,1,1,1,2,1,34.69919588437205,3
0,1,1,1,1,2,1,1,2,1,0,1,1,0,1,1,1,0,1,58.54189330475683,2
1,1,1,0,0,2,1,1,2,1,1,2,1,1,1,1,1,1,0,42.42746161410922,3
0,1,1,1,1,2,1,1,2,1,1,2,1,1,0,1,1,2,1,58.2506385353097,0
1,1,1,1,1,2,0,0,2,1,1,2,1,1,1,1,0,2,0,37.008427105291936,2
1,1,1,0,0,2,1,1,2,1,1,2,1,1,1,1,1,1,1,38.99856538749655,2
1,0,1,1,0,2,0,0,2,0,1,2,1,1,1,1,1,2,0,56.49167354340294,3
1,1,1,1,1,2,1,1,2,1,1,2,1,1,1,1,0,1,1,52.94809616257109,0
1,1,1,1,1,2,1,1,2,1,1,2,1,1,1,0,1,2,1,44.99429883714694,0
1,1,1,1,0,2,1,1,2,1,1,2,1,1,1,1,0,2,1,45.321216232840456,2
1,1,1,1,1,1,1,1,2,1,1,2,1,1,1,1,1,2,1,22.88545353235822,0
0,1,1,1,0,1,1,1,2,1,1,2,1,1,1,0,1,2,1,51.42937469330584,2
1,1,1,1,1,1,1,1,1,0,1,2,1,1,0,1,1,2,0,57.349648198278146,2
1,1,1,1,1,1,0,1,2,1,1,2,1,1,1,1,0,2,1,56.95378207107128,1
1,1,1,1,0,2,1,1,2,1,1,2,1,1,1,0,1,2,1,48.03120162320504,1
1,1,1,1,1,2,1,1,2,1,0,2,0,1,1,1,1,2,1,18.06492719808801,0
0,1,1,1,1,2,1,1,2,1,0,1,1,1,1,1,1,2,1,44.496769192457194,0
0,1,0,1,1,1,1,0,2,1,0,2,1,1,1,1,1,2,1,44.388287082275646,3
1,1,1,1,1,2,1,1,2,1,1,2,1,1,0,1,1,2,1,53.63135548416243,0
0,1,1,1,1,2,1,1,2,1,1,2,1,1,1,1,0,2,1,16.92068900499266,0
0,1,1,1,1,2,1,1,2,0,1,2,1,1,1,1,0,1,1,36.8112804353525,1
0,1,1,1,1,1,1,0,2,0,1,1,1,1,1,1,1,2,1,59.67766486716421,2
1,1,1,0,1,2,1,1,2,1,0,2,1,1,1,1,1,1,1,13.382880733172959,0
1,1,1,1,1,1,1,1,2,1,1,0,1,1,1,1,1,2,1,26.83398343908559,0
1,1,1,1,1,2,1,1,2,1,1,2,1,1,1,1,0,2,1,43.2223098896354,0
1,1,1,1,1,2,1,1,2,0,1,1,1,1,1,0,0,2,1,58.1202188634271,0
1,1,1,1,1,1,1,1,2,0,1,2,1,1,1,1,1,1,1,11.67617166823359,0
0,1,1,1,1,2,1,1,2,1,1,1,1,1,1,1,1,2,1,47.31176915027369,1
0,1,1,1,1,1,1,1,2,1,1,0,1,1,1,1,1,2,1,11.995986947809728,0
0,1,1,1,1,2,1,1,2,1,1,2,1,1,1,1,1,2,1,26.249190041657354,0
0,1,1,1,1,2,1,0,1,1,1,2,1,0,1,1,1,2,1,56.82734643202561,2
1,1,1,1,0,2,0,1,2,1,1,2,1,0,1,1,0,2,1,54.269802855453506,3
0,1,1,1,1,2,1,1,1,0,1,0,1,1,1,1,1,2,1,32.282631127393756,0
0,1,1,1,1,1,1,1,2,1,1,2,1,1,1,1,0,1,1,44.928895049191254,1
0,1,1,1,1,2,1,1,2,1,1,2,1,1,1,0,0,2,1,10.454795477296875,0
1,1,1,1,1,1,1,1,2,0,1,0,1,1,1,1,1,1,1,53.21579190055103,2
1,1,1,1,1,2,1,1,0,1,1,2,1,1,1,1,0,2,1,35.8363051928894,1
1,1,1,1,1,1,0,1,2,1,1,2,1,1,1,1,0,1,1,45.46147128315544,2
1,1,1,1,1,1,1,1,2,1,1,1,1,1,0,0,1,2,1,21.42990654738252,0
0,1,1,1,1,2,1,1,2,0,1,2,1,1,1,1,1,1,1,41.132533594692674,0
0,1,1,1,1,2,1,1,2,1,1,0,1,0,1,1,0,2,1,24.103882944236346,0
0,1,1,1,1,1,1,1,2,1,1,2,1,1,1,1,1,2,1,13.3185755804214,0
0,1,1,1,1,2,1,0,2,1,0,2,1,1,1,1,1,2,1,40.80354069330248,1
0,1,1,1,0,2,1,1,2,1,1,2,1,1,1,1,0,2,1,47.46068619704947,0
0,1,1,1,1,2,1,1,1,1,1,1,1,1,1,1,1,2,1,54.33268617329439,0
1,1,1,1,1,2,1,1,2,0,1,2,1,1,1,1,1,1,1,22.581675784229958,0
1,1,1,1,1,2,1,1,2,0,0,2,1,1,1,1,1,2,1,46.777032556304746,0
1,1,1,1,1,2,1,1,2,0,1,2,1,1,1,1,1,2,1,49.34077345520849,0
0,0,1,1,1,0,1,1,2,1,0,0,1,1,1,1,0,2,1,46.75868031834636,3
0,1,1,1,1,2,0,1,2,1,1,1,1,1,1,1,0,2,0,58.1433875888739,0
1,1,1,1,1,2,1,1,2,1,1,2,1,1,1,1,0,2,1,50.34941444478677,0
0,1,1,0,1,2,1,1,2,1,1,2,1,1,1,1,1,2,1,17.112391575752333,0
1,1,1,1,0,2,0,1,1,1,1,1,1,1,1,1,1,2,1,42.203449928611576,2
0,1,1,1,1,2,1,1,2,1,0,0,1,1,1,1,1,2,1,30.835906964487606,0
1,1,1,1,0,2,1,1,2,1,1,1,1,1,1,1,1,2,1,36.61287548454283,3
1,1,1,1,1,2,1,1,2,1,1,2,1,1,0,1,0,2,0,38.20874991221633,0
0,1,1,1,1,2,1,0,1,1,1,2,1,1,1,0,1,2,1,53.053422640648975,1
0,1,1,1,1,0,1,1,2,1,0,1,1,1,1,1,1,2,1,42.01316423169378,2
1,1,1,1,1,2,1,1,2,1,1,2,1,1,1,1,1,1,1,24.02326034058216,0
0,1,1,1,0,2,1,1,2,1,1,2,1,1,1,1,0,2,1,26.131369214219013,1
1,1,1,1,1,2,0,1,2,1,1,2,1,1,1,1,0,0,1,47.544639034401015,2
1,1,1,1,1,2,1,1,2,1,1,1,1,1,1,1,1,1,1,16.40199517531569,0
1,1,1,1,1,2,0,1,2,1,0,2,1,1,1,0,1,2,0,42.44157411282671,0
0,1,1,1,0,2,1,1,2,1,1,2,1,1,1,1,1,2,1,38.11643419451288,1
1,1,1,0,0,2,1,1,2,1,0,2,1,1,1,1,0,2,1,39.789926048120535,3
1,1,1,1,1,2,1,1,1,0,0,1,1,0,0,1,1,2,1,43.50188500246574,2
1,1,1,1,0,2,1,1,2,1,0,1,1,1,1,1,0,2,1,44.05605310319387,2
0,1,1,1,1,1,0,1,2,1,1,0,1,1,1,1,1,2,1,50.17875954034263,1
1,1,1,1,1,1,1,1,2,1,1,1,1,1,1,1,1,1,1,48.06591505242031,0
1,1,1,1,1,2,0,1,2,0,1,2,1,1,1,1,1,2,1,11.381247474149312,0
1,1,1,0,1,2,1,1,2,1,1,1,1,1,1,0,1,2,1,28.800102481083755,0
0,1,1,0,1,2,1,1,2,1,1,2,1,1,1,1,0,2,1,22.35950390698425,0
1,1,1,1,1,2,0,1,2,1,1,0,1,1,0,1,1,2,1,34.201572312665164,0
0,1,1,1,1,2,1,1,2,1,0,0,1,1,1,1,0,2,1,33.48782902419184,0
1,0,1,1,1,2,0,1,2,1,1,1,1,0,1,1,1,2,1,8.181444719593834,2
1,1,1,1,1,1,1,1,2,0,1,2,1,1,1,1,1,2,1,23.98557146718158,0
0,1,1,1,0,1,0,1,2,0,1,2,1,1,1,0,1,2,1,35.06174281177622,3
0,1,1,1,0,2,1,1,2,1,1,1,1,1,1,1,1,2,1,37.64585144583323,1
1,1,1,1,1,2,1,1,2,1,1,2,1,1,1,1,0,2,1,32.439261549476804,1
1,1,1,1,0,2,1,1,2,1,1,2,1,0,1,1,1,2,1,33.19961362969455,2
1,1,1,0,1,1,1,1,2,1,1,2,1,1,1,0,1,2,1,57.597605136314016,1
1,1,1,1,1,2,1,1,2,1,1,2,1,1,1,1,1,1,1,21.263207072288232,0
0,1,1,1,1,2,0,1,1,1,1,1,1,1,1,0,1,2,1,35.068528630622254,0
1,1,1,1,1,1,0,1,2,0,1,1,1,1,1,1,1,2,1,18.90474833490603,1
0,1,1,1,1,2,1,1,2,1,1,0,1,1,1,1,1,2,1,39.76877245525516,0
1,1,1,1,1,2,1,1,1,1,0,1,1,1,0,0,0,1,1,13.652945400100553,1
1,1,1,1,1,2,1,1,2,0,1,1,1,1,1,1,1,2,1,34.38598035415217,0
1,1,1,1,1,2,1,1,2,1,1,2,1,1,1,0,1,2,1,59.004813394209656,0
0,1,1,0,1,1,1,1,2,1,1,1,1,0,1,1,0,1,1,59.012724535877936,3
1,1,1,1,1,2,1,1,2,0,1,2,1,1,1,1,0,2,1,33.583734459196634,0
1,1,1,1,1,2,0,1,2,1,0,2,1,1,1,1,1,2,1,36.001298406581924,0
1,1,1,1,0,1,0,1,2,1,1,0,1,1,1,0,1,2,1,34.809454118937126,3
0,1,1,1,1,2,1,1,2,1,0,2,1,1,1,1,1,1,1,41.887153896027904,0
0,1,1,0,1,0,1,0,1,1,1,2,1,1,1,1,1,2,1,32.14255456849246,3
1,1,1,1,1,1,1,1,2,1,1,2,1,1,0,1,1,2,1,50.850372377917715,0
1,1,1,1,1,2,1,1,2,1,1,0,1,1,1,0,1,2,1,33.4033413520236,0
1,1,1,1,1,2,0,1,2,1,1,2,1,1,1,1,1,2,1,25.543609729482814,0
0,1,1,0,1,2,1,1,2,1,1,2,0,1,1,1,1,2,1,28.628472567279985,1
1,1,1,1,1,2,1,1,2,0,1,2,1,1,1,1,0,2,1,46.216474904063745,0
1,1,1,1,1,2,1,1,2,1,1,0,1,1,1,1,1,2,1,11.28571734988887,0
1,1,1,1,1,2,1,1,2,1,1,2,1,1,1,1,1,1,1,20.702982906518137,0
1,1,1,1,0,2,1,0,2,1,0,2,1,1,1,1,1,2,1,59.40697646767626,3
1,0,1,0,1,2,1,1,2,0,1,2,1,1,1,1,1,1,1,7.676171501394232,2
1,1,1,1,1,2,0,1,2,1,1,1,1,1,1,1,1,2,1,34.79055300192179,0
1,1,1,1,1,1,1,1,2,1,1,2,1,1,1,1,1,2,1,34.32882696035064,0
1,1,1,1,1,1,1,1,1,1,1,2,1,1,1,1,0,1,1,19.520239247770622,0
1,1,1,1,1,2,1,1,2,1,1,0,1,1,1,1,1,2,1,49.074139553059474,0
0,1,1,1,1,2,1,1,2,0,0,1,0,0,1,1,1,1,1,5.294038846990045,2
1,1,1,0,1,2,1,1,2,1,1,1,1,1,1,1,1,2,1,30.364179568965053,0
1,1,1,1,1,1,1,1,1,1,1,0,1,1,1,1,0,0,1,29.910108864718595,2
0,1,1,1,1,2,1,1,2,1,1,2,1,1,1,1,0,2,1,8.659018451597039,0
1,1,1,1,1,2,1,1,2,1,1,1,1,1,1,1,1,2,1,12.036530848148075,0
1,1,1,1,1,2,1,1,2,1,0,2,1,1,1,1,0,1,0,13.556429027811626,0
1,1,1,1,1,2,1,1,2,1,1,0,1,1,1,1,1,2,1,31.317286394077904,0
1,1,0,1,1,2,1,1,2,1,1,1,1,1,1,1,0,0,1,35.9405360700176,1
1,0,1,1,1,2,1,1,2,1,0,2,1,1,1,1,1,2,1,33.209338053534516,1
1,1,1,1,1,1,1,1,2,1,1,2,1,1,1,1,1,2,1,54.169186277582845,0
1,1,1,1,0,1,1,1,2,1,1,2,1,1,1,1,1,1,1,18.039658968453708,2
1,1,1,1,1,0,1,1,2,1,1,2,1,1,1,1,1,2,0,40.56302441717641,1
1,1,1,1,1,1,1,1,2,1,1,1,1,1,1,1,0,2,1,38.592390187677125,0
0,1,1,1,1,2,1,1,2,1,1,2,1,1,1,1,1,2,0,40.04020854534434,0
1,1,1,1,1,2,1,1,2,1,1,2,1,1,1,1,0,2,1,9.894434317099066,0
1,1,1,1,1,1,1,1,2,1,1,2,1,0,1,1,1,2,1,21.18467051504129,0
1,1,1,1,1,2,1,1,2,1,1,1,1,1,1,1,1,2,1,31.719958590194732,0
1,1,1,1,1,2,1,1,1,1,0,2,1,1,1,1,1,2,1,9.550372179301892,0
1,1,1,1,0,2,1,1,2,1,1,2,1,1,1,1,1,1,1,48.64638599963409,1
1,1,1,0,1,2,1,1,2,1,1,2,1,1,1,1,1,2,1,9.657858803141876,0
1,1,1,1,1,2,1,1,2,1,0,2,1,1,0,1,1,1,1,58.41329990525572,0
1,1,1,1,1,2,1,0,2,1,1,2,1,1,1,1,0,2,1,42.17026088072405,1
0,1,1,1,1,0,1,1,2,1,1,2,1,1,1,1,1,2,1,39.64013599390892,1
1,1,1,1,1,2,0,1,2,1,1,1,1,1,1,1,1,2,1,22.886615795191624,2
1,1,1,1,1,1,1,1,2,0,1,2,1,1,1,1,1,2,1,15.895253419615926,0
1,1,1,1,1,1,1,1,2,1,1,1,1,0,1,1,0,1,1,57.153834578454365,2
0,1,1,0,1,1,1,0,2,1,1,2,1,1,1,1,1,0,0,34.44523676499082,3
1,1,1,1,0,2,1,1,2,1,0,0,1,0,1,1,1,2,1,52.88486348159198,3
1,1,1,1,1,1,1,1,2,1,1,2,1,1,1,1,1,2,1,58.68179842301121,0
1,1,1,1,1,2,1,1,2,0,0,2,1,0,0,1,0,2,1,11.450408129024478,2
1,1,1,1,1,2,1,1,2,1,1,2,0,1,1,1,0,2,1,18.947126434800303,0
1,1,1,1,1,2,1,0,2,0,1,1,1,1,1,1,0,0,1,12.886745350599089,1
1,1,1,1,1,1,0,1,2,0,1,1,1,1,1,1,0,1,1,6.531873245159092,2
1,1,1,1,1,2,0,1,2,1,1,0,1,1,1,1,1,1,1,21.13443817925554,0
1,1,1,1,1,2,1,0,2,1,1,2,1,0,1,1,1,2,1,12.401694690725925,1
1,1,1,1,1,2,1,1,0,1,1,1,0,1,1,1,1,2,0,35.18800408484299,2
1,1,1,1,1,1,1,1,2,1,1,2,1,1,1,1,1,2,1,22.338168905719794,0
1,1,1,1,1,2,1,1,2,1,1,0,1,1,1,1,0,1,1,10.942450765702391,0
1,1,1,0,1,2,1,1,2,1,0,2,1,1,1,1,1,2,1,45.16219447664871,0
1,1,1,1,1,2,1,0,2,0,1,2,1,1,1,1,1,2,1,18.798350493988515,0
1,1,1,0,1,2,1,1,2,1,1,2,1,1,1,1,1,2,1,8.379545957193313,0
1,1,1,1,1,2,1,1,2,0,1,1,1,1,1,1,1,2,1,24.001446954789515,0
1,1,1,1,1,1,0,1,2,1,0,2,1,1,1,1,1,2,1,48.09082580270972,1
1,1,1,1,1,2,0,1,2,1,1,2,1,1,1,0,1,1,1,20.418411390327687,0
1,1,1,0,1,2,1,1,2,0,1,2,1,1,1,1,1,2,1,37.9209646269768,1
1,1,1,1,1,2,1,0,2,1,1,1,1,0,1,1,0,1,1,7.813261309121869,2
1,1,1,1,1,2,0,0,2,1,1,2,1,0,1,0,0,2,1,7.507183687176784,2
1,1,1,1,1,1,1,1,2,1,1,2,1,1,1,0,0,2,1,27.593384549978648,0
1,0,1,1,0,2,1,1,2,1,1,0,1,1,1,1,1,2,0,20.433044728085378,2
1,1,1,1,1,1,1,1,2,0,1,1,1,1,1,1,1,2,0,43.06278041718596,1
1,1,1,1,1,1,1,1,2,0,1,2,1,1,1,1,1,2,1,24.679618713457618,0
1,1,1,1,1,1,1,0,2,1,1,1,1,1,1,1,1,2,1,19.37331598369611,1
1,1,1,0,1,1,1,0,2,1,1,2,1,1,1,1,1,2,1,6.241048143794098,2
1,1,1,1,1,2,1,1,2,1,1,1,1,1,1,1,1,1,0,14.450620319671215,0
0,1,1,1,0,2,1,1,2,0,1,2,1,1,1,1,1,2,1,20.797166506283297,1
0,1,1,1,1,1,1,1,2,1,1,2,1,1,1,1,1,2,1,48.004000214828935,0
1,1,1,1,1,2,1,1,2,1,1,2,1,1,1,1,0,2,1,25.362770212651718,0
1,1,1,1,1,2,0,1,2,1,1,2,1,1,1,1,1,1,1,56.97632355193128,0
1,1,1,1,1,2,1,1,2,1,1,2,1,1,1,1,1,1,1,45.80877512326922,0
0,1,1,0,1,2,1,1,2,1,1,1,1,1,1,1,1,2,1,10.797075756805425,0
1,1,1,1,1,1,1,1,1,1,1,2,1,1,1,1,1,2,1,5.589341373244742,0
1,1,1,1,1,2,1,1,2,0,1,1,1,1,1,1,1,2,1,50.113932541968936,0
1,1,1,1,1,2,1,1,2,1,1,0,1,1,1,0,1,2,1,14.229802760531575,0
0,1,1,1,1,2,1,1,2,1,0,0,1,1,1,1,0,2,1,23.768444736674635,0
1,1,1,1,0,2,1,1,2,1,1,1,1,1,1,1,1,2,0,27.191453296484976,0
1,1,1,0,1,1,1,0,2,1,1,2,1,1,1,1,1,1,1,8.312481969516359,2
0,1,1,1,1,2,0,0,2,0,1,2,1,1,1,1,0,2,0,33.14792511132144,3
1,1,1,1,1,1,1,1,2,1,1,2,1,1,1,1,1,2,1,35.08749400885677,0
1,1,1,1,1,2,1,0,2,1,1,1,1,0,1,1,1,2,1,15.56088466070202,1
1,1,1,1,1,1,1,1,2,1,0,2,1,1,1,1,0,2,1,38.05200164957454,1
1,1,1,1,1,1,0,1,2,1,0,2,1,0,1,1,1,1,1,21.388747952271405,2
1,0,1,1,1,2,1,1,2,1,1,2,1,1,1,1,1,2,1,46.790301213561364,0
1,1,1,1,0,1,1,1,2,1,1,1,1,1,1,1,1,2,1,49.64936950929875,2
1,1,1,1,1,2,1,1,2,1,0,2,1,1,1,1,1,1,1,35.01327828471642,0
0,1,1,1,1,2,1,1,2,1,1,2,1,1,1,1,0,0,1,18.329453232521928,0
1,1,1,1,1,2,1,1,2,1,1,0,1,0,1,1,1,2,1,52.000106626119916,0
1,1,1,1,1,2,1,1,2,1,1,1,1,1,1,1,1,2,1,44.55848603167075,0
1,1,1,1,1,2,1,1,2,0,1,2,1,1,1,1,1,1,1,39.285876127794886,0
1,1,1,1,1,2,1,1,2,1,1,1,1,1,1,1,1,2,1,7.019211891568665,0
1,1,0,1,1,2,0,1,2,1,1,2,1,0,1,1,0,1,1,47.28109222493821,2
1,1,1,0,1,1,0,1,2,1,1,0,1,1,1,1,1,1,1,10.472206788013056,2
1,1,1,1,1,1,1,1,2,1,1,1,1,0,1,1,1,2,1,23.880151898544653,0
1,1,1,0,1,2,1,0,2,1,1,1,1,1,1,1,1,2,1,12.220838460265332,1
0,1,1,1,1,1,1,1,2,1,0,1,1,1,1,1,0,1,1,28.402811259951353,1
0,0,1,1,1,1,1,1,2,1,0,2,1,1,1,1,1,2,1,43.54446299009572,2
1,1,1,1,0,2,1,1,2,1,1,2,1,1,1,1,0,2,1,22.942127883951233,1
1,1,1,1,1,1,1,1,2,1,1,0,1,1,1,1,1,2,1,27.59023489200566,0
0,1,1,0,1,2,1,1,2,1,1,2,1,1,1,1,1,2,0,52.46277928221601,0
0,1,1,1,1,2,1,0,2,1,1,2,1,1,1,1,1,2,1,17.5114882031447,0
1,1,1,1,1,1,1,1,2,1,0,0,1,1,1,0,0,2,1,30.7246338784133,2
1,0,1,0,1,2,1,1,2,1,1,2,1,1,1,1,1,2,1,57.73795302547255,2
1,1,1,1,1,1,1,1,2,1,1,1,1,0,1,1,1,2,1,55.02774651110194,1
1,1,1,1,1,2,0,1,2,1,1,2,1,1,1,1,0,1,0,51.475673043567674,1
0,1,1,1,1,1,1,1,0,1,0,1,1,1,1,1,1,2,1,46.28291512092695,2
0,1,1,1,1,1,1,1,2,1,1,2,1,1,1,1,1,2,1,37.97784930242297,0
1,1,1,1,1,1,1,1,2,1,0,2,1,1,0,1,1,0,1,33.27450564214019,2
1,1,1,1,0,2,1,1,0,1,1,1,1,1,1,1,1,2,1,11.54617174712276,2
1,1,1,1,0,2,1,1,2,0,1,1,1,1,1,1,1,2,1,19.728586098744856,1
0,1,0,1,1,1,1,1,2,1,1,2,1,1,1,1,1,2,1,7.891591879605173,0
1,1,1,1,1,2,0,1,2,1,1,2,1,1,0,1,1,2,1,40.88617755289777,0
1,1,1,1,1,2,1,1,2,1,1,0,1,1,1,1,1,2,0,52.64010398779662,0
0,1,1,1,1,1,1,1,2,1,1,2,1,1,1,1,1,2,1,29.466164763729125,0
0,1,1,1,1,2,1,1,2,0,1,2,1,1,1,1,0,1,1,24.128032167688794,3
1,1,1,1,1,2,1,1,1,1,1,2,1,0,1,1,1,2,1,33.892504544789674,0
1,1,1,1,1,2,1,1,2,0,1,0,1,1,1,1,1,1,1,50.1692681205065,0
1,1,1,1,1,1,0,1,2,1,0,2,1,1,1,1,1,2,1,15.352770987297507,0
0,1,1,0,0,2,1,1,2,1,1,0,1,1,1,1,1,1,1,11.936057792324375,2
1,1,1,1,1,1,1,1,2,1,1,2,1,1,1,1,1,2,1,6.838296483952707,0
0,1,1,1,1,2,1,1,2,1,1,1,1,1,1,1,1,2,1,29.638441101020447,0
1,1,1,1,1,1,1,1,2,0,1,2,1,1,1,1,1,2,1,21.705427542380466,0
0,1,1,1,1,1,1,1,1,0,1,2,1,1,1,1,1,2,1,7.145353141954997,0
1,1,1,1,1,2,1,1,2,1,1,2,1,1,1,1,1,2,1,22.070398900946604,0
1,1,1,1,1,1,0,1,2,1,1,1,1,0,1,1,0,2,1,40.875461205014545,2
1,1,0,1,1,2,1,1,2,1,1,2,1,1,1,1,1,1,1,10.508524862872182,0
1,1,1,1,1,2,1,1,2,1,1,0,1,1,1,1,1,2,1,43.97209501723039,0
0,1,1,0,1,2,1,1,2,1,1,2,1,1,1,1,1,1,0,5.9169352829798205,0
0,1,1,1,1,1,1,1,2,1,1,1,0,0,1,1,1,0,1,44.49374886604735,3
1,1,1,1,1,1,1,1,2,1,1,2,1,1,1,1,1,2,1,31.723708340428725,0
1,1,1,1,1,2,1,1,2,1,1,2,1,1,1,1,1,1,1,29.57808073602414,0
0,1,1,1,1,2,1,1,2,1,1,2,1,1,1,1,0,2,1,42.038085090128796,0
1,1,1,1,1,2,1,1,2,1,1,2,1,0,1,1,1,2,0,42.41378785817057,0
0,1,1,1,0,2,1,1,2,1,1,2,1,1,1,1,1,1,1,50.404416283622865,2
0,1,1,1,1,0,0,1,2,1,0,2,1,1,0,1,1,2,1,5.730466190221905,2
1,1,1,1,1,2,1,1,2,0,1,2,1,1,1,0,1,2,1,49.98021404614048,0
1,1,1,1,1,2,0,1,2,1,0,0,1,1,1,1,0,2,1,48.39026796312269,1
1,1,1,1,1,2,1,1,2,0,1,2,1,1,1,1,1,2,1,26.680477202994936,0
1,1,1,1,1,2,1,1,2,1,1,2,1,0,1,1,1,1,1,21.88982588481368,3
1,1,1,1,1,2,1,1,2,1,1,0,1,1,1,1,1,2,1,37.088441832925014,0
1,1,1,1,1,1,1,1,2,1,0,1,1,1,1,0,0,2,1,29.946504528834613,1
1,1,1,0,1,2,1,1,2,0,1,1,1,1,1,0,0,2,1,40.05713646650719,2
1,1,1,1,1,1,1,1,2,1,1,2,1,0,1,0,1,2,1,50.98433954374045,1
1,1,1,1,1,2,1,0,2,0,1,0,1,1,1,1,0,1,1,37.64230287020183,3
0,1,1,1,1,1,0,1,2,1,1,2,1,1,1,1,0,1,1,27.13894955195781,1
1,1,1,1,1,2,0,1,2,1,1,2,1,1,1,1,0,2,1,15.47099824633691,0
0,1,1,1,1,2,1,1,2,0,1,2,1,1,1,1,1,1,1,45.72802366700752,0
1,1,1,1,0,2,1,1,0,1,1,2,1,1,1,1,1,1,1,51.339602616925035,3
1,1,1,1,1,2,0,1,2,1,1,1,1,1,1,1,1,2,1,36.28470050386301,0
1,1,1,1,1,2,1,1,2,1,0,2,1,1,1,1,1,2,1,25.69047578232922,0
1,1,1,1,1,1,1,1,2,1,1,0,1,1,1,1,0,1,1,27.478475924901367,0
0,0,1,1,1,1,1,1,2,1,1,1,1,1,1,1,0,2,1,37.794221637798614,2
0,1,1,1,1,2,1,1,2,1,0,2,1,1,1,1,1,1,1,50.66115863901691,0
1,1,1,1,0,2,1,1,2,1,1,0,1,1,1,1,1,2,1,9.847823386493566,0
1,1,1,1,1,2,1,1,2,1,1,2,1,1,1,1,1,2,0,24.372703628890992,0
1,1,1,1,1,2,1,1,2,0,1,2,1,1,1,1,1,2,1,53.489944204647585,0
1,1,1,1,1,2,1,0,2,0,1,2,1,1,1,1,1,2,1,22.616430837320838,0
0,1,1,0,1,1,1,1,2,1,0,2,1,1,1,1,1,2,1,44.267687132562436,2
1,1,1,1,1,2,1,0,2,1,1,1,1,1,1,1,1,1,1,12.184890985654786,0
0,1,1,1,0,2,0,1,2,1,1,2,1,0,1,1,1,2,1,51.49314866287997,3
1,1,1,1,1,1,0,1,1,1,1,2,1,1,1,0,0,2,1,53.85497080813283,2
1,1,1,1,1,2,0,1,2,0,1,1,1,1,0,1,1,2,0,46.521289688177774,1
0,1,1,1,1,2,1,1,2,1,1,0,1,1,1,1,1,2,1,36.2906773214594,0
1,1,1,1,1,2,0,1,2,1,1,1,1,1,1,1,1,2,1,34.34141148096306,0
1,1,1,1,1,2,1,1,2,1,1,0,1,1,1,1,1,2,1,27.350152290260382,0
1,1,1,1,1,2,1,1,2,1,1,2,1,1,1,1,1,2,1,32.202837902006735,0
0,1,1,1,1,2,0,1,2,0,1,2,1,1,1,1,1,2,1,46.05486708714127,0
1,1,1,1,1,2,1,1,1,0,1,2,1,1,1,1,0,2,1,43.17724096869303,2
0,1,1,1,1,2,1,1,2,1,1,2,1,1,0,0,0,2,1,48.916633361173396,0
0,1,1,1,1,1,0,0,2,1,1,2,1,1,1,1,0,2,1,5.950842461984976,2
1,1,0,0,1,1,1,1,2,1,1,1,1,1,1,1,1,2,1,46.11784204546934,2
1,1,1,1,1,2,1,1,2,1,0,2,1,0,1,1,1,2,1,19.53648640255652,0
1,1,1,1,1,1,0,1,2,0,1,2,1,1,1,1,1,2,1,27.56610416191706,1
0,1,1,1,1,2,1,1,1,1,1,1,1,1,1,1,1,2,1,10.486995673656331,0
1,1,1,0,1,2,1,1,2,1,1,2,1,0,1,1,1,2,1,26.319354386135263,0
1,1,1,1,1,1,1,1,2,1,1,1,1,1,1,1,1,2,1,42.94030310937006,0
0,1,1,1,1,2,1,1,2,1,1,2,1,1,1,1,1,2,1,23.073238671391348,0
1,1,1,1,0,0,0,1,2,0,1,1,1,1,1,1,1,2,1,31.58712300876523,3
0,1,1,1,1,2,1,1,2,1,1,2,1,1,1,0,1,2,1,46.52832281489005,0
1,1,1,1,1,2,1,1,2,1,1,2,1,1,1,1,0,2,0,36.31340475489738,0
1,1,1,1,0,1,1,1,2,1,1,2,1,1,1,1,1,2,1,21.104707670544283,1
1,1,1,1,1,2,1,1,2,1,0,0,1,1,1,1,0,2,1,12.285792470982011,0
1,1,1,1,1,2,0,1,2,1,1,1,1,1,1,1,1,2,1,17.998850883051528,0
1,1,1,1,1,2,0,1,2,0,1,2,1,0,0,1,0,2,1,45.70097900870171,2
1,1,1,0,1,2,0,0,2,1,1,2,1,1,1,1,1,2,1,32.8175058628066,1
1,1,1,0,1,2,1,1,2,1,1,1,1,1,1,1,1,2,1,47.81837340339149,0
1,0,1,1,1,2,1,1,1,1,1,2,1,1,1,1,1,2,1,40.64561699935893,3
1,1,1,1,1,2,1,0,2,1,1,2,1,1,1,1,1,1,1,31.73243091665598,1
1,1,1,1,1,2,1,1,2,1,0,2,1,1,1,1,1,1,1,8.838971669211237,0
0,1,1,1,1,2,0,1,2,1,1,2,1,1,1,0,1,2,1,32.81109965866207,0
1,1,1,1,1,2,1,1,2,1,1,0,1,1,1,1,1,1,1,20.17605638725346,0
1,1,1,1,1,2,1,1,2,1,1,1,1,1,1,1,0,1,1,55.29893845911308,0
1,1,1,1,1,1,1,1,2,1,1,0,1,1,1,1,1,2,1,54.639363545121654,0
0,1,1,1,1,1,0,1,2,1,1,2,1,1,1,1,1,2,0,47.05539649377617,1
1,1,1,1,1,2,1,1,1,1,1,2,1,1,1,1,1,2,1,56.11741613386138,0
1,1,1,1,1,2,1,1,2,1,1,0,1,1,1,1,0,1,1,6.635494371203143,0
1,1,1,1,1,1,0,1,2,1,1,2,1,1,1,1,1,1,1,37.32266127172559,1
1,1,1,1,1,1,1,1,1,1,1,2,1,1,1,1,1,0,1,58.49446324379039,2
0,1,1,1,1,2,1,1,2,1,1,0,1,1,1,0,0,2,1,55.70931117808449,0
1,1,1,1,1,2,0,1,2,1,1,2,1,0,1,1,0,2,1,44.419522217220305,1
0,1,1,1,1,2,1,1,2,0,1,2,1,1,1,1,0,2,1,42.58889678796544,0
1,1,1,1,1,1,1,0,2,1,0,1,1,1,1,1,0,0,1,21.576548767149756,3
0,1,1,1,1,2,1,0,1,1,1,2,1,1,1,1,0,1,1,29.412079512731317,2
1,1,1,1,1,1,1,1,2,0,1,2,1,1,1,0,0,2,1,29.788833203771212,1
1,1,1,1,1,2,1,1,2,1,1,0,1,1,1,1,1,2,1,7.206854114355522,0
1,1,1,1,1,1,1,1,1,1,1,2,1,1,0,1,0,2,0,44.40491398573345,2
1,1,1,1,1,2,1,1,2,1,1,2,1,1,1,1,1,2,1,17.388194628438544,0
0,1,1,1,1,2,1,1,2,1,1,2,1,1,1,1,1,2,1,44.786707887021066,0
1,1,1,1,1,1,1,1,1,0,1,2,1,1,1,1,1,2,1,18.1134948424416,0
1,1,1,1,1,2,1,1,2,1,1,2,0,1,1,1,1,2,1,20.113879592234532,0
0,1,1,1,1,2,1,1,2,1,1,1,1,1,1,1,1,1,1,38.45925255924233,0
1,0,1,1,1,2,1,1,2,1,1,2,1,1,1,1,1,2,1,38.138124996610074,0
1,1,1,0,1,1,1,1,2,1,0,2,1,1,1,1,1,1,1,7.252334268221388,2
1,1,1,1,1,1,1,1,2,0,1,1,1,1,1,1,1,2,0,53.97582656911394,1
1,1,1,1,1,1,1,1,2,1,1,2,1,1,1,1,1,1,1,58.58677297107626,0
1,1,1,1,1,2,1,1,2,1,1,1,1,1,1,1,1,1,1,37.03175296246767,0
1,1,1,1,1,1,0,1,2,1,1,0,1,0,1,1,1,2,1,8.044238406995236,2
1,1,1,0,1,1,0,1,2,0,1,2,1,1,1,1,1,2,1,36.01268675404717,3
1,1,1,1,1,2,1,1,2,0,0,2,1,1,1,1,1,2,1,57.87603585790434,0
1,0,1,1,1,2,1,1,2,1,1,1,1,1,1,1,0,2,1,46.227969261641924,1
1,1,1,1,1,1,1,1,2,1,1,1,1,1,1,1,0,2,1,15.261817458950274,0
1,1,1,1,1,2,1,1,2,1,1,2,1,1,1,1,1,2,0,39.70687966416269,0
1,1,1,1,1,1,1,1,2,0,1,0,1,1,1,1,1,2,1,18.0112358866105,0
0,1,1,1,1,0,1,1,2,1,1,2,1,1,1,1,1,2,1,5.7983301990184835,0
1,1,1,1,1,1,1,1,2,1,1,2,0,1,1,1,1,2,0,33.19211467228807,2
1,1,1,1,1,2,1,1,1,1,1,2,1,1,1,1,1,2,1,31.325467880278868,0
0,1,1,1,1,2,1,0,0,1,1,1,1,1,1,1,0,1,1,19.336651040915594,3
1,1,1,1,1,2,1,1,2,1,1,1,1,1,1,1,0,2,1,39.37190737243076,0
1,1,1,0,1,1,1,1,2,1,1,0,1,1,1,1,1,0,1,6.803993085229281,2
1,1,1,1,1,2,1,1,2,1,1,1,1,1,1,1,1,2,1,48.57044660513848,0
1,1,1,1,1,1,1,1,2,0,1,2,1,1,1,1,1,2,1,7.184116416473597,0
1,1,1,1,1,2,1,1,2,1,1,2,1,1,1,1,0,2,1,24.441261132060834,0
0,1,1,1,1,2,1,1,2,1,0,2,1,0,1,0,1,1,1,14.661976388272148,0
1,1,1,1,1,2,1,1,2,1,1,2,0,1,1,1,1,2,1,45.29978784773186,0
1,1,1,1,1,2,1,1,2,0,1,2,1,1,1,1,1,2,1,58.684308285988536,0
1,1,1,1,1,2,1,1,1,1,1,1,1,1,1,1,1,2,1,27.453063564046428,0
1,1,1,1,1,2,0,1,2,0,0,2,1,1,1,1,1,2,1,8.494464733315521,0
1,1,1,1,1,2,1,1,1,1,1,1,1,1,1,1,1,2,1,44.16043786589895,0
1,1,1,1,1,2,1,1,1,1,1,1,1,1,1,1,1,2,1,45.17830597144797,0
1,1,0,1,1,2,1,1,2,1,0,1,1,1,1,1,1,2,1,36.185677898109475,0
0,1,1,1,1,2,1,1,2,1,1,2,1,1,1,1,1,2,1,56.080115310253454,0
0,1,1,1,1,2,1,1,0,1,1,1,1,1,1,1,0,0,0,23.043832646711177,2
1,1,1,1,1,0,1,1,2,1,1,1,1,0,1,1,1,1,1,31.181138878406593,2
0,1,1,1,1,2,0,1,2,0,1,2,1,0,1,1,0,1,0,44.7611869731232,3
1,1,1,1,1,2,1,1,1,1,1,2,1,1,1,0,1,2,1,11.858359591798177,0
1,1,1,1,1,2,1,1,2,1,1,0,1,0,1,1,1,2,1,16.601003485858158,0
1,1,1,1,1,2,0,1,2,1,1,1,1,1,1,1,0,0,1,7.479887080296446,1
1,1,1,1,1,2,1,1,2,1,1,2,1,1,1,0,1,2,1,58.232429313976716,0
1,1,1,1,1,2,1,1,2,1,1,1,1,1,1,1,1,2,1,21.031627526339506,0
1,1,1,1,1,1,1,1,2,1,1,1,1,1,1,1,1,2,0,5.087155445648706,0
1,1,1,1,1,2,1,1,2,1,1,2,1,1,1,1,1,0,1,6.670876897495438,0
0,1,1,1,1,2,1,1,1,1,0,2,1,1,1,1,1,1,1,54.30600714926125,0
1,1,1,1,1,2,1,1,2,1,1,2,1,0,1,1,1,1,0,8.06622791586804,0
1,1,1,1,1,1,1,1,2,1,1,0,1,1,0,1,0,2,1,56.762457166774595,1
0,1,1,1,0,2,1,1,2,1,1,2,1,1,1,1,1,2,1,7.6617735070171085,0
1,1,1,1,1,2,1,1,2,1,1,2,1,1,1,1,1,2,1,13.369603103505485,0
0,1,1,1,1,1,1,1,2,1,1,2,1,1,1,1,0,1,1,35.96571187444147,1
0,1,1,1,1,2,1,1,1,1,1,1,1,1,1,1,1,2,1,23.08409925181495,0
0,1,1,1,1,0,1,1,2,1,1,1,1,1,1,1,0,2,0,25.17432368270031,1
0,1,1,1,1,2,1,0,2,0,1,1,1,1,1,1,1,2,1,40.42145404115693,2
1,1,1,1,1,2,1,1,2,1,1,2,1,1,1,1,1,2,1,24.697962965769303,0
1,1,1,1,1,2,1,1,2,1,1,2,1,1,1,1,1,2,1,58.55792755384109,0
1,1,1,1,1,1,1,1,2,1,1,0,1,1,1,1,0,0,1,14.690692339033614,2
1,1,1,1,1,1,1,1,2,0,1,2,1,1,1,1,1,2,1,18.04899000114255,0
1,1,1,0,1,2,1,1,2,1,1,2,1,1,1,1,1,1,1,52.61499804087365,0
1,1,1,1,1,2,1,1,2,1,1,0,1,1,1,1,1,1,1,32.760671145919346,0
0,1,1,1,1,1,1,1,2,1,1,1,1,0,1,1,1,1,1,48.55785579566937,2
1,1,1,1,1,2,1,1,2,1,1,1,1,1,1,1,1,2,1,45.273085275075815,0
1,1,1,1,1,2,1,1,2,0,1,2,1,1,1,1,1,2,1,7.228004511772701,0
0,1,1,1,1,2,1,1,2,1,0,2,1,0,1,1,1,2,1,19.416213460923807,0
1,1,1,1,0,2,1,1,1,1,1,1,1,0,1,1,1,2,0,55.60625973274458,2
0,1,1,1,1,1,1,1,2,1,1,2,0,1,1,1,1,2,1,12.368617671237967,1
0,1,1,1,1,2,1,1,2,0,1,2,1,1,1,1,0,2,1,58.92589387806891,0
0,1,1,1,0,2,1,1,2,1,1,2,1,1,1,1,1,2,1,16.860186949921705,0
1,1,1,1,1,2,0,1,2,0,1,2,1,1,1,1,0,1,1,38.51949135300033,2
0,1,1,1,1,2,1,1,2,1,1,2,1,1,1,1,0,2,1,22.747603889280114,0
1,1,1,1,1,2,0,1,2,1,1,2,1,0,1,1,0,2,1,23.08102935922836,0
1,1,1,1,1,2,0,1,2,1,1,2,1,1,1,1,1,2,1,58.7742047054025,0
1,1,1,1,1,2,1,1,2,1,1,1,1,0,1,1,0,1,1,7.1380533359179115,0
0,1,1,1,1,2,1,1,2,1,1,2,1,1,1,1,0,2,1,16.644422815408113,0
1,1,1,1,0,2,1,1,2,1,1,0,1,1,1,1,0,1,1,55.737439296637675,2
1,1,1,1,1,2,0,1,2,1,1,2,1,1,1,1,1,1,1,30.841498924102122,0
1,1,1,1,1,1,1,1,1,1,1,2,1,1,1,1,1,2,1,22.837251513156932,0
0,1,1,1,1,2,1,1,2,1,1,2,1,1,1,1,1,2,1,54.22866976149178,0
1,1,1,1,1,1,1,1,2,1,1,2,1,1,1,1,0,2,1,45.36562036582353,0
1,1,1,1,1,2,0,1,2,0,1,2,1,1,1,1,1,2,1,50.12537095870733,0
0,1,1,1,1,0,0,1,2,1,1,2,0,1,1,1,1,2,1,45.06590200572256,0
1,1,1,1,1,2,1,1,2,0,1,2,1,1,1,1,1,1,1,55.974369001052224,0
0,1,1,0,1,2,1,1,2,1,1,2,1,1,1,1,1,2,1,19.084863443113306,0
0,1,1,0,1,1,1,1,2,1,0,2,1,1,1,1,0,2,1,50.793495717111206,2
1,1,1,1,1,2,1,1,2,1,1,1,1,1,1,1,1,2,1,42.2606722913954,0
0,1,1,1,1,1,1,1,2,1,1,2,1,1,1,1,1,2,1,30.700804700016604,0
1,1,1,0,1,1,0,1,2,1,0,1,1,1,1,1,1,2,1,35.52531197839673,2
1,1,1,1,1,1,1,1,2,1,0,2,1,1,1,1,1,2,1,12.57696111691858,0
1,1,1,1,1,2,1,1,2,1,1,2,1,1,1,1,0,2,1,43.79494799931751,0
1,1,1,1,1,2,1,0,1,1,1,1,1,1,1,1,0,2,1,36.0269819069098,2
1,1,1,1,1,2,1,0,2,1,1,1,1,1,1,1,1,2,1,34.67887178310104,0
1,1,1,1,0,2,0,1,2,0,1,0,1,0,1,1,1,2,1,12.785366021240833,3
0,1,1,1,1,0,1,1,2,0,1,2,1,1,1,1,1,2,1,13.176991003290015,1
1,1,1,1,0,2,1,1,2,1,1,1,1,1,1,1,1,2,1,9.171835650529522,0
1,1,1,1,1,2,1,1,2,1,0,1,1,1,1,1,0,2,1,41.90475036216738,0
0,1,1,1,0,2,1,1,2,1,1,2,1,1,1,0,1,2,0,57.279396099049166,2
1,1,1,0,0,2,0,1,2,1,1,1,1,1,1,1,1,2,1,50.773086785867555,3
1,1,1,1,1,2,1,1,2,1,0,2,1,1,1,0,0,2,1,13.766464616190662,0
0,0,1,1,1,2,1,1,2,1,0,2,1,1,1,0,1,2,1,23.7151240228717,0
1,1,1,1,1,1,0,1,2,1,1,0,1,1,1,1,0,2,1,14.936019615014366,1
1,1,1,1,1,2,1,1,2,1,1,1,0,1,1,0,1,2,1,32.143005046333,0
1,1,1,1,1,2,1,1,2,1,1,2,1,1,1,1,1,2,1,7.617075590036183,0
0,1,1,1,1,1,1,0,2,0,1,2,1,1,1,1,1,2,1,16.033900411855896,2
0,1,1,1,1,2,1,1,2,1,1,1,1,1,1,0,0,2,1,30.042512553406063,0
1,1,1,1,1,1,1,1,2,0,1,2,1,1,1,1,1,2,1,29.1260459742706,0
1,1,1,1,1,2,1,1,2,1,1,1,1,0,1,1,1,1,1,19.176536859546033,0
1,1,1,1,1,2,1,1,2,1,0,2,1,1,1,1,0,2,1,48.061379500692695,0
1,1,0,1,1,0,0,1,2,1,1,2,1,0,1,1,0,2,1,17.190602303965754,3
0,1,1,1,1,1,1,1,2,1,1,2,1,1,1,1,0,2,1,30.566739203722868,0
1,1,1,1,1,2,1,1,2,0,1,2,0,1,1,0,1,2,1,55.9163431180418,1
1,1,1,1,1,2,1,1,2,1,1,2,1,1,1,1,1,2,1,30.321239662127233,0
1,1,1,1,1,2,1,1,2,1,1,2,1,1,1,1,0,2,1,45.133479509569646,0
1,1,1,1,1,2,1,1,2,1,1,2,1,1,1,1,0,2,1,13.521798193586475,0
1,1,1,1,0,2,1,1,2,1,1,1,1,1,1,0,1,2,1,28.258205765672837,0
1,1,1,1,1,2,1,1,2,0,1,2,1,0,1,1,1,0,0,25.51539049332084,2
1,1,1,1,0,1,0,1,2,0,1,2,1,1,1,0,1,2,1,38.27174472587653,3
1,1,1,1,1,2,1,1,2,0,1,1,1,1,1,1,1,1,0,41.3735962609917,0
0,1,1,1,1,2,1,1,2,0,1,2,1,1,1,1,1,2,1,32.04848479430174,0
1,1,1,1,0,2,1,0,2,0,1,2,1,1,1,1,1,2,1,35.70274626538135,3
0,0,1,1,1,2,1,1,2,1,1,1,1,1,1,1,1,2,1,6.766026926513204,0
1,1,1,1,1,2,1,0,0,1,0,1,1,0,1,0,1,1,1,54.10377667744372,3
1,0,1,1,1,2,1,1,2,1,0,2,1,1,1,1,1,1,0,46.64328191690915,2
1,1,1,1,1,2,1,1,2,1,1,0,1,1,1,1,1,2,1,54.17300328621376,0
1,1,1,1,1,1,1,0,2,1,1,2,1,0,1,1,1,2,1,17.17021250864012,2
1,1,1,1,1,2,1,1,2,1,1,1,1,1,1,1,1,1,1,6.966161695622555,0
1,1,1,1,1,1,1,0,2,1,1,0,1,1,1,1,1,2,1,39.31700661187636,2
0,0,1,1,1,2,0,1,2,1,1,2,1,1,1,1,1,1,1,7.921634330945061,1
1,1,1,1,1,2,1,1,2,1,0,2,1,1,1,1,0,2,1,15.138224194350519,0
1,1,1,1,1,2,1,1,2,1,1,2,1,1,1,1,0,2,1,56.1104358427195,0
1,1,1,1,1,2,1,1,2,1,1,0,1,1,1,1,1,2,1,39.23837276269938,0
1,1,1,1,1,1,0,1,2,1,1,1,1,1,1,1,1,2,1,23.29701425916781,0
0,1,1,1,1,1,1,1,2,1,0,2,1,0,1,1,0,2,1,53.03612904040761,2
1,1,1,1,1,0,1,1,2,1,1,2,1,0,1,1,1,2,1,28.67320494483818,1
1,1,1,1,1,2,0,1,2,1,0,1,1,1,1,1,1,0,1,55.117887067306924,2
0,1,1,1,1,1,1,1,2,1,1,0,1,1,1,1,1,1,1,18.928494967213794,0
0,1,1,1,1,2,1,1,2,0,1,1,1,1,1,1,1,1,1,12.813388519368424,0
1,1,1,1,1,2,1,1,2,1,1,0,1,1,1,1,1,2,1,52.72380028716784,1
1,1,1,1,1,2,1,1,2,1,1,0,1,1,0,1,1,2,1,6.058693011689168,0
0,1,1,1,1,2,1,1,2,1,1,2,1,1,1,1,1,2,1,49.97876245386804,0
0,1,1,1,1,1,1,1,2,1,1,2,1,1,1,1,0,2,1,46.069954046056736,0
1,1,1,1,1,2,1,1,2,1,0,2,1,1,1,1,1,2,1,56.97706059499824,1
1,1,1,1,1,2,1,1,1,1,1,2,1,1,1,1,1,2,1,33.82207184271728,0
1,1,1,1,1,1,0,1,2,1,1,2,1,0,1,0,1,2,1,18.55628502672049,3
1,1,1,1,1,2,1,1,2,0,1,0,1,1,1,1,0,2,1,14.192282952247325,0
1,1,1,1,1,1,1,1,2,0,0,2,1,1,1,1,0,2,1,26.89852195216262,1
1,1,0,1,1,2,1,0,2,1,1,2,1,1,1,1,1,2,1,40.72307714260581,1
1,1,1,1,1,0,1,1,2,1,1,2,1,1,1,1,1,1,1,19.934962276764153,0
1,1,1,1,1,2,0,1,2,0,1,1,1,1,1,1,1,2,0,23.409747780305853,0
1,1,1,1,1,2,1,1,2,1,0,1,1,1,1,1,1,2,1,16.669921041178032,0
1,1,0,1,1,0,1,1,2,0,1,2,1,1,1,1,1,2,1,44.44949389468599,2
0,1,1,1,1,1,1,1,2,1,1,1,1,1,1,1,0,2,1,45.185030669458264,0
1,1,1,1,1,2,1,0,2,1,1,2,1,1,1,1,1,2,1,37.87877079975581,0
0,1,1,1,1,1,1,1,2,0,1,1,1,1,1,1,1,2,1,29.369176311339686,0
1,1,1,1,1,2,0,1,2,1,1,2,1,1,1,0,0,2,1,32.995189501544004,0
1,1,1,1,1,2,1,1,2,1,1,1,1,1,1,1,0,2,1,33.96532449388586,0
1,1,1,1,0,2,1,1,2,0,1,1,1,1,1,0,1,2,1,48.74078746384724,2
1,1,1,1,1,2,1,1,2,0,1,2,1,1,1,1,1,2,1,9.677399171833912,0
0,1,1,1,1,2,0,1,2,1,1,2,1,1,1,0,1,2,0,21.019988724065534,0
1,1,1,1,1,2,1,1,2,1,1,2,1,0,1,1,1,2,0,55.86111117253989,0
1,1,1,1,1,2,1,1,2,1,1,2,1,1,1,1,1,2,1,56.580496384581075,0
1,1,1,1,1,2,1,1,2,1,1,1,1,1,1,1,0,2,1,25.274135887405876,0
1,1,1,1,1,2,1,1,2,1,0,1,1,1,1,0,1,2,0,52.051727508277665,0
1,1,1,1,0,1,0,1,2,1,1,2,1,1,1,1,1,1,0,40.82259434744316,3
1,1,1,1,1,2,1,1,2,1,0,2,1,1,1,1,1,2,1,16.488889099316374,0
1,1,1,1,0,0,1,1,2,1,1,2,1,1,1,1,0,2,1,9.446574090378968,3
1,1,1,1,1,2,1,1,2,1,1,1,1,1,1,1,1,1,1,45.708216653367494,0
1,1,1,1,1,2,1,1,2,1,0,0,1,1,1,1,1,2,1,24.769476440023155,0
1,1,1,1,1,2,1,0,2,1,1,2,1,1,1,1,1,2,1,41.87285330624261,0
1,1,1,0,1,2,1,1,2,1,1,0,1,0,1,1,1,2,1,19.00447766590925,1
1,1,1,1,1,2,1,0,2,1,1,0,1,1,1,1,1,2,1,14.187297973598394,0
1,1,1,1,0,1,0,1,2,1,1,2,1,0,1,1,1,2,1,50.05404750529264,3
1,1,1,1,1,2,1,1,2,1,1,0,1,1,1,1,1,2,1,19.9901206341166,0
1,1,1,1,1,2,1,1,2,1,0,2,1,1,1,1,1,2,1,16.26408387165418,0
1,0,1,1,1,2,1,1,2,1,1,2,1,1,1,1,1,2,1,16.890371562876147,0
0,1,1,1,1,2,0,1,2,1,1,1,1,1,1,1,1,2,1,46.89928902252238,0
1,1,1,1,0,2,1,1,2,1,1,2,1,1,0,1,1,2,1,41.921693220143396,1
0,1,1,1,1,1,1,1,2,1,1,1,1,1,1,1,1,2,1,55.351014316543335,0
0,0,1,1,1,2,0,1,2,1,1,2,1,0,1,1,1,2,1,43.64449084780087,2
0,1,1,1,1,2,1,1,2,1,1,1,1,1,1,1,0,2,1,24.312902980624663,0
1,1,1,1,1,2,1,0,2,1,1,1,1,1,1,1,1,2,1,56.29750462982762,0
0,1,1,1,1,2,1,1,2,1,1,1,1,0,1,1,1,2,1,43.891633766940956,0
1,1,1,0,0,2,0,1,2,1,1,2,1,0,1,1,0,2,0,10.94881937293502,3
1,1,1,1,1,2,1,1,2,1,1,0,1,1,1,1,1,0,1,12.715675703338174,0
1,1,1,1,1,2,1,1,2,1,1,1,1,1,1,1,1,2,0,20.062950083795407,0
1,1,1,1,1,2,1,1,2,1,1,2,1,1,1,1,1,1,1,28.819097782951083,0
1,1,1,1,1,2,1,1,2,1,1,0,1,1,1,0,0,2,1,48.33255957720492,0
1,1,1,1,1,2,1,1,2,1,1,2,1,1,1,1,0,1,1,21.795981508265506,0
1,1,1,1,1,2,1,1,2,0,1,0,1,1,1,1,1,2,1,32.27120171072133,0
1,1,1,1,1,2,1,1,2,1,0,2,1,1,0,1,1,1,1,21.89324726044737,0
1,1,1,1,1,2,0,1,2,1,1,0,1,1,1,1,0,2,1,22.296214972658078,0
1,1,1,1,1,2,1,1,2,1,1,1,1,1,1,1,0,2,1,59.96343175571135,0
1,1,1,1,1,2,1,1,2,0,1,2,1,1,1,1,0,2,1,42.721997082082055,3
1,1,1,1,1,2,1,1,1,0,1,1,1,1,1,1,1,2,1,10.608260292960793,0
1,1,1,0,1,2,1,1,2,1,1,2,1,1,1,1,1,2,1,9.655343396673825,2
0,0,1,1,1,1,1,1,2,1,1,2,1,1,1,1,1,2,1,40.17546045075211,2
1,0,1,1,1,2,1,1,2,1,1,1,1,1,1,1,1,2,1,48.37775360772832,0
0,0,1,1,1,1,1,0,2,1,0,2,1,1,1,0,0,1,0,46.83069635359576,3
1,1,1,1,1,2,1,1,2,1,1,2,1,1,1,1,1,1,1,27.16350400678668,2
0,1,1,1,1,2,0,1,2,1,1,2,1,1,1,0,1,2,1,9.236759999126265,0
0,1,1,0,1,2,1,1,2,0,1,2,1,1,1,0,1,2,1,20.37769037877776,0
1,1,1,1,1,2,1,1,2,1,0,1,1,1,1,1,1,2,1,11.46041400380112,0
1,1,1,0,1,1,1,1,2,1,1,2,1,1,1,1,0,2,1,21.87250132440578,1
1,1,1,1,1,1,1,1,2,1,1,1,0,0,1,1,1,2,1,16.858498469520473,1
1,1,1,1,1,2,0,1,2,1,1,1,1,0,0,0,0,1,1,59.27381267989432,2
0,1,1,1,1,2,1,1,2,1,1,2,1,1,1,0,1,1,1,52.96163541635767,0
1,1,1,1,1,2,1,1,2,1,0,0,1,1,1,1,0,1,1,36.333754761947546,1
1,1,1,1,1,2,1,1,2,1,1,0,1,1,1,1,1,1,1,47.811758789426634,0
0,0,1,1,1,2,0,1,2,1,1,1,1,1,1,1,0,2,1,48.57193682354435,2
1,0,1,1,1,1,0,0,2,1,1,1,1,1,1,1,1,2,1,52.09646296938644,3
0,1,0,1,1,1,1,1,2,1,0,1,1,1,1,0,1,2,1,8.577527675542733,1
1,1,1,1,1,2,1,0,2,1,1,2,1,1,1,1,0,2,1,17.701719757140356,0
1,1,1,0,0,2,1,1,2,0,1,1,1,1,1,1,1,1,1,18.17854076155129,3
1,1,1,1,1,2,1,1,1,1,1,2,1,1,1,1,1,2,1,15.79186081436624,0
1,1,1,1,1,1,1,1,2,0,1,2,1,1,1,1,0,2,1,26.545026999714803,0
0,1,1,1,1,1,1,0,2,0,1,1,1,1,1,1,0,2,1,56.03829839828746,3
1,1,1,1,1,2,1,1,2,0,1,1,1,1,1,1,1,2,0,46.20135684642289,0
1,1,1,1,1,2,1,1,2,1,1,1,1,1,1,1,1,1,1,59.078279005981926,0
0,1,1,1,1,2,1,1,2,0,1,2,1,1,1,1,1,2,1,52.48937234306834,0
1,1,1,1,1,2,1,1,1,1,1,2,1,1,1,1,1,2,1,35.208819925784184,0
0,1,1,1,1,1,1,1,2,1,1,2,1,1,1,1,1,2,1,11.107884440796013,0
0,1,1,0,1,2,1,1,2,1,1,2,1,1,1,1,1,2,1,19.989214297211376,0
0,1,1,1,1,1,1,1,2,1,1,2,1,0,0,1,1,2,1,12.591518491584324,1
1,1,0,0,1,1,1,1,2,1,1,2,1,1,1,1,1,2,0,59.33904544311435,2
1,0,1,1,1,1,1,1,2,0,1,2,1,1,1,1,0,2,1,22.11558443949071,2
1,1,1,1,1,2,0,1,1,0,1,2,1,1,1,1,1,2,1,29.357877835823977,0
1,1,1,0,0,1,1,1,2,1,0,2,1,1,1,1,0,2,1,47.44953769484976,3
1,1,1,0,1,2,0,1,1,0,1,2,1,1,1,1,1,2,1,35.861055982262044,2
1,1,1,1,0,2,1,0,2,1,0,2,1,1,1,1,1,2,1,41.94036068002199,3
1,1,1,1,1,2,1,1,1,0,1,2,1,1,1,1,1,2,0,26.060402403137573,0
1,1,1,1,1,2,1,1,2,1,1,1,1,1,1,1,0,0,1,28.74366382610305,0
0,1,1,1,1,1,1,1,2,1,1,2,1,0,1,1,1,1,1,22.796768222173153,1
1,1,1,1,1,1,1,1,2,1,1,2,1,1,1,1,1,2,1,39.82087524947524,0
1,1,1,1,1,2,0,1,2,1,1,2,1,1,1,1,1,2,1,31.925849842518314,0
0,1,1,1,1,2,1,1,2,1,1,2,1,1,1,1,1,2,1,59.928416501270775,0
0,1,1,1,1,2,1,1,2,0,0,2,1,1,1,1,0,2,1,50.772417927740825,1
1,1,1,1,0,2,1,1,2,1,1,1,1,1,1,1,0,1,0,32.93241206887966,2
1,1,1,1,0,2,1,1,2,1,1,1,1,1,1,1,1,1,1,12.518229096896995,0
1,1,1,1,1,2,1,1,2,1,0,2,1,1,1,1,0,2,0,17.444827161713935,0
1,1,1,1,0,2,1,1,2,1,1,0,1,1,1,1,1,2,1,52.517636546326266,1
1,1,1,1,1,2,1,1,2,0,1,2,1,0,1,0,0,2,1,15.553815234495241,1
0,1,1,1,1,2,1,1,1,1,1,1,1,0,1,1,1,2,1,12.395137242188543,0
1,1,1,1,1,2,1,1,2,1,1,1,1,1,1,1,0,2,1,11.034809068591606,0
1,1,1,1,1,1,1,1,2,1,1,1,1,1,1,1,1,2,1,28.416888821166786,0
0,1,1,1,1,1,1,1,2,1,1,2,1,1,1,1,0,2,1,55.01481796987324,0
0,1,1,1,1,2,1,1,2,1,1,2,1,1,1,0,0,2,1,16.843179014080235,0
1,1,1,1,1,2,1,1,2,0,1,2,1,1,1,1,1,2,1,45.47914688163937,1
0,1,1,1,1,2,1,1,2,0,1,1,1,1,1,1,1,2,1,53.57411228865897,0
0,1,1,1,1,2,1,1,2,1,1,1,1,1,1,1,1,1,1,20.627472531296917,0
0,1,1,1,1,2,1,0,2,1,1,2,1,0,1,1,0,2,0,51.05094224821667,2
0,0,1,1,1,1,1,1,2,1,1,2,1,1,1,1,1,1,0,6.638987005127079,2
1,1,1,1,0,2,0,1,2,1,1,2,1,1,1,1,1,2,1,21.425530747270788,1
1,1,1,1,1,1,1,1,2,1,1,1,1,1,1,1,0,1,1,5.006525470096751,0
1,0,1,1,1,1,1,1,2,1,1,2,1,1,1,1,0,2,0,49.93967208058072,2
0,1,1,1,1,2,1,0,0,0,1,2,1,1,1,1,0,2,1,15.763419661667179,3
0,1,1,1,1,2,1,1,2,1,1,1,1,1,1,1,0,2,1,56.87397203193421,0
0,1,1,1,1,2,1,1,2,1,1,1,1,1,1,1,1,2,1,14.828836651293486,0
1,1,1,1,0,2,1,1,2,1,1,2,1,1,1,1,0,2,1,57.45110480297992,2
1,1,1,1,1,1,1,1,2,0,1,1,1,1,1,1,1,2,1,53.95580103934872,0
1,1,1,1,1,2,1,0,2,1,1,2,1,1,1,1,1,2,1,29.865621317037284,0
1,1,1,1,1,1,1,1,2,1,0,2,1,1,1,1,1,1,1,51.718224820018946,1
0,1,1,1,1,2,1,0,1,1,1,0,1,1,1,1,0,2,1,49.825427734106675,2
1,1,1,0,1,2,1,1,1,1,1,2,1,0,1,0,1,2,0,11.065220055211178,1
1,1,1,1,0,2,0,1,2,0,1,2,1,1,1,1,1,2,1,57.74538977204389,2
1,1,1,1,1,2,1,1,2,0,0,1,1,1,1,1,1,1,0,42.06694469901629,1
1,1,1,1,1,2,1,1,2,0,1,2,1,1,1,1,1,0,1,20.101498262377817,3
1,1,1,1,1,2,1,1,1,1,1,1,1,1,1,1,1,2,1,43.09890431288926,0
1,1,1,1,1,2,1,1,2,1,1,1,1,1,1,1,1,1,1,7.864905337924173,0
1,1,1,1,1,2,0,1,2,0,0,1,1,1,1,1,0,2,1,56.284527562675805,2
1,1,1,1,1,2,1,1,2,1,1,0,1,1,1,1,1,1,1,30.98918494209954,0
1,1,1,1,1,2,1,1,2,1,1,0,1,1,1,1,1,2,1,46.7133599139148,0
1,1,1,1,0,2,1,1,2,1,1,1,1,1,1,1,0,2,1,52.73800734648836,2
1,1,1,1,1,2,1,1,2,1,0,1,1,1,1,1,1,1,1,32.54757179134886,0
1,1,1,1,0,1,1,1,1,1,1,1,1,1,1,1,0,2,0,26.34530330355608,2
1,1,1,1,1,1,1,1,2,1,1,1,1,1,1,0,1,2,1,28.99478736135595,0
0,1,1,1,1,2,1,1,2,0,1,1,1,1,1,1,1,1,1,15.272751864983853,0
1,1,1,1,1,2,1,1,2,0,1,1,1,1,1,1,1,2,0,36.066480621943334,0
1,1,1,1,0,2,1,1,2,1,1,2,1,1,1,1,1,1,1,6.1018911242468326,0
1,1,1,1,0,2,0,1,2,1,1,2,1,1,1,1,0,2,1,30.262517780424762,2
1,0,1,1,1,2,1,1,2,1,0,2,1,1,1,1,0,2,1,29.588385554745297,1
1,1,1,1,1,2,1,1,2,1,1,0,1,1,1,0,1,2,1,48.222677118823675,0
1,1,1,1,1,2,1,1,2,0,1,1,1,1,1,1,1,2,1,35.45375975887879,0
1,1,1,1,1,2,1,1,2,1,1,2,1,1,1,1,1,2,1,16.306444894162365,0
1,1,1,1,1,1,1,1,2,1,1,1,1,1,1,1,1,2,1,16.12583680298959,0
1,1,1,1,1,1,1,0,2,1,1,2,1,1,0,1,1,2,0,43.779396050108545,2
1,1,1,0,0,2,1,1,2,1,0,1,1,1,1,1,1,2,1,53.196743262753685,3
0,1,1,1,1,2,0,1,2,1,1,2,1,1,1,1,0,2,1,49.817685823099545,0
1,1,1,0,1,2,1,1,2,1,1,2,1,1,1,1,0,2,1,58.559101930564935,3
0,1,1,1,1,2,1,1,1,1,1,1,1,1,1,1,1,2,1,30.795793680403335,0
0,1,1,1,1,2,1,1,2,1,1,1,1,1,1,1,0,2,0,24.602982033678316,0
1,1,1,1,1,2,1,1,1,1,1,2,1,1,1,1,1,1,1,16.234561708315297,0
0,0,1,1,0,1,1,1,2,1,1,2,1,1,1,1,0,1,1,32.03873396621819,2
1,1,1,1,1,1,1,1,2,1,1,2,1,1,1,1,1,2,1,48.420029896769265,0
1,0,1,1,1,0,1,1,2,1,1,1,1,1,1,1,1,2,1,24.54239453789451,2
1,1,1,1,1,1,1,1,2,1,1,1,1,1,1,0,0,2,1,18.99312701575439,0
1,1,1,1,1,2,1,1,2,0,1,2,1,0,1,1,1,2,0,30.666348494609544,1
1,1,1,1,1,2,1,1,2,1,1,0,1,1,1,1,1,2,1,32.18508987733685,0
0,1,1,1,1,2,1,1,2,0,0,2,1,1,1,1,0,2,1,10.481388745549232,0
1,1,1,1,1,1,1,1,2,1,1,2,1,1,1,1,1,1,1,36.75040379337663,0
1,1,1,1,0,1,1,1,2,1,0,1,1,1,1,0,1,2,1,54.15830848554989,3
0,1,1,1,1,1,1,1,2,1,1,2,1,1,1,1,0,2,1,59.652905590231796,0
1,1,1,1,1,2,1,0,1,1,1,2,1,1,1,1,1,2,1,51.73641769138829,1
1,1,1,1,1,2,1,1,2,0,1,1,1,1,0,1,1,2,1,28.72947457694057,0
0,1,1,0,1,2,1,0,2,1,0,1,1,1,1,1,1,2,1,16.583137094787958,2
1,1,1,1,1,2,1,1,2,0,1,0,1,1,1,1,1,1,1,54.89858879915242,0
0,1,1,1,1,2,1,1,2,0,0,2,1,1,1,1,1,0,1,20.016284346366717,1
0,1,1,1,1,2,1,1,2,0,1,2,1,0,1,1,1,2,1,56.37805282753618,1
0,1,1,1,1,2,1,0,2,0,1,1,1,1,1,1,1,2,1,47.95477895654948,2
1,1,1,1,0,2,1,1,2,1,0,1,1,0,1,1,1,2,1,24.85331775066971,2
1,1,1,1,1,2,1,0,2,1,1,2,1,1,1,0,1,1,1,10.699033321573161,0
1,1,1,1,1,2,1,0,2,1,0,1,0,1,1,1,1,2,1,37.915396703643644,2
0,0,1,1,1,2,1,1,2,1,0,2,1,1,1,1,1,1,1,34.7064190149551,2
1,1,1,1,1,2,0,1,2,1,1,2,1,0,1,1,1,2,1,10.502380643650616,0
0,1,1,1,1,2,1,1,1,1,1,2,1,1,1,1,1,2,1,21.495217666238684,0
1,1,1,1,1,2,0,1,2,1,1,2,1,1,1,1,1,2,1,36.62640009439016,0
0,0,1,1,1,1,1,1,2,1,1,2,1,1,1,1,1,0,1,40.27959395150904,3
1,1,1,1,1,0,1,0,2,0,0,1,1,1,1,1,1,2,1,32.165745499725006,3
1,1,1,1,1,2,1,1,2,1,1,2,1,1,1,1,0,2,1,55.95924757545068,2
1,1,1,1,1,2,1,0,2,0,1,0,1,1,1,1,0,2,1,6.673227291630633,2
1,1,1,1,1,1,1,1,2,1,1,2,1,1,1,1,1,2,0,31.913195739332977,0
0,1,1,1,1,2,1,1,2,1,1,2,1,1,1,0,0,2,1,53.03531918071803,0
0,1,1,1,1,2,1,1,2,1,1,2,0,0,1,1,1,1,1,56.07334812673607,2
1,1,1,1,1,2,1,1,2,0,0,2,1,1,1,1,1,2,1,55.37956007491425,0
1,1,1,1,1,2,1,1,2,1,0,2,1,1,1,1,1,1,1,15.28812598145092,0
1,1,1,1,1,2,1,1,1,1,1,1,1,0,1,0,1,2,1,5.246493132904086,0
1,1,1,1,1,2,1,1,2,1,1,1,1,1,1,1,1,1,0,53.28678601997834,0
0,0,1,1,1,2,1,1,2,0,0,1,1,1,1,1,1,2,1,30.169464792419255,2
0,1,1,1,0,1,1,1,2,0,1,1,1,0,1,1,1,2,1,57.363213006346584,3
1,1,1,1,1,2,1,1,2,1,1,2,1,1,1,1,1,0,1,37.23661918430233,0
0,1,1,1,1,2,1,0,2,0,1,2,1,1,0,1,0,0,1,8.46913458886317,3
1,0,1,1,1,2,1,1,2,1,1,2,1,1,1,1,1,2,1,10.470387859870442,0
1,1,1,1,0,2,1,0,2,1,1,2,1,1,1,1,1,1,1,24.178384244890015,2
1,1,1,1,1,1,1,1,2,1,1,1,1,1,1,1,0,0,1,23.724788254898314,1
1,1,1,1,1,1,1,1,2,1,1,1,1,0,1,0,1,1,1,7.196270409608509,1
0,1,1,1,1,1,1,1,2,1,1,2,1,1,0,1,0,2,1,24.887464653117032,0
1,1,1,1,1,2,1,1,2,1,1,2,1,1,1,1,1,2,1,50.44975655962523,0
1,1,1,1,1,1,1,1,2,1,1,2,1,1,1,1,1,2,1,40.979257159556276,0
0,1,1,1,1,2,1,1,1,1,0,2,1,1,1,1,1,2,1,15.111514978911378,0
1,1,1,1,1,2,0,1,2,0,1,2,1,1,1,1,1,1,1,59.71145284340843,1
1,1,1,1,1,2,1,1,2,0,1,2,1,1,1,1,1,2,1,42.2454551687232,0
1,1,1,1,1,2,1,1,2,1,1,2,1,1,1,1,1,2,1,43.1710970203511,0
0,1,1,1,1,2,1,1,2,1,1,2,1,1,1,1,1,2,1,31.16865854541047,0
1,1,1,1,1,2,1,1,2,1,0,2,1,1,1,1,0,2,1,7.018939054254561,0
1,1,1,1,0,2,0,1,2,1,1,2,1,1,1,1,1,1,1,12.24739887283698,2
0,1,1,0,1,2,1,1,2,1,1,0,1,0,1,1,1,1,1,54.19866839524642,2
1,1,1,1,1,2,1,1,2,1,1,2,1,1,1,1,0,1,1,52.78789375466624,0
1,1,1,1,1,2,1,1,2,1,1,1,1,1,1,1,1,2,1,6.376380586012663,0
1,0,1,1,1,2,1,1,1,1,1,2,1,1,1,1,0,2,1,54.27090721795892,1
1,1,1,1,1,2,0,1,2,1,1,2,1,1,1,1,1,2,1,49.51046954042883,0
0,1,1,1,1,2,1,1,2,1,1,2,1,1,1,0,1,2,0,21.936903921406262,0
1,1,1,1,1,2,1,1,2,1,1,2,1,1,1,1,0,2,1,36.867309709766005,0
1,1,1,1,1,2,1,1,2,1,1,2,1,1,1,1,1,1,1,45.25823110939916,1
1,1,1,0,1,1,0,1,2,1,1,0,1,1,1,1,0,2,1,9.70384846668594,2
0,1,1,1,0,2,1,1,2,1,1,2,1,0,1,1,1,0,1,34.9845428977941,3
1,1,1,1,1,2,1,1,2,1,1,2,1,1,1,1,1,0,1,17.60518816871582,0
1,1,1,1,1,2,1,1,2,1,1,1,1,1,1,1,1,2,1,28.0314973856118,0
0,1,1,1,1,2,0,1,2,1,1,2,1,1,1,1,1,2,1,18.771962262610216,0
1,1,1,1,1,2,1,1,2,1,1,2,1,1,1,1,1,2,1,31.293439953767376,0
0,1,1,1,0,2,1,1,2,0,1,2,1,1,1,1,1,2,1,59.48454595462212,2
0,0,1,1,1,2,1,1,2,1,0,2,1,1,1,1,1,2,1,45.026564453072154,1
1,1,1,0,1,2,1,1,0,0,1,0,1,1,1,1,1,2,0,45.85425779929156,3
0,1,1,1,0,1,1,1,2,1,1,2,1,1,1,1,0,2,1,17.361732786627872,2
0,1,1,1,1,2,1,1,2,1,0,2,1,1,1,0,1,2,1,56.47317831733548,0
1,1,1,1,1,1,1,1,2,0,1,2,1,0,1,1,1,2,1,52.52636879080118,2
1,1,1,1,1,2,1,1,2,1,1,2,1,1,1,1,1,2,1,22.42350909720378,0
1,1,1,1,0,2,1,0,1,1,0,2,1,1,1,1,1,2,1,58.23382074639302,3
1,1,1,1,1,2,1,1,2,1,1,2,1,1,1,1,1,2,1,35.778821829499364,0
0,1,1,1,0,1,1,1,1,1,1,1,1,1,1,1,1,2,0,5.527230975780719,2
0,1,1,1,1,1,0,1,2,1,0,2,1,1,1,1,1,2,1,59.59985407764953,2
0,0,1,1,1,2,1,1,2,1,0,2,1,1,1,0,1,2,1,57.50395543272297,1
0,1,1,1,1,0,1,1,2,1,1,2,1,1,1,1,1,2,1,40.01525694473004,1
0,1,1,0,0,2,1,1,2,1,1,2,1,1,1,1,1,2,1,45.81509259070344,2
1,1,1,1,1,2,1,1,2,1,1,2,1,1,1,1,1,2,0,38.19810561216807,0
1,1,1,1,1,0,1,1,1,1,1,2,1,1,1,1,0,2,1,14.274551598680246,1
1,1,1,1,1,2,1,0,2,1,0,2,1,1,0,1,1,2,1,17.522764426127914,1
0,1,1,1,1,2,1,1,2,1,1,0,1,0,1,0,1,2,0,27.0904847466623,0
1,1,1,0,1,2,1,1,2,1,1,0,1,1,1,1,1,2,1,13.22787108811571,0
0,1,1,1,1,2,1,1,2,0,1,1,1,1,1,1,1,2,1,35.624831488316616,0
1,1,1,1,1,2,1,1,2,1,1,2,1,1,1,1,1,2,1,37.75264303150443,0
1,1,1,0,1,0,1,1,2,1,1,1,1,1,1,1,1,1,1,32.547847436019104,2
1,1,1,1,1,1,1,1,2,1,1,2,1,1,1,0,1,2,0,32.97178570277933,0
1,1,1,1,1,1,1,1,2,1,1,0,1,1,1,1,1,2,1,49.53645445896151,0
0,1,1,1,1,2,1,1,2,1,1,2,1,1,1,1,1,2,0,8.132137178414652,0
1,1,0,1,1,2,1,1,2,1,1,2,1,1,1,1,1,2,1,40.96690196989595,0
1,1,1,0,1,2,1,1,2,0,1,2,1,0,1,1,1,2,1,55.60004591123102,2
1,1,1,1,1,1,1,1,2,1,1,2,1,1,1,1,1,2,1,46.32190126086971,0
1,1,1,1,1,1,1,1,1,1,1,2,1,0,1,1,1,2,1,23.772008226944138,0
1,1,1,1,1,2,1,1,2,1,1,1,1,1,1,1,1,2,1,51.34236086885171,0
1,1,1,1,1,2,0,1,2,1,1,2,0,1,1,1,1,2,1,54.35364310628228,1
0,1,1,1,1,1,0,1,2,1,1,1,1,1,1,1,1,1,1,25.827986483315126,0
1,1,1,1,0,2,1,1,2,1,1,1,1,1,1,1,0,0,1,46.879617016991666,3
1,1,1,1,1,2,1,1,2,1,1,2,1,1,1,1,1,0,1,28.786585672996292,0
0,1,1,0,1,1,1,0,2,0,1,1,1,1,1,1,0,2,0,31.36289027743335,3
1,1,1,1,1,2,1,1,2,1,1,2,1,1,1,1,1,2,1,8.333569641479741,0
0,1,1,1,1,2,1,1,2,0,0,1,1,1,1,1,0,2,1,35.29211495046841,1
1,1,1,1,1,2,1,1,1,1,0,2,1,1,1,1,1,2,1,57.76281474795175,0
1,1,1,1,1,2,1,1,2,1,1,2,1,1,1,1,1,2,1,11.240327583862298,0
1,1,1,1,1,2,0,1,1,1,1,2,1,1,1,1,1,1,1,21.44941164104762,0
0,1,1,1,1,2,1,1,2,1,1,0,1,1,1,1,1,1,1,13.687050483197247,0
0,1,1,1,0,2,0,1,2,1,1,0,1,1,1,1,1,0,1,34.419763130438724,3
1,1,0,0,1,0,1,1,2,1,1,2,1,1,1,0,1,2,1,20.227878433083614,2
1,1,1,0,1,1,1,1,2,0,1,1,1,1,1,1,1,1,1,27.450619499957988,2
1,1,1,1,1,1,1,0,2,0,1,1,1,0,1,1,0,2,0,25.400788380998574,3
0,1,1,1,1,1,1,1,2,1,1,2,1,0,1,1,0,2,1,31.643400895891947,2
0,1,1,1,1,2,1,1,2,1,1,2,0,1,1,1,1,2,1,14.769090070036123,0
1,1,1,1,1,2,1,1,2,1,1,1,1,1,1,0,1,2,1,54.77372849799247,2
0,1,1,1,1,1,1,1,2,1,1,1,1,1,1,1,1,0,1,10.83207658157253,0
1,0,1,1,1,1,1,1,2,0,1,2,1,1,1,1,1,0,1,35.91080599986633,3
1,0,1,1,1,2,1,1,2,1,0,2,0,1,1,1,1,2,1,58.09917580697258,2
1,1,1,1,1,2,1,1,2,1,1,2,1,1,1,1,0,1,1,59.34044235663779,0
0,1,1,1,1,2,1,1,2,1,1,1,1,1,1,1,0,2,1,41.504279099830796,0
1,1,1,1,1,1,1,1,2,1,1,1,1,1,1,0,1,1,1,35.41902090519685,0
1,1,1,1,1,2,1,1,2,1,0,2,1,1,1,1,0,1,1,58.791892665198255,0
1,1,1,1,1,2,1,1,1,1,1,2,1,1,1,0,1,2,1,28.013867804251216,0
1,1,1,1,1,2,1,1,2,1,1,2,1,1,1,1,1,1,1,50.833459127788934,0
0,1,1,1,1,2,1,1,2,1,1,1,1,1,1,1,1,1,1,37.62554666568702,0
0,1,1,0,1,1,1,1,2,1,1,1,1,1,1,1,1,2,1,58.04833816064327,1
1,1,1,1,1,2,1,1,2,0,1,2,1,1,1,1,1,2,1,27.127944121726365,0
1,1,0,1,1,2,1,1,2,1,1,2,1,1,1,1,1,2,1,56.27252340014548,0
1,1,1,1,1,2,1,1,2,1,1,2,1,1,1,1,1,2,1,17.710306303382154,0
0,1,1,1,1,2,1,0,2,1,1,1,1,1,1,1,1,2,1,40.757795405583025,0
0,1,0,1,1,1,1,1,2,1,1,2,1,0,1,1,1,1,1,21.619720227696167,2
1,1,1,0,1,2,1,1,2,1,1,0,1,1,1,1,1,2,1,27.37412532489095,0
0,1,1,0,1,2,1,1,2,1,1,0,1,1,1,1,1,0,1,55.332767994024266,2
1,1,1,1,1,2,1,1,2,1,1,1,1,1,1,1,1,2,1,27.58219143229164,0
1,0,1,1,1,2,1,1,2,0,1,1,1,1,1,1,1,2,1,46.15514559184912,1
1,1,1,1,1,1,1,1,2,1,1,2,1,1,1,1,1,1,1,8.900241024903723,0
1,1,1,0,1,1,1,1,2,1,1,2,1,1,1,1,0,1,1,37.346052932212686,2
1,1,1,1,1,2,1,1,1,1,1,0,1,1,1,1,1,2,1,21.554258009398094,1
1,1,1,1,1,0,1,1,2,0,1,1,1,1,1,1,1,2,1,18.146410024201806,1
1,1,1,1,1,2,1,1,2,1,1,2,1,0,1,1,1,2,1,39.75631295682945,0
1,1,1,1,1,2,1,1,2,1,1,2,1,0,1,1,1,2,1,59.5530999575271,0
1,1,1,1,1,2,1,1,2,1,1,2,0,1,1,1,1,2,1,38.43935271580957,0
0,1,1,1,1,1,1,1,2,0,1,2,1,1,1,1,1,1,1,7.384009096002917,0
1,1,1,1,1,1,1,1,2,1,1,2,1,1,1,1,1,2,1,33.77699109820107,0
1,1,1,1,1,1,1,0,2,1,1,2,1,1,1,1,1,2,1,13.004674222745546,1
1,1,1,1,1,1,1,1,2,1,1,2,1,1,1,1,0,2,0,6.142233769071517,0
1,1,1,1,0,1,0,1,2,1,1,1,1,1,1,1,1,2,1,59.953226172826234,3
1,1,1,1,0,2,1,1,1,1,1,1,1,1,1,1,1,2,1,14.642692310822952,0
1,1,1,1,0,2,0,1,2,1,0,2,1,1,1,1,1,2,1,57.56104838828435,2
0,1,1,1,1,2,1,1,2,1,0,0,1,1,1,0,1,2,1,55.43408684497714,0
1,1,1,1,1,2,1,1,2,1,0,2,1,1,1,1,1,2,1,28.49859579274374,0
1,1,1,1,1,2,1,1,2,1,1,2,1,1,1,1,1,2,1,54.955874291803084,0
1,1,1,0,1,2,1,1,2,1,1,2,1,1,1,1,0,1,1,7.5064886887601165,0
1,1,1,1,1,2,1,1,2,0,1,2,1,1,1,0,1,1,1,49.95962077788243,0
1,1,1,1,0,2,0,1,2,1,0,2,1,1,1,1,1,0,1,54.84470685094066,3
1,1,1,1,1,2,1,1,2,0,1,2,1,1,1,0,1,2,1,22.165055374889516,0
1,1,1,1,1,1,1,1,2,0,1,2,1,0,1,1,1,2,1,45.90795115796709,2
1,1,1,1,1,1,1,1,0,1,1,2,1,1,1,1,1,1,1,24.570670826721347,1
1,1,1,1,0,2,1,1,2,0,1,2,1,1,1,1,0,2,1,28.37874954888041,2
0,1,1,1,1,2,1,0,2,1,1,1,1,1,1,0,1,2,1,11.610534779504627,0
1,1,1,1,0,2,1,1,2,0,1,2,1,1,1,1,1,2,1,34.37012681611246,2
1,1,1,1,1,2,1,1,2,1,0,2,1,1,1,1,1,0,1,20.472075875890837,0
1,1,1,1,0,2,1,1,2,1,0,2,1,1,1,1,1,2,1,56.304660823364124,2
1,1,1,1,1,2,1,1,2,1,1,1,1,0,1,1,1,2,1,22.868117690460878,0
1,1,1,1,1,1,0,1,2,1,1,1,1,0,1,1,1,2,1,36.50142925864894,2
0,0,1,1,1,2,1,0,2,1,1,0,1,1,1,1,1,2,1,35.49002224556254,2
1,1,1,1,1,2,1,1,2,0,1,2,1,1,1,1,1,1,1,57.92452429193446,0
1,1,1,1,1,0,1,1,2,1,0,2,1,1,1,1,1,2,1,54.616451975325276,1
1,1,1,1,1,1,1,1,2,1,1,1,1,1,1,1,0,2,1,59.353593562963496,0
1,1,1,1,1,2,1,1,2,1,1,1,1,1,1,1,1,2,1,23.370806891670984,0
1,1,1,1,1,2,1,1,2,1,1,2,1,1,1,0,0,0,1,28.404386374665975,0
1,1,1,1,1,2,1,1,2,1,0,1,1,1,1,1,0,2,1,34.31738083387207,0
1,1,1,1,1,1,1,1,2,1,1,2,1,1,1,1,1,1,1,38.77045864714155,0
0,1,1,1,1,1,1,1,2,0,1,2,1,1,1,1,0,2,1,57.43848408704473,2
1,1,1,1,1,0,1,1,2,0,1,2,1,1,1,0,1,2,1,46.82130601992769,2
1,1,1,1,1,2,1,1,2,1,1,1,1,1,1,1,0,1,1,24.821912281573304,0
1,1,1,1,1,2,1,1,2,1,1,2,1,1,1,1,1,2,1,8.413857518968113,0
1,1,1,1,0,1,1,1,2,1,1,2,1,1,1,1,1,0,1,6.637454907392259,2
1,1,1,1,1,2,1,1,2,1,1,0,1,1,0,1,1,2,1,29.438434189563345,0
1,1,1,1,1,2,1,1,2,1,1,1,1,1,1,1,1,1,1,58.16699666879112,0
1,1,1,1,1,0,1,1,2,1,1,2,1,1,1,1,1,2,1,39.236582546597056,0
1,1,1,1,1,2,1,1,2,1,1,2,1,1,1,1,1,2,1,31.932952318848482,0
1,1,1,1,1,1,1,1,2,1,1,2,1,1,1,1,0,1,0,59.44577283314006,1
1,1,1,0,0,2,1,1,2,1,1,2,1,1,1,1,0,2,1,28.274506173971517,2
0,1,1,1,1,2,1,0,2,0,1,2,1,1,1,1,0,2,1,47.82174528132968,2
1,1,1,0,1,2,1,1,2,1,1,1,1,1,1,1,1,2,1,5.437479970319735,0
0,1,1,1,1,2,1,1,2,1,0,2,1,1,1,1,1,1,1,9.13916807195132,0
1,1,1,1,1,2,1,1,2,1,1,2,1,1,1,1,1,2,1,54.84461859151772,0
1,1,1,1,1,2,1,1,2,1,1,2,1,1,1,1,0,2,1,55.6707526424059,0
1,1,1,1,1,2,1,1,2,1,1,2,1,1,1,1,1,1,1,48.31806305539044,1
1,1,1,1,1,2,1,1,2,0,1,2,1,1,1,1,1,2,0,24.961842569660515,0
1,1,1,1,1,2,1,1,2,1,1,2,1,1,1,0,1,2,1,17.158506529685155,0
1,1,1,1,1,1,1,1,2,1,1,2,1,1,1,1,1,1,0,52.148195357963,0
1,1,1,1,1,0,1,0,1,1,1,2,1,1,1,1,0,2,0,15.957454346078618,3
0,1,1,1,1,2,1,1,2,1,1,2,1,1,1,1,0,2,1,31.048099082207646,0
1,1,1,1,1,2,1,1,1,0,1,2,1,1,1,1,1,1,1,13.675902008704,0
1,1,1,1,1,1,1,1,2,1,1,2,1,1,1,1,0,1,1,28.97048012257942,0
1,1,1,1,1,1,1,0,2,1,1,2,1,1,1,1,1,2,1,7.8794947602189325,1
1,1,1,1,1,2,1,1,2,1,1,1,1,0,1,1,1,2,1,47.90406645928098,0
1,1,1,1,1,2,1,1,2,1,1,2,1,1,1,1,1,2,1,44.88243726009351,0
0,1,1,1,1,2,0,1,2,1,1,1,1,1,1,1,1,2,1,12.700026548540837,0
1,1,1,1,1,2,1,0,2,1,1,1,1,1,1,1,1,1,1,57.39282119801462,1
1,1,1,0,1,2,1,1,2,1,1,1,1,1,1,0,0,2,1,53.300496424179634,1
0,1,1,1,1,2,1,1,1,1,1,2,1,1,1,1,1,2,1,42.111845854408266,0
1,1,0,0,1,2,0,1,2,1,1,2,1,1,1,1,1,2,0,38.900901438185876,2
1,1,1,1,1,2,1,1,2,1,1,0,1,1,1,1,0,1,1,21.2674545760426,0
0,1,1,1,1,2,0,0,2,1,1,1,1,1,1,1,0,2,1,34.01647062707026,2
1,1,1,1,1,2,1,1,2,1,1,2,1,1,1,1,1,1,1,53.670240146659644,0
1,1,1,1,1,0,1,1,2,1,1,2,1,1,0,1,0,2,1,15.922063802434586,1
0,1,1,1,1,2,1,1,2,1,1,2,1,1,1,0,1,2,1,46.829271115744,0
1,1,1,1,1,2,1,1,2,1,1,1,1,1,1,1,0,2,1,53.91095121395756,0
0,1,1,1,1,2,1,1,2,1,1,2,1,1,1,1,1,2,1,45.53642481846947,0
1,1,1,0,1,2,1,1,1,1,0,2,1,1,1,1,1,2,1,29.35720702686805,0
1,1,1,1,1,1,1,1,2,1,1,2,1,0,1,1,1,1,1,23.05109627956896,0
1,1,1,1,1,1,1,1,2,1,0,1,1,1,0,1,1,0,0,36.91071967863873,2
0,1,1,1,1,2,1,1,1,0,1,1,1,1,1,1,1,2,1,46.97856154327952,0
1,1,1,1,1,2,1,1,2,1,1,2,1,1,1,1,1,2,1,21.75829870474592,0
1,1,1,1,1,2,1,1,2,1,1,2,0,1,1,1,1,2,1,42.52007413840279,0
1,1,1,1,1,2,1,1,2,1,1,1,1,1,1,1,0,1,1,11.210962520888128,0
1,1,1,1,1,1,1,1,2,1,1,2,1,1,1,1,1,0,1,36.45316440590234,1
1,1,1,1,0,2,1,1,2,0,0,2,1,1,1,1,0,2,1,47.56893279468007,3
0,1,1,1,1,1,1,1,2,0,1,2,1,0,1,1,1,1,1,11.593722895320234,2
0,1,1,1,1,1,0,1,2,1,1,1,1,1,1,1,1,2,0,40.35034498986674,1
1,1,1,1,1,1,1,0,2,1,1,0,1,1,1,0,1,2,1,55.69887660769299,2
1,1,1,1,0,2,0,1,2,0,1,2,1,1,1,1,1,2,1,52.24927319476885,2
0,1,1,0,1,2,1,1,2,1,1,1,1,1,1,1,1,2,1,25.010799064761194,0
1,1,1,1,1,2,1,1,2,1,1,2,1,1,1,1,1,2,1,55.96000477895951,0
1,1,1,1,1,0,1,1,2,1,1,2,1,1,1,1,1,2,1,16.385045735692486,0
1,1,1,1,0,1,1,1,2,1,1,0,1,1,1,1,0,2,1,38.18052756978236,3
1,1,0,1,1,2,1,0,1,1,1,1,1,1,1,1,1,2,1,16.9503328321925,1
1,1,1,1,1,2,1,1,2,1,1,1,1,1,0,1,1,0,1,38.371122967904185,0
1,1,1,1,1,2,0,1,2,0,1,1,1,1,1,1,0,1,1,30.781308323892773,2
0,1,1,1,1,2,1,1,2,1,1,2,1,1,1,1,1,2,1,36.6750757079568,0
1,1,1,1,1,1,1,1,2,1,0,2,1,1,1,1,0,1,1,42.46474028387902,2
1,1,1,1,1,2,0,1,2,1,1,2,1,1,1,1,0,2,0,23.247762995255595,0
1,1,1,1,1,2,1,0,2,1,1,2,1,1,1,1,1,2,1,32.417910658825576,0
1,1,1,1,1,1,1,1,2,1,1,2,1,1,1,1,1,2,1,25.555343425730705,0
1,1,1,1,1,1,1,1,2,0,1,2,1,1,1,1,1,1,1,46.85540096022527,1
1,1,1,1,1,1,1,1,2,1,0,0,1,1,1,1,0,2,1,39.79933183655454,2
0,1,1,1,1,2,1,1,2,1,1,1,1,1,1,1,1,2,1,11.083096331541736,0
1,1,1,1,1,2,1,1,2,1,1,2,1,1,1,1,1,2,1,32.903894277721896,0
1,1,1,1,1,2,1,1,2,1,1,1,1,1,1,1,1,2,1,58.63558260893396,0
1,1,1,1,1,2,1,1,2,1,1,2,1,0,1,1,1,1,1,24.633999323276676,0
1,1,1,1,1,2,1,1,2,1,1,1,1,0,1,1,1,2,1,50.365995243456695,0
1,1,1,1,1,0,1,1,2,1,1,2,0,1,0,1,0,2,1,52.40817158864094,3
1,1,1,1,1,2,1,1,2,1,1,0,1,0,1,1,1,1,1,21.220937361492194,0
1,1,1,1,1,2,0,1,2,1,1,2,1,1,1,1,1,2,1,36.445552113817726,0
1,1,1,1,1,2,1,1,2,1,1,1,1,1,1,1,1,2,1,11.31857000933339,0
1,1,1,1,1,2,1,1,2,1,1,1,1,1,1,1,1,1,1,9.700631263083112,0
0,1,1,1,1,2,1,1,2,1,1,2,1,1,1,1,1,2,1,7.209229767281967,0
1,1,1,1,1,2,1,1,2,1,1,2,1,0,1,1,1,2,1,58.685234851131874,0
1,1,1,0,1,2,1,1,2,0,1,0,1,1,1,1,1,1,1,21.36412543675189,1
0,1,1,1,1,2,1,1,2,0,1,2,1,1,1,1,1,2,1,31.23323401027695,0
1,1,1,0,1,2,1,1,2,1,1,2,1,1,1,1,1,2,1,30.141631584742424,0
1,0,1,1,1,2,0,1,2,1,1,2,1,1,1,1,0,2,1,10.234014504411826,1
1,1,1,0,1,2,1,1,2,1,1,1,1,1,1,1,1,2,1,40.731473990824014,0
1,1,1,1,1,2,1,1,2,1,1,2,1,1,1,0,1,2,1,25.575782422596856,0
1,1,1,1,0,2,0,1,2,1,0,1,1,1,1,1,0,1,0,46.802596327853756,3
1,1,1,1,1,2,1,0,0,1,0,1,1,1,1,1,1,2,1,42.24297155310397,3
1,1,0,1,1,2,1,1,2,1,1,2,0,1,1,1,1,2,1,16.104283087308943,0
1,1,1,0,1,2,1,1,2,0,0,2,1,1,1,1,0,1,0,15.380691513417903,2
0,1,1,1,1,2,1,1,2,0,1,2,1,1,1,1,1,1,1,48.58682500535392,0
0,1,1,1,1,1,1,1,2,1,1,1,1,1,1,1,1,0,1,39.363995714001156,1
1,1,1,1,1,1,1,1,2,0,0,1,1,1,1,1,1,2,1,18.21681622337665,0
1,1,1,1,1,1,1,1,2,1,1,2,1,1,1,1,0,2,1,44.35632995101897,0
0,1,1,1,1,1,1,1,2,1,0,2,1,0,1,0,1,2,1,18.0022177424213,1
0,1,1,0,1,2,1,1,2,1,1,2,1,1,1,1,1,2,1,19.925295826378104,0
1,1,1,1,1,0,1,1,1,1,1,2,1,1,1,0,1,2,1,32.90251753738069,1
1,1,1,1,1,2,1,1,2,0,1,2,1,1,1,1,1,2,1,31.503998733161648,0
0,1,1,1,0,2,1,1,2,1,0,2,1,1,1,1,1,1,1,52.16896248725532,0
1,1,1,1,1,2,0,1,2,0,1,1,1,1,1,1,1,2,1,27.909397836633804,0
0,1,1,1,1,2,1,1,2,1,1,2,1,1,1,1,0,2,1,19.39798154806482,0
1,1,1,1,1,2,1,1,2,0,1,2,1,1,1,0,1,1,0,51.76973660448454,0
0,1,1,1,1,2,1,1,1,1,1,2,1,1,1,1,0,2,1,5.406919050580873,0
1,1,1,1,1,1,1,1,2,1,1,2,1,1,1,1,0,1,1,36.997628287777275,1
0,1,1,0,1,2,1,1,2,1,1,2,1,1,1,1,1,2,1,5.261747203844776,0
0,1,1,1,1,2,1,1,2,1,1,0,1,1,1,1,0,2,1,30.34470388864447,0
0,1,1,1,1,1,0,1,2,0,1,2,1,1,1,1,0,1,1,52.06509962779574,3
1,1,1,1,1,2,1,1,2,1,1,1,1,1,1,1,1,2,1,17.25402955746641,0
1,1,1,1,1,0,1,1,2,1,1,0,1,1,1,1,1,2,1,53.92553129761036,1
1,1,1,1,0,2,1,1,2,1,1,1,1,1,1,1,0,1,1,12.441558972871107,1
1,1,1,1,1,1,1,1,2,1,1,2,1,1,1,1,1,2,1,22.297636155485552,0
1,1,1,1,0,2,1,1,2,1,0,1,1,1,1,1,1,2,1,57.79643895832508,2
0,1,1,1,0,1,1,1,2,1,1,0,1,1,1,1,0,2,1,12.297873650421526,2
1,1,1,1,1,2,1,1,2,1,1,2,1,1,1,1,1,2,1,44.58779697523585,0
1,1,1,1,1,1,1,0,1,1,1,1,1,1,1,1,1,2,1,35.878192289908995,2
0,1,1,1,1,2,1,1,2,1,1,2,1,1,1,1,1,2,1,21.45407956852807,0
1,1,1,1,1,2,1,1,2,1,1,1,1,1,1,1,1,2,1,24.807692634950342,0
0,1,1,1,1,1,1,1,2,1,1,2,1,1,1,1,1,2,1,19.180071239774982,1
1,1,1,0,0,2,1,1,2,0,1,2,1,1,1,1,0,2,1,34.548874960183625,0
0,1,1,1,1,2,0,1,2,1,1,2,1,1,1,1,1,0,1,19.638129234542482,0
1,1,1,1,1,1,1,1,2,1,1,1,1,1,1,1,1,2,1,30.62770288185331,0
1,1,1,1,1,1,1,1,2,1,1,1,1,1,1,1,1,2,1,26.920986328671454,0
1,1,1,1,0,2,0,1,2,1,0,2,1,1,1,1,1,2,1,42.15345259258875,2
1,1,0,1,1,1,1,1,2,1,1,2,1,1,1,1,1,2,1,16.114535450711216,0
0,1,1,1,1,2,1,1,2,1,1,2,1,1,1,1,0,2,1,18.10021380797591,0
1,1,1,0,1,1,1,1,2,1,0,2,1,1,1,0,1,2,1,26.3345200716249,1
1,1,1,1,1,2,1,1,2,0,1,1,1,1,1,1,1,1,1,37.407814440651855,0
1,1,1,1,0,1,1,1,2,1,1,2,1,1,1,1,1,2,1,11.322399452461017,1
1,1,1,1,1,1,1,0,2,1,1,2,1,1,1,1,0,2,1,19.844345425567795,2
0,1,1,1,1,2,1,1,2,1,1,2,1,1,1,1,1,2,1,14.947578036505924,0
1,1,1,1,1,1,1,1,2,0,1,1,1,1,1,1,1,2,1,55.31137235316225,0
1,1,1,1,1,2,0,1,2,1,1,1,1,0,1,1,0,2,1,29.22573620382139,0
0,1,1,1,1,2,1,1,2,0,0,1,1,1,1,1,1,2,1,52.187988759945284,0
0,1,1,1,0,1,1,1,2,1,1,2,1,1,1,1,1,2,1,51.573978044811874,2
0,1,1,1,0,2,1,1,2,0,1,2,1,1,1,1,1,2,0,16.11784334338619,2
1,1,1,0,1,2,1,1,2,0,1,0,1,1,1,1,1,2,1,46.56394697502369,1
0,1,1,0,1,2,0,1,2,1,1,2,1,1,1,1,1,2,1,54.25049567674355,1
1,1,1,1,0,2,0,1,2,1,1,1,1,1,1,0,1,2,0,16.1954400897609,2
1,1,1,1,1,2,1,1,0,1,1,2,1,1,1,1,0,2,1,57.052155376215524,1
0,1,1,1,1,2,1,1,2,1,1,1,1,1,1,1,1,1,1,57.17897936444117,0
1,1,1,1,1,2,1,1,2,1,1,1,1,1,1,1,1,2,1,53.26224367512962,0
1,1,1,1,1,1,0,1,2,1,1,2,1,0,1,1,1,2,1,53.67834819119881,2
1,1,1,1,1,2,1,1,2,1,1,0,1,1,0,1,1,2,1,27.852304504526135,0
1,1,1,1,1,2,1,1,1,1,1,2,1,1,1,1,1,2,1,54.56962807518163,0
1,1,1,1,1,2,0,1,2,1,1,1,1,1,1,1,0,2,0,54.38268125681001,0
1,1,1,1,1,1,1,1,2,1,1,2,1,1,1,1,0,2,1,13.597302908799975,0
1,1,0,1,1,1,1,1,2,1,1,2,1,1,1,1,1,2,1,37.28271393346304,0
1,1,1,1,1,1,1,1,2,0,1,2,1,1,1,1,1,2,1,12.913750589543653,0
1,1,1,1,1,1,1,1,2,1,1,0,1,1,1,1,1,2,1,29.59391608513658,0
1,1,1,1,1,2,1,1,2,1,1,2,1,1,1,1,1,2,1,23.04597086085855,0
1,1,1,1,0,2,1,1,2,1,1,2,1,1,1,1,0,1,0,56.74714252770718,2
0,1,1,1,1,1,1,1,2,1,1,2,1,1,1,1,1,1,1,42.02274384267867,0
0,1,1,1,1,1,1,1,2,1,0,0,1,1,1,1,1,2,1,26.916822902663423,0
0,1,1,1,1,2,1,1,2,1,1,1,1,0,1,1,1,2,1,44.66637292931868,0
1,1,1,1,1,2,1,1,2,1,1,2,1,1,1,1,0,2,1,26.269342999969023,0
1,1,1,1,1,2,1,1,2,1,1,1,1,1,1,1,0,2,1,52.538221212141515,0
1,1,1,1,1,2,1,1,2,1,0,2,1,0,1,1,0,2,1,36.938270086260914,1
0,1,1,1,1,1,1,1,2,0,1,2,1,1,1,0,1,2,1,41.410507756404776,1
1,1,1,1,0,2,0,1,2,1,1,0,1,1,1,1,1,2,1,43.082657741718755,2
1,1,1,1,1,1,1,1,2,1,0,1,1,1,1,1,1,2,1,43.91422157155165,0
0,1,1,0,1,2,0,0,2,1,1,2,1,1,1,1,1,2,1,44.30568969014332,3
0,1,1,1,1,1,1,1,2,0,1,2,1,1,0,1,1,2,1,12.660316022934317,0
1,1,1,1,1,1,1,1,2,1,1,2,1,1,1,1,0,2,1,39.731182851057916,0
1,1,1,1,1,1,1,1,2,1,1,1,1,1,1,1,1,1,1,16.282379948736995,0
1,1,1,1,1,2,0,1,2,1,1,1,1,1,1,1,0,2,0,27.844143812537833,0
0,0,1,1,1,2,1,1,2,1,0,1,1,1,1,1,0,1,1,34.0657586729331,2
1,1,1,0,1,2,1,1,2,0,1,1,1,1,1,1,1,2,1,37.0152762755398,1
1,1,1,1,1,2,1,1,1,1,1,1,1,1,1,1,1,1,1,58.12873508534106,0
0,1,1,1,1,2,1,1,2,1,0,2,1,1,1,0,1,2,1,34.9147732120811,0
1,1,1,1,0,2,1,1,2,1,0,2,1,1,1,1,1,2,0,51.548868238135924,2
0,1,1,1,1,2,1,0,2,1,1,1,1,1,1,1,1,2,1,40.7090099004655,0
0,1,1,1,1,0,0,1,2,1,1,1,1,1,0,1,1,1,1,19.548457548176714,2
1,1,1,1,1,2,1,1,2,0,1,2,1,1,1,1,1,1,1,5.088152290517871,0
0,1,1,1,1,2,1,0,2,1,1,2,1,1,1,1,0,0,1,23.795866918380124,2
1,1,1,1,1,2,1,1,2,1,1,2,1,1,1,1,1,2,1,17.584636699609636,0
1,1,1,1,1,2,1,1,2,0,1,2,1,1,1,1,1,2,1,55.23542134370138,0
1,1,1,1,1,2,1,0,2,1,0,2,1,1,0,0,0,0,1,7.469121290593137,3
1,1,1,1,0,1,1,1,2,1,1,2,1,1,1,1,0,2,1,23.27312860328645,2
1,1,1,1,1,0,1,1,2,1,1,2,1,1,1,1,1,2,1,6.3987787749067095,0
1,1,1,1,1,2,1,1,2,1,1,2,1,0,1,1,1,1,1,10.63586464790712,0
0,1,1,1,1,2,1,1,2,0,1,0,1,1,1,1,1,2,1,27.985721309590655,0
1,1,0,0,1,2,1,1,2,1,1,2,1,1,1,1,1,2,1,44.03544028448268,0
0,1,1,1,1,2,1,1,2,1,1,1,1,1,1,1,1,2,1,7.775765909488679,2
1,1,1,1,1,2,1,1,2,0,1,1,1,1,1,1,1,2,1,59.99455373550774,0
1,1,1,1,0,2,1,1,2,1,1,2,1,1,1,1,1,2,1,37.91821937067264,1
1,1,1,1,1,1,0,0,2,0,1,2,1,1,1,1,1,2,1,8.988352298565937,2
1,1,1,1,1,1,1,1,0,1,0,2,1,1,1,1,1,1,1,41.50069442272212,2
0,1,1,0,1,1,0,1,2,1,1,2,1,1,1,1,1,2,1,48.64008355936642,2
1,1,0,1,1,2,1,1,2,0,0,2,1,1,1,1,1,2,1,58.58972297887388,1
1,1,1,1,1,2,1,1,2,0,0,0,1,1,1,1,1,1,1,37.23826782896645,1
1,1,1,1,1,0,1,1,2,0,1,0,1,1,1,1,0,2,1,22.079126313810313,2
1,1,1,1,1,2,1,1,1,1,1,2,1,0,1,1,0,0,1,37.04952861731622,2
1,1,1,1,1,2,1,1,2,1,1,1,1,1,1,1,1,2,0,45.720051468585204,0
1,1,1,0,1,2,1,1,0,1,1,2,1,1,1,1,1,0,1,34.58777974042545,3
0,1,1,1,1,1,1,1,2,1,1,0,1,1,1,1,0,2,1,40.85631827116628,0
1,0,1,1,0,0,1,1,2,1,1,2,0,1,1,1,1,2,1,22.568504722149694,3
1,1,1,1,1,2,0,1,2,1,0,2,1,1,1,1,1,2,1,47.17263597392937,0
1,1,1,1,1,2,1,1,2,0,1,2,1,1,1,1,0,2,1,20.552043936939366,0
0,1,1,1,1,2,1,0,1,1,1,1,1,1,1,1,0,1,1,16.37614140750653,2
0,1,1,1,1,2,1,1,1,0,1,2,1,1,1,1,1,2,1,52.82013173619271,0
1,1,1,1,1,2,0,1,1,1,0,2,1,1,0,1,1,2,1,58.90116021173096,1
1,1,1,1,1,2,0,1,2,1,1,2,1,1,1,1,1,1,1,28.350395908042017,0
0,1,1,1,1,1,1,1,2,1,1,2,1,1,1,1,1,1,1,54.325503099782054,0
1,1,1,1,1,2,1,1,2,0,1,1,1,1,1,1,1,2,1,51.75827737408523,0
0,1,1,1,1,2,1,1,2,1,1,2,1,1,1,1,0,2,1,56.5385560059731,0
0,1,1,1,1,2,1,1,2,1,1,0,1,1,1,1,1,1,1,30.67981745049111,0
1,1,1,1,1,1,0,1,2,0,1,2,1,1,1,1,0,2,1,16.440209573391563,2
1,1,1,1,1,2,1,1,2,1,1,2,1,1,1,1,1,2,1,32.91638415239641,0
0,1,1,1,1,2,1,1,1,1,1,1,1,1,1,1,0,2,1,18.636982906474465,0
1,1,1,1,1,2,1,1,2,1,0,2,1,1,1,1,0,2,1,49.84491019091488,0
0,1,1,1,1,2,1,1,2,1,1,1,1,1,1,1,1,2,1,52.84952529030271,0
1,1,1,1,0,0,1,1,2,1,1,2,1,1,1,1,1,2,1,45.374175363149575,3
0,1,0,1,1,1,1,1,2,1,1,2,1,0,1,1,0,2,1,17.033381019417092,2
0,1,0,1,1,1,1,1,2,0,1,2,1,1,1,1,1,2,1,24.322265645202066,1
0,1,1,0,1,2,1,0,2,1,1,2,1,1,1,1,1,2,1,58.4090699046202,2
1,1,1,0,1,2,1,1,2,1,1,2,1,1,1,1,0,2,1,20.736649930308296,0
1,1,1,1,1,2,1,1,2,1,1,0,1,1,1,1,1,2,1,41.165518170833636,0
0,0,1,1,1,1,1,1,2,0,1,0,1,1,1,1,0,2,1,8.478971698086081,3
1,1,1,1,1,2,1,1,2,1,1,2,1,1,0,1,1,2,1,6.215156090762617,0
1,1,1,1,1,2,1,1,2,1,0,1,1,1,1,0,1,2,1,37.9108418759723,0
1,1,1,1,0,2,0,1,0,1,1,0,1,1,1,1,1,2,0,48.74580712316978,3
0,1,1,1,1,2,1,1,2,1,1,2,1,1,1,1,1,2,1,30.575110716468107,0
1,1,1,1,0,2,0,0,2,1,1,2,1,1,1,1,1,2,1,55.95591625078119,3
1,1,1,1,1,2,1,1,1,1,0,2,1,1,1,1,1,2,1,13.00303051049266,0
1,1,1,1,1,1,1,1,2,1,0,0,1,0,1,1,1,2,1,40.90802011335879,2
0,1,1,1,1,2,0,1,2,1,1,2,1,1,1,1,0,2,1,7.688852622785188,0
1,1,1,1,0,2,1,1,2,0,1,2,1,1,1,1,1,0,1,35.271077941960506,3
1,1,1,1,1,2,1,1,2,1,1,0,1,1,1,1,1,2,1,55.43783756222088,0
0,1,1,1,1,2,1,1,2,0,1,2,1,1,1,1,1,2,1,43.63734142531515,0
1,1,1,1,1,2,1,1,2,1,0,2,1,1,1,1,1,2,1,58.940849887385866,0
1,0,1,1,1,2,1,1,2,1,1,2,1,0,1,1,1,2,0,37.54292105587099,2
1,1,1,1,1,2,1,1,2,1,1,2,1,1,1,1,0,2,1,30.763646727238786,0
1,1,1,1,1,2,1,1,2,1,1,1,1,1,1,1,1,2,1,5.190765258392245,0
1,1,1,1,1,2,1,1,2,1,1,2,1,1,1,1,1,2,1,52.41169808614304,0
1,1,1,1,0,2,0,1,1,1,0,2,1,1,1,1,1,2,1,58.589020373750756,3
1,1,1,1,0,2,1,1,1,1,1,2,1,1,1,1,1,2,1,16.55412262345429,0
1,1,1,1,1,2,1,1,2,1,1,2,1,1,1,1,1,2,1,36.48279078851485,0
1,1,1,1,1,1,1,1,2,0,1,1,1,1,1,1,1,2,0,52.60662844834165,1
1,1,1,1,1,2,1,1,2,1,1,1,1,1,1,1,0,2,1,20.997298566861197,0
0,1,1,1,0,2,1,1,2,1,1,1,1,1,1,0,1,2,1,18.910302697377098,0
0,1,1,1,1,2,1,1,2,1,1,2,1,1,1,1,1,1,1,20.21106468285935,0
1,1,1,1,1,2,0,1,1,1,1,1,1,1,1,1,1,2,1,13.868024463905508,1
1,1,1,1,1,2,1,1,2,1,1,1,1,1,1,1,1,2,1,52.07454197327837,0
1,1,1,1,1,0,1,1,2,1,1,2,1,1,1,1,1,2,0,39.37299344012687,1
1,1,1,1,1,1,1,1,0,1,1,2,1,1,1,1,1,2,0,11.308164066313065,1
1,1,0,1,1,2,1,1,2,1,1,0,1,1,1,1,1,2,0,55.4879089385746,0
0,1,1,1,1,1,1,0,2,1,1,2,1,1,1,1,1,1,1,31.622921553371395,2
1,1,1,1,1,2,1,1,2,0,0,2,0,1,1,1,1,1,1,45.76881438940678,2
1,1,1,1,1,1,0,1,2,1,1,2,1,1,1,1,1,2,1,5.796877432729578,0
1,1,1,1,1,2,1,1,2,1,1,2,1,1,1,1,1,2,1,22.48070205298513,0
1,1,1,1,1,2,1,1,2,1,1,2,1,1,1,1,0,2,1,53.97156742317579,0
1,1,1,1,0,1,1,1,2,1,0,1,1,1,1,0,1,1,1,42.78285252427646,3
1,1,1,1,1,1,1,1,2,1,1,2,1,1,1,1,1,2,1,43.42178607988408,0
0,1,1,1,1,1,1,1,2,1,1,1,1,1,1,1,1,1,1,24.62703342258762,0
1,1,1,1,1,2,1,0,2,0,1,1,1,1,1,1,1,2,1,36.54668482636089,1
1,1,1,1,1,2,1,1,2,1,1,2,1,1,1,1,1,2,1,33.87792642908616,0
0,1,1,1,0,1,1,1,2,1,1,2,1,1,1,1,0,2,1,49.97631859819472,3
1,1,1,1,1,1,1,1,2,0,1,2,1,1,1,1,1,1,1,17.285013448748508,0
1,1,1,0,1,2,1,0,1,1,1,2,1,1,1,1,1,2,1,43.06632481224699,2
0,1,1,0,1,1,1,1,1,0,1,2,1,0,1,1,0,2,1,43.08987260133203,3
1,1,1,1,1,2,1,1,2,1,1,1,1,1,1,1,0,1,1,40.181887155797476,0
1,1,1,1,1,2,0,1,2,1,0,2,1,1,1,1,1,2,1,52.07529614876244,0
1,1,1,1,1,2,1,1,2,1,1,2,1,1,1,1,1,2,1,36.900361644380084,0
1,1,1,1,1,2,1,1,1,1,0,2,1,1,1,1,1,1,1,5.873093198661628,0
1,1,1,1,1,2,1,1,2,1,1,1,1,1,1,1,1,2,0,27.895746706342972,0
0,1,1,1,1,2,0,1,2,1,1,1,1,0,1,1,1,2,1,32.88160533165926,1
1,1,1,1,0,2,1,1,2,1,1,1,1,1,1,1,1,2,1,22.83231387075711,0
0,1,1,1,1,1,1,1,2,0,0,2,1,1,1,1,1,1,1,8.197622998131912,1
0,1,1,1,1,2,1,0,2,1,0,2,1,1,1,1,0,2,1,8.790033258175018,1
0,1,1,1,1,2,1,1,2,1,1,0,1,1,1,1,0,2,1,10.694069129659027,0
1,1,1,1,1,2,0,1,2,0,1,0,1,1,1,1,1,2,1,39.203100854010025,1
0,1,1,0,1,2,1,1,2,0,1,2,1,0,1,1,1,2,1,53.76798813242327,2
1,1,0,1,1,2,1,1,2,0,1,2,1,1,1,1,1,1,1,55.31028332302243,0
0,1,1,1,1,1,1,1,2,1,1,1,1,1,1,1,1,2,1,36.874558541748705,0
1,1,1,1,1,2,1,1,2,1,1,1,1,1,1,1,0,2,1,18.69009857489506,0
0,1,1,1,1,1,1,1,2,1,1,1,1,0,1,1,1,2,1,51.23735111350195,1
0,1,1,1,1,2,1,0,2,1,0,1,1,0,1,1,1,1,1,47.02009325143984,3
0,1,1,1,1,2,1,1,2,1,1,1,1,1,1,1,1,1,1,5.456049448340504,0
0,1,1,1,1,2,1,1,2,1,1,2,1,0,1,1,1,2,1,46.118256733640806,0
1,1,1,1,1,2,1,1,2,1,1,2,1,1,1,1,0,1,1,35.122714766602925,0
1,1,1,1,0,2,0,1,2,1,1,2,1,1,1,1,1,2,1,57.19977487006553,2
1,1,1,1,1,2,1,0,2,1,1,0,1,1,1,1,1,2,1,13.42124419981534,0
1,1,1,1,1,1,1,1,2,1,0,2,1,1,1,1,1,1,1,5.658827920859038,0
0,1,1,1,1,1,0,1,2,1,1,2,1,1,1,1,1,2,1,36.58952886671328,1
1,1,1,1,1,2,1,1,2,1,1,1,1,1,1,1,1,2,1,39.28539181214935,0
0,1,1,1,1,2,1,1,2,1,1,2,1,1,1,1,0,2,1,6.146025444414452,0
1,1,1,1,1,2,1,1,2,1,0,2,1,1,1,1,1,1,1,32.01507602362817,0
0,1,1,1,1,2,1,1,0,1,1,1,1,1,1,1,1,0,1,9.346797165310164,1
0,1,1,1,1,2,1,1,2,1,1,2,1,1,1,1,1,2,1,58.221530898053146,0
1,1,1,1,1,0,0,1,2,0,1,1,1,0,1,1,1,2,1,8.203389902430919,3
1,1,1,1,1,2,1,1,2,1,1,2,1,1,1,1,1,2,1,36.400718349020515,0
1,1,1,0,1,1,0,1,2,1,1,2,1,1,1,1,0,2,0,12.715526972982232,2
1,1,1,1,1,2,1,1,2,0,1,2,1,1,1,1,1,2,1,58.30980843916894,0
1,1,1,1,0,2,1,1,2,0,1,1,1,1,1,1,1,2,0,54.051115153963046,3
0,1,1,1,1,1,1,1,2,1,1,2,1,1,1,1,1,2,1,59.39985869208584,2
0,1,1,1,1,2,0,1,2,1,1,2,1,1,1,1,1,2,1,32.02001049574595,0
1,1,1,1,1,1,1,1,2,1,0,1,1,1,1,1,1,2,1,35.88666551443189,0
0,1,1,1,1,1,1,1,2,1,1,2,1,1,1,1,1,1,1,58.399019248196524,0
1,1,1,1,1,2,1,1,1,1,0,2,1,1,1,1,0,2,1,18.714504656894,0
0,1,1,1,0,1,1,1,2,1,1,2,1,1,1,1,1,2,1,58.40540652029065,2
1,1,1,1,1,2,1,0,2,0,1,1,1,1,1,0,1,2,1,49.550286186446606,2
1,1,1,1,0,2,1,1,2,1,1,1,1,1,1,1,1,2,1,34.56944771991991,1
1,1,1,1,1,1,1,0,2,1,1,2,1,1,1,1,1,2,1,29.767130922772484,1
0,1,1,1,1,0,1,1,2,1,1,1,1,1,1,1,1,2,1,22.9234377776484,0
1,1,1,1,1,2,1,1,2,1,0,2,1,1,0,1,1,2,1,59.98759626830408,0
1,1,1,1,1,2,1,1,2,1,1,2,1,0,1,1,1,2,1,6.131967445597306,0
0,0,1,1,1,2,1,1,2,1,1,2,1,1,1,1,1,2,1,7.673073743697235,0
1,1,1,0,1,2,1,1,2,1,1,2,1,1,1,1,0,2,1,49.940715804480654,0
1,1,1,0,1,2,1,1,2,1,1,2,1,1,1,1,1,2,1,25.63092368250737,0
0,1,1,1,1,2,1,1,2,0,1,2,1,1,1,1,1,2,1,39.400832642292684,0
0,1,1,1,1,1,1,1,2,1,1,2,1,1,1,1,1,2,1,56.323881396601884,0
1,1,1,1,1,1,1,1,0,1,0,2,1,1,1,1,1,2,1,25.68600210477181,2
1,1,1,1,1,2,1,1,2,1,1,2,1,1,1,1,0,1,1,32.68978817011197,0
1,1,1,1,0,2,1,1,2,1,0,1,1,1,1,0,1,2,1,36.64526238373749,2
0,1,1,1,1,2,1,1,2,1,1,2,1,1,1,1,1,2,1,47.32736865042711,0
1,1,1,1,1,1,1,1,2,0,1,2,1,1,1,1,1,2,0,7.069071265335484,0
1,1,1,1,1,2,1,1,2,1,1,2,1,1,1,1,0,2,1,27.27962728222897,0
1,1,1,1,1,1,1,1,2,0,1,1,1,1,1,0,1,1,1,49.56187099113017,1
1,1,1,0,1,2,1,1,2,0,1,1,0,1,1,1,1,2,0,20.12721453718843,3
0,1,1,1,1,2,1,1,2,1,1,1,1,1,1,1,1,2,1,8.375511139741338,0
0,1,1,1,1,2,1,1,2,1,1,2,1,1,1,1,0,2,1,33.6175234534111,0
0,1,1,1,0,1,0,1,1,1,1,2,1,1,1,1,1,0,0,46.756737836589494,3
1,1,1,1,1,2,1,1,2,1,1,2,1,1,1,1,0,2,1,17.37397785655967,3
0,1,1,1,1,2,1,0,2,1,1,2,1,1,1,0,1,0,1,38.46248789840379,2
0,1,1,1,0,1,1,1,2,0,1,2,1,1,1,1,1,2,1,28.725256467256944,2
1,1,0,1,1,1,1,1,2,1,1,1,1,1,1,1,0,2,1,12.305435744321843,0
1,1,1,1,1,2,1,1,2,1,1,2,1,0,1,1,1,2,1,42.2136296489696,0
1,1,1,1,1,2,1,1,1,1,1,2,1,1,1,1,0,1,1,26.997323418152423,0
1,1,1,0,1,2,0,1,2,1,1,2,1,1,1,1,0,2,1,40.90716335798838,2
1,1,1,1,1,2,1,1,2,1,1,2,1,1,1,1,1,2,1,19.489301229986218,0
1,1,1,1,1,0,1,1,2,1,0,2,1,1,1,1,1,1,1,11.924383752393991,3
1,1,1,1,1,2,1,1,2,1,0,1,1,1,1,1,1,2,1,36.80125331221279,0
1,1,1,1,1,0,1,1,2,1,1,2,1,1,1,1,1,2,1,52.1413768274552,0
1,1,1,1,0,2,1,0,2,1,1,2,1,1,1,1,1,2,1,8.0070189587655,2
1,1,1,1,1,2,0,1,1,1,1,2,1,1,1,1,1,1,1,56.20308132590992,0
1,1,1,1,1,2,1,1,1,0,1,1,1,1,1,1,1,2,1,30.04973045520771,0
1,1,1,1,1,2,1,1,2,1,1,2,1,1,1,1,1,1,1,23.153894024703497,0
1,1,1,1,1,1,1,1,1,1,0,2,1,1,1,1,1,1,1,38.41435852029276,1
1,1,1,1,1,2,1,1,2,1,1,2,1,1,1,1,1,2,1,5.060034756262632,0
0,1,1,1,1,2,1,1,2,1,1,2,1,0,1,1,1,1,1,48.43524698260064,0
1,1,1,1,1,1,1,1,2,1,1,2,1,1,1,1,1,2,1,30.064565903590772,0
0,1,1,1,0,2,1,1,2,1,1,2,1,1,1,1,0,2,0,8.791733675357106,1
0,1,1,1,0,2,1,1,2,1,0,2,1,1,1,1,1,2,1,56.613749847700866,2
1,1,1,1,1,1,0,1,2,0,1,2,1,1,1,1,1,2,1,27.55758921467928,1
1,1,1,1,1,1,1,1,2,1,1,2,1,1,1,1,0,2,1,16.7262355518522,0
1,1,1,1,0,2,1,0,2,1,0,1,1,1,1,1,0,1,1,48.89085352874488,3
0,1,1,0,1,2,0,1,2,1,1,2,1,1,1,1,1,2,1,53.16821795278374,1
0,1,1,1,1,2,1,1,2,1,1,2,1,1,1,1,1,2,0,6.877144723914784,0
0,1,1,1,1,2,1,1,2,1,1,1,1,1,1,1,1,2,1,18.111213068440748,0
0,1,1,1,1,2,1,1,2,1,1,1,1,1,1,1,1,2,1,6.3277427417283505,0
1,1,1,1,1,2,0,1,2,1,1,2,1,0,0,1,1,2,1,7.306461607937781,0
1,1,1,1,1,2,1,1,2,1,1,2,1,0,1,1,1,2,1,23.169140654893933,0
0,0,1,0,1,2,1,1,2,0,1,2,1,1,1,1,0,2,1,46.02817443373466,3
0,1,1,1,1,2,1,1,2,1,1,2,1,1,1,1,1,1,0,23.58136788017699,0
0,1,1,1,1,1,1,1,2,0,1,2,1,0,1,1,0,2,1,52.99398836081372,0
0,1,1,1,1,2,1,1,2,0,1,2,1,1,1,1,1,2,1,40.742627932495004,0
1,1,1,1,1,2,1,1,2,0,0,2,1,1,1,1,1,2,1,29.441621986602183,0
1,1,1,1,1,2,1,0,2,1,1,2,1,1,1,1,1,2,1,53.44161381087947,0
1,1,1,1,1,2,1,1,2,1,1,2,0,1,0,1,0,2,1,38.59790180816395,1
1,1,1,1,1,2,0,1,2,1,0,2,1,1,1,1,1,2,1,59.65188558059366,0
1,1,1,1,1,2,1,1,1,1,1,2,1,1,1,1,1,2,1,58.10041412743129,0
0,1,1,1,1,2,1,1,2,1,1,1,1,1,1,1,0,0,1,50.17731962794545,1
0,1,1,1,1,2,1,1,1,0,1,2,1,1,1,1,1,2,1,42.09384098285089,0
1,1,1,1,1,2,1,0,2,1,1,2,1,1,0,1,0,2,1,43.29201186387666,2
1,1,1,1,1,1,1,1,2,0,1,2,1,1,1,1,1,2,1,57.42461681567134,0
1,1,1,1,0,1,1,1,2,0,1,1,1,1,1,1,0,2,1,49.01855632986511,3
1,0,1,1,1,1,0,1,2,0,1,0,1,1,1,1,1,1,1,20.949747174531595,3
1,1,1,1,1,2,1,0,2,1,1,2,1,1,1,1,0,2,1,35.19947908039267,1
0,1,1,1,1,0,1,1,2,1,1,0,1,1,1,1,0,2,1,30.806974580536394,2
1,1,1,1,1,2,1,1,2,1,1,2,1,1,1,1,1,2,1,5.247128575590609,0
1,1,1,1,1,2,1,1,2,1,0,1,1,1,0,1,1,2,1,30.484310154537823,0
0,1,1,1,1,1,1,1,2,0,1,1,1,1,1,1,0,2,1,9.73143846377786,1
1,1,1,1,1,2,1,1,2,1,1,0,1,1,1,1,0,2,1,30.172632398307726,0
0,1,1,1,1,2,0,0,2,1,1,1,1,0,1,1,0,1,1,29.822817527412766,3
1,1,1,1,1,1,1,1,2,0,1,1,1,0,1,1,1,2,1,20.408568225064936,1
0,1,1,1,1,1,1,0,2,1,1,2,0,1,1,1,0,2,1,17.05968721726185,3
0,1,0,1,1,1,1,0,2,1,1,2,1,1,1,1,1,0,1,49.304570094483296,3
1,1,1,1,1,1,1,1,2,1,1,1,1,1,1,1,1,2,1,14.854178116129317,0
1,1,1,1,1,2,0,1,1,1,1,1,1,0,1,1,1,2,1,22.54496015744223,0
1,1,1,1,1,2,1,0,2,1,1,2,1,1,1,1,0,2,1,55.95034513864531,1
0,1,1,1,1,2,1,1,2,0,0,1,1,1,1,1,1,2,1,58.2924143759311,0
0,1,1,1,1,2,1,1,2,1,1,2,1,1,1,1,0,1,1,58.44260628136104,0
0,1,1,0,1,2,1,1,2,1,1,1,1,1,1,1,1,2,1,43.00744997149365,0
1,1,1,1,1,2,1,1,2,0,1,2,1,0,1,1,1,1,1,9.73951498058398,0
1,1,1,1,1,2,1,1,2,1,1,1,1,1,1,1,0,2,1,58.0525385372181,0
0,1,1,1,1,2,1,1,2,1,1,2,1,1,1,1,1,1,1,5.496350512195071,0
1,1,1,1,1,2,1,1,2,1,0,1,1,1,1,1,1,1,1,43.226899235103126,0
1,1,1,1,1,2,1,1,2,1,0,0,1,1,0,1,1,1,1,40.34152557445084,0
1,1,1,1,1,1,1,1,2,1,1,1,1,1,1,1,1,1,1,9.504793658076464,0
0,1,1,1,1,2,1,1,2,1,1,2,1,1,1,1,1,2,1,47.24838736815168,0
1,1,1,1,0,2,1,1,2,1,1,2,1,1,1,1,1,1,1,57.4405461619868,1
1,1,1,1,1,1,1,1,2,1,0,1,1,1,1,1,0,2,1,18.25343441978152,0
1,1,1,1,1,2,1,1,2,1,1,2,1,0,1,1,1,2,1,27.332471286547854,0
0,1,1,1,1,1,1,1,2,1,1,2,1,1,1,1,0,2,1,44.219229245842136,0
1,1,1,1,1,2,1,1,2,1,1,1,1,1,1,1,0,2,1,15.875799044063335,0
1,1,1,1,1,2,1,1,2,1,1,1,1,0,1,1,0,1,1,13.99446322132179,0
0,1,1,0,1,2,1,0,2,1,0,1,1,1,1,1,0,2,1,24.28141323007972,2
1,1,1,1,1,2,1,1,2,0,1,2,1,1,1,1,1,2,1,37.282006070239845,0
0,1,1,1,1,1,0,1,2,0,1,2,1,1,1,1,0,2,1,23.136420075827104,2
0,1,1,1,1,2,1,1,1,0,1,0,1,1,1,1,0,2,1,54.64943141461596,1
1,1,1,1,1,2,1,1,2,0,1,1,1,1,1,1,1,2,1,55.627644437349005,0
1,1,1,1,1,0,1,1,2,0,1,2,1,1,1,1,0,1,1,30.57536477167849,2
1,1,1,1,1,2,1,1,2,0,0,0,1,1,1,1,1,2,1,51.91021061456318,0
1,1,1,1,1,2,1,1,1,0,1,1,1,1,1,1,0,2,1,32.08814120834987,0
0,1,1,1,1,1,0,1,2,1,1,1,1,1,1,1,1,1,1,52.05962888874917,1
1,1,1,1,1,2,1,1,2,0,1,2,1,1,1,1,1,2,1,10.023421612401952,0
0,1,1,1,1,2,1,0,2,1,1,2,1,1,1,1,1,2,1,23.21881858455978,0
0,1,1,1,1,2,0,1,1,1,1,2,1,1,1,1,1,2,1,14.68472771292186,0
0,1,1,1,1,2,1,1,2,1,1,0,1,1,1,1,1,1,1,53.442075638445665,2
1,1,1,1,1,2,1,1,2,1,1,2,1,1,1,1,1,2,1,32.793667654275524,0
0,1,1,1,1,1,1,1,2,1,1,2,1,1,1,0,1,2,1,5.138288759635177,0
1,1,1,1,0,2,1,1,2,1,1,1,1,1,1,0,1,2,1,16.21487862528192,0
1,1,1,1,1,2,1,1,2,1,1,2,1,1,1,1,0,2,1,22.804679884157014,0
1,1,1,1,1,2,1,1,2,1,1,0,1,1,0,1,1,1,1,59.99400841828439,0
1,1,1,1,1,2,1,1,2,1,1,1,1,0,1,1,0,2,1,37.61815845221577,0
1,1,1,1,1,2,1,1,2,1,1,2,1,0,0,1,1,2,0,32.587397567034785,0
1,1,1,1,1,2,1,1,2,0,1,1,1,1,1,1,1,2,1,27.20158388250113,0
1,1,1,1,1,2,1,1,2,1,1,2,1,1,1,0,1,0,1,41.86939837909703,0
1,1,0,1,1,2,1,1,1,0,1,0,1,1,0,1,1,0,1,55.59571367568317,3
1,1,1,1,1,1,0,1,2,1,1,2,1,1,1,1,0,2,1,44.0881450161886,1
1,1,1,1,1,1,1,1,2,1,1,2,1,1,1,1,1,2,1,17.015175260423067,0
1,1,1,0,1,2,1,1,2,1,0,1,1,1,1,1,1,2,1,12.667934288607725,0
1,1,1,1,1,2,1,1,2,1,0,0,0,1,1,1,1,1,1,8.025375707416401,1
1,1,1,1,1,2,1,1,2,1,0,2,1,1,1,1,1,2,1,33.11978505241589,0
0,1,1,1,1,1,1,1,2,1,1,2,1,1,1,1,1,1,1,51.400497860956904,0
1,1,1,1,1,1,1,1,2,1,0,1,1,1,1,1,1,2,0,23.31916723318777,0
1,1,1,1,1,1,1,1,2,1,1,2,1,1,1,1,1,2,1,40.698313781426066,0
0,1,1,1,1,2,0,1,1,1,0,1,1,1,1,0,1,2,1,51.73255337299553,1
1,1,1,0,1,2,1,1,2,1,1,2,1,1,1,1,1,2,1,21.173913754517436,0
1,1,1,0,1,2,1,1,2,1,1,0,1,1,1,1,1,2,0,45.65473492929355,0
1,1,1,1,1,2,1,1,2,1,1,2,1,1,1,1,1,2,0,40.376715166233446,0
0,1,1,1,1,1,1,1,2,1,0,1,1,1,1,1,1,2,1,43.274604349464916,0
1,1,1,1,1,2,1,1,2,1,0,2,1,1,1,0,1,2,1,13.721953219694463,0
1,1,1,1,0,2,1,1,2,0,0,0,1,1,1,1,1,2,1,32.044973404073346,2
0,1,1,0,1,2,1,1,2,1,1,1,1,1,1,1,1,2,1,29.888367011279932,0
0,1,1,1,1,1,1,1,2,1,0,2,1,1,1,1,1,2,1,54.66381910212541,0
0,1,1,1,1,1,1,1,2,1,1,1,1,0,1,1,1,2,1,26.56623647516351,0
1,1,1,1,1,1,1,1,2,0,1,2,1,1,1,1,1,2,1,16.307431368598394,0
1,1,1,1,1,2,1,1,2,1,1,2,1,1,1,1,1,2,1,53.83919144756668,0
1,1,1,1,0,2,0,1,2,0,1,2,1,1,1,1,1,2,1,25.85868898525953,2
0,1,1,1,1,0,1,1,2,1,1,2,1,0,1,1,1,2,1,15.6479162765177,1
1,1,1,1,1,2,1,1,2,0,1,2,0,1,1,1,0,1,1,21.23102073348827,2
1,1,1,1,1,1,1,1,2,1,1,2,1,1,1,1,1,2,1,43.58811514085645,0
1,1,1,1,1,2,0,1,2,1,1,2,1,1,1,1,0,2,1,6.49756267852666,0
0,1,1,1,1,2,1,1,1,1,1,0,1,1,1,1,0,2,0,30.8099515499611,0
1,1,1,1,1,1,1,1,2,1,1,2,1,1,1,1,0,2,1,6.283627555685591,0
1,1,1,1,0,2,1,1,2,1,1,2,1,1,1,1,0,2,1,18.717873477128173,1
0,1,1,1,1,2,1,1,1,1,1,2,1,1,1,1,0,2,1,5.467672795752483,0
1,1,1,1,1,2,1,1,2,0,1,1,1,1,1,0,1,2,0,32.537841881042,0
0,1,1,1,1,2,0,1,2,1,1,0,0,1,1,1,1,2,1,41.23931879762401,0
1,1,1,1,1,2,1,1,2,1,1,2,1,1,0,1,1,2,1,21.73162574900996,0
1,1,1,1,1,2,1,0,1,1,1,1,1,1,0,1,1,1,1,28.060189939679645,1
0,1,1,1,1,2,1,0,2,1,1,1,1,0,1,1,1,2,1,46.23581386288162,2
0,1,1,1,1,2,1,1,2,1,1,2,1,1,1,1,1,1,1,52.388165757527624,0
1,1,1,1,1,2,1,1,1,1,0,1,1,1,1,1,0,2,1,14.671129589551025,0
1,1,1,1,1,2,1,1,2,1,1,2,1,1,1,1,1,0,1,35.203605095533405,0
0,1,1,0,1,2,1,1,1,1,1,2,1,1,1,1,1,2,1,37.806831158648286,0
0,1,1,1,1,2,0,1,2,1,1,2,1,1,1,1,1,2,0,35.26938660192988,0
1,1,1,1,1,1,1,1,2,1,1,1,1,1,1,1,1,1,1,24.243505909843115,0
0,1,1,1,1,2,1,1,2,1,1,2,1,1,1,1,1,2,1,11.470543144627023,0
0,1,1,1,1,2,1,1,2,1,0,2,1,1,1,1,0,2,1,38.89567831298132,0
0,1,1,1,1,2,0,1,2,1,1,1,1,0,1,1,1,2,1,32.37491417183008,1
1,1,1,1,1,2,1,1,2,1,1,2,1,1,1,1,1,2,0,14.42918137106385,0
1,1,1,1,1,2,1,1,2,0,1,2,1,1,1,1,1,2,1,19.8477078695582,0
1,1,1,1,1,2,1,1,2,1,1,1,1,1,1,1,0,2,1,56.59102310182856,0
0,1,1,1,0,0,1,1,2,1,1,1,1,1,1,1,1,2,0,50.28556267536183,3
1,1,1,1,1,2,1,1,2,1,1,2,1,1,0,0,1,2,1,17.979779771080775,0
1,1,1,1,1,2,1,1,2,1,1,0,1,1,1,1,1,2,1,46.988816493133676,0
1,1,1,1,1,2,1,1,2,1,1,2,1,1,1,1,1,1,1,16.928980084860942,0
0,1,1,1,1,2,1,1,2,1,1,0,1,1,0,1,1,2,1,48.79165334949429,0
1,1,1,1,1,1,1,1,2,1,1,2,0,1,1,1,1,2,1,18.967985727142008,0
1,1,1,1,0,1,1,1,2,1,1,2,1,1,1,1,1,2,1,30.52765613058285,2
0,1,1,1,1,2,1,1,2,1,1,2,1,1,1,1,1,2,1,27.362953890268773,0
1,1,1,1,1,2,1,1,2,1,1,1,1,1,1,1,1,2,1,11.631149218191691,0
1,1,1,1,1,2,1,1,1,0,1,1,1,1,1,1,0,2,1,21.801881547019235,0
1,1,1,1,1,2,1,1,2,1,1,2,1,1,1,1,1,2,0,47.92574220852177,0
1,1,1,1,1,1,1,1,2,1,1,2,1,1,1,1,0,2,1,5.62197776740553,0
1,1,1,1,0,0,1,1,2,1,1,1,1,1,1,1,1,1,0,5.74029741123092,3
0,1,1,0,1,0,0,1,2,1,1,2,1,0,1,1,1,1,1,59.96758233211503,3
1,1,1,1,0,1,1,1,2,0,1,1,1,0,1,1,1,1,1,47.822850372905755,3
0,1,1,1,0,2,0,1,2,1,0,2,1,1,1,0,1,1,1,53.27172696134337,3
1,1,1,1,1,2,1,1,2,0,0,2,1,1,1,1,1,2,1,50.09391609465502,0
0,1,1,0,1,2,1,1,2,1,0,2,1,1,1,1,1,1,1,8.861875757339941,0
1,1,1,1,1,0,1,1,2,0,1,2,1,1,1,1,1,2,1,34.808063308435564,2
1,1,1,1,0,1,1,1,2,0,1,2,1,1,1,1,1,2,1,12.891248436381215,2
0,1,1,1,1,2,1,1,2,1,1,0,1,1,1,1,1,2,1,56.77596874873661,0
1,0,1,1,1,2,1,1,2,1,1,2,1,0,1,1,0,2,1,48.0889508041614,3
1,1,1,1,1,2,0,1,2,1,1,2,1,0,1,1,1,2,0,9.056410801180537,0
1,1,1,1,1,2,1,1,2,1,1,2,1,1,1,1,0,2,1,51.217933283741054,0
0,1,1,1,1,2,1,1,2,1,1,2,1,1,1,1,0,2,0,33.999260040910585,0
1,1,0,1,0,1,1,1,2,0,0,2,1,1,1,1,1,2,1,15.073409013257809,3
1,0,1,1,1,2,1,1,2,1,1,2,1,1,1,1,1,1,1,24.023336748591717,0
0,1,1,1,1,2,1,1,1,0,0,2,1,0,1,1,1,2,1,8.376576375819285,1
0,1,1,1,1,2,1,1,2,0,1,1,1,1,1,1,1,2,1,26.317790701271647,0
0,1,1,1,1,2,1,1,2,0,1,2,1,1,1,1,0,1,1,19.07827832794203,0
1,1,1,1,1,2,1,1,2,1,1,2,1,1,1,1,1,2,1,45.88461339576107,0
1,1,1,1,1,2,1,1,2,1,1,2,1,1,1,1,1,2,1,44.49310803801095,0
1,1,1,1,0,2,1,1,2,1,1,2,1,1,1,1,0,2,1,5.5911491163369975,1
1,1,1,0,1,2,1,1,2,1,1,2,1,1,1,1,1,2,1,9.642186872645443,0
0,1,1,1,1,2,1,1,2,1,1,1,1,1,1,1,1,2,1,6.623163547219522,2
1,1,1,1,1,1,1,1,1,1,1,2,1,1,1,1,0,2,1,6.670563332436377,0
1,1,1,1,1,2,0,1,2,1,1,2,1,1,1,1,0,0,1,15.71530143447126,1
1,1,1,1,1,2,1,1,2,1,1,2,1,1,1,1,1,2,1,12.45891401986589,0
1,1,0,1,0,2,1,1,2,1,1,2,1,1,1,0,0,2,1,28.914176246676238,2
1,1,1,1,1,1,1,1,2,1,1,2,1,1,1,1,1,2,1,10.403557915355155,0
1,1,1,1,1,1,1,1,2,1,1,1,1,1,0,1,1,2,1,27.905174544731224,0
0,1,1,1,1,2,1,1,2,1,1,1,1,1,1,1,1,2,1,44.52298983026504,1
1,1,1,1,1,2,0,1,2,1,0,2,1,1,1,1,0,2,1,31.76943613746511,1
1,1,1,1,1,2,1,1,2,0,1,1,1,0,1,0,0,2,1,59.43395476185887,2
0,1,1,1,1,2,1,1,2,0,1,2,1,1,1,1,1,2,1,58.88177717910443,0
1,1,1,1,0,0,1,1,1,1,0,1,1,1,1,1,1,2,0,11.247075244970993,3
1,1,1,1,0,2,1,1,2,1,1,1,1,1,1,0,0,2,1,33.666939534706856,2
0,1,1,1,1,2,1,1,2,0,1,1,1,1,1,1,1,2,1,53.97782177393474,0
1,1,1,1,1,2,1,1,2,1,1,2,1,1,1,1,1,2,1,41.89738002975333,0
1,1,1,1,1,2,1,1,2,1,1,2,1,1,1,1,1,2,1,13.149281807106103,0
1,1,1,1,1,2,0,1,2,1,1,1,1,1,1,1,1,2,1,49.04849416854513,0
1,1,1,1,1,2,0,1,2,1,1,2,1,0,1,1,1,2,0,20.69361723460692,0
0,1,1,1,1,2,1,1,2,1,0,2,1,1,1,1,1,0,0,33.65478692921993,1
1,1,1,1,1,2,1,0,2,0,1,1,1,1,1,1,1,1,1,51.223193089743695,2
0,1,1,1,1,2,1,1,2,1,0,2,1,1,1,1,1,2,1,6.673431551149111,0
1,1,1,1,1,1,1,1,2,1,1,2,1,1,1,0,1,1,1,23.49244061966486,0
1,1,1,1,1,1,0,0,1,1,1,1,1,1,1,1,0,2,1,29.748622776781936,3
1,1,1,1,1,1,0,1,2,1,1,2,1,1,1,1,0,2,1,57.20823507279268,1
0,1,1,1,1,0,1,1,2,0,1,2,1,1,1,1,0,2,1,9.86453808164983,2
0,1,1,1,1,2,1,0,2,1,1,1,0,1,1,1,0,1,1,7.070477261421967,2
0,1,1,1,1,1,1,1,2,1,1,2,1,1,1,1,1,2,1,10.168555942461055,0
0,1,1,1,0,2,1,1,2,0,1,2,1,1,1,1,0,1,1,33.10044948252406,3
1,1,1,0,1,1,1,1,2,1,1,2,1,1,1,1,1,1,1,33.23737037057382,2
1,1,1,1,1,1,1,1,2,1,1,2,1,1,1,1,0,2,1,12.975669206795692,0
1,1,1,1,1,2,1,0,2,1,0,2,1,1,1,1,1,2,1,38.357547465557246,1
1,1,1,1,1,2,0,1,2,1,1,2,1,1,1,1,1,2,1,6.174859061813656,0
1,1,1,1,1,2,0,1,2,1,1,1,1,1,1,1,0,2,1,40.081042260555165,0
0,0,1,1,1,1,1,1,2,1,1,1,1,1,1,1,1,2,1,29.48531501568595,1
1,1,1,1,1,1,1,0,2,1,0,0,1,1,1,1,1,2,1,21.638715088262654,2
1,1,1,1,1,2,0,1,2,1,1,1,1,1,1,1,1,2,1,40.450557998039045,0
1,1,1,1,1,1,1,1,2,1,0,2,1,1,1,1,1,2,1,26.102807090113355,0
1,1,1,1,1,2,1,1,2,0,0,2,1,1,1,1,0,2,1,28.43434455253586,0
1,1,1,1,1,2,1,1,2,1,1,0,1,1,1,1,1,2,1,30.69778102703798,0
1,1,1,1,1,2,1,1,2,0,0,2,1,0,1,1,0,1,1,9.987105783712195,2
1,1,1,1,1,1,1,1,2,1,1,2,1,1,1,1,0,1,1,22.97368018092875,0
1,1,1,0,1,2,1,1,2,1,1,2,1,0,1,1,1,2,1,50.27800415660903,1
0,1,1,1,1,2,1,0,1,1,1,2,1,1,1,1,1,1,1,45.36382575994309,2
1,1,1,1,1,2,1,0,2,1,1,2,1,1,1,1,1,2,1,23.148659563523047,0
1,1,1,1,1,2,1,1,1,1,1,2,1,1,1,0,1,2,1,54.35488931837535,0
0,1,1,1,1,2,1,1,2,1,0,2,1,1,1,1,1,2,1,12.382833182721823,0
1,1,1,1,1,2,1,1,2,1,1,2,1,0,1,1,1,2,1,48.21251449768171,0
1,1,1,1,1,2,1,1,2,1,1,1,1,0,1,1,1,2,1,33.409662891925855,3
0,1,1,1,1,2,1,1,2,1,1,1,1,1,1,0,1,2,1,16.442016758224895,0
1,0,1,1,1,2,1,1,2,1,1,1,1,1,1,1,0,2,1,58.517645039860824,1
0,1,1,1,1,1,1,1,2,0,1,2,1,1,1,1,0,2,1,40.381270909532105,2
0,1,1,1,1,2,0,1,2,1,1,2,1,1,1,1,0,2,1,29.563023723019025,0
1,1,1,0,1,2,1,1,2,0,1,2,1,1,1,1,0,2,1,57.57118135005781,2
0,1,1,1,1,1,1,1,2,1,1,1,1,1,1,1,1,2,1,13.786284707443906,0
1,1,1,1,1,1,1,1,2,1,1,1,1,1,1,1,0,2,1,20.395246333286046,0
0,1,1,1,1,2,1,1,2,1,1,2,0,1,1,1,1,1,1,8.756968646689117,0
1,1,1,1,1,2,1,1,1,1,1,0,1,1,1,1,1,2,1,40.25297680321051,0
1,1,1,1,1,1,1,1,2,0,1,2,1,1,1,1,1,1,1,8.807026707516345,0
0,1,1,1,1,2,1,0,2,1,1,2,1,1,1,1,1,1,1,11.064270097339472,0
1,1,1,1,0,2,1,1,1,0,1,1,1,1,1,1,1,1,1,27.736958324796237,2
0,1,1,1,1,1,0,1,2,1,1,1,1,1,1,1,1,2,1,6.782718434893482,0
0,1,1,1,1,2,1,1,1,0,1,2,1,1,1,1,1,2,1,19.405186303109524,0
1,1,1,0,1,2,0,1,2,1,1,2,1,1,1,1,0,2,0,32.68684298319235,2
1,1,1,1,1,2,0,1,2,0,1,0,1,1,1,1,1,2,1,46.85887589830683,1
1,1,1,0,1,2,1,1,2,0,1,1,1,1,1,1,1,2,1,49.73306920135334,1
1,1,1,1,1,2,0,1,2,0,1,0,1,1,0,0,1,2,1,19.868054837096118,1
0,1,1,1,1,2,1,1,2,1,1,2,1,1,1,1,1,2,1,38.36641156283706,0
1,1,1,1,0,1,1,1,2,1,1,2,1,1,1,1,1,2,1,22.243619844558886,1
0,1,1,1,1,2,1,1,2,0,1,0,1,1,1,1,1,2,1,22.812886698790724,0
1,1,1,1,0,2,1,1,2,1,1,0,1,1,1,1,1,2,1,55.21852862273153,1
1,1,1,1,1,2,1,1,2,1,1,1,1,1,1,1,1,0,1,50.99144534849189,0
0,1,1,1,1,2,1,1,2,1,1,2,1,1,1,0,1,2,1,49.50688775137355,0
1,1,1,0,1,2,1,1,2,1,1,1,1,1,1,1,0,2,1,24.132692293172067,0
1,1,1,1,1,1,1,1,2,0,1,2,1,1,1,1,1,2,1,43.085024282475125,0
1,1,1,1,0,1,1,1,2,1,1,0,1,1,1,1,1,2,1,54.085108446471565,2
1,1,1,1,1,2,1,1,1,1,1,2,1,1,1,1,0,2,1,20.077919674135607,0
1,1,1,0,1,2,1,1,2,1,1,2,1,1,1,0,1,1,1,19.16702967090564,0
0,1,1,1,1,2,1,1,2,0,1,0,1,1,1,1,1,2,1,16.60265892703009,0
1,1,0,0,1,2,1,1,1,1,1,2,1,1,1,1,1,2,1,13.441299188838457,0
1,1,1,1,1,2,1,1,2,1,1,2,1,0,1,1,0,2,1,40.618303081994306,0
1,1,1,1,1,1,0,1,2,1,1,0,1,0,1,0,1,1,1,54.43807883445231,3
1,0,1,1,1,2,0,1,2,1,1,2,1,1,1,1,1,2,1,22.06389774377699,0
1,1,1,1,0,2,1,0,2,1,1,2,1,1,1,1,1,0,1,8.929216533485313,3
1,1,1,1,0,2,1,1,2,1,1,2,1,1,1,0,0,2,1,56.426692533469,2
1,1,1,1,1,2,1,1,2,1,1,2,1,0,0,1,1,2,1,42.30836063400549,0
0,1,1,1,1,1,1,1,1,1,1,2,1,1,0,1,0,2,1,50.02532036961381,2
1,1,1,1,1,2,1,0,1,1,1,2,1,1,1,1,1,1,1,20.775241677811636,0
1,1,1,1,1,2,1,1,2,1,1,2,1,0,1,1,1,2,1,20.741205725057434,0
1,1,1,1,1,1,1,1,2,1,1,2,1,1,1,1,1,2,1,43.65008306839691,0
1,1,1,1,1,2,1,1,2,1,1,2,1,1,1,1,1,2,1,10.52549847628382,0
0,1,1,1,1,2,1,1,1,1,1,2,1,1,1,1,1,1,1,59.601320028857316,0
1,1,1,1,1,2,1,1,1,1,1,2,1,1,1,1,1,1,1,16.241908901414387,0
0,1,1,1,1,2,1,1,2,1,1,1,1,1,1,1,1,2,1,9.022163186000341,0
1,1,1,1,1,2,1,1,2,1,1,2,1,1,1,1,0,2,1,51.747958306051395,0
1,1,1,1,1,2,1,1,1,1,0,2,1,1,1,1,1,2,1,20.63526512298607,0
1,1,1,1,1,2,1,1,2,1,1,2,1,1,1,1,1,2,1,9.235192087841877,0
1,1,1,1,1,2,1,1,2,1,1,2,1,1,1,1,1,2,1,33.039444446630455,0
1,1,1,1,1,2,1,1,1,0,1,2,1,1,1,0,1,2,1,5.879843087240759,2
1,1,1,1,1,2,1,1,2,1,1,2,1,1,1,1,1,0,1,18.591745993170296,0
1,1,0,1,1,2,1,1,2,1,0,0,1,1,1,1,0,2,1,33.4447559791184,1
1,1,1,1,1,2,1,1,2,1,1,2,1,0,1,1,0,2,1,43.742792804906564,0
0,1,1,1,1,2,1,1,2,1,1,2,1,1,1,1,0,2,1,13.511723073708156,0
0,1,1,1,1,2,1,1,2,1,1,0,1,1,1,1,1,2,1,41.63114556598789,0
0,1,1,1,1,2,1,1,2,1,0,1,1,1,1,1,1,2,1,12.674801829387235,0
1,1,1,1,1,2,1,0,2,1,1,1,1,1,1,1,1,1,1,24.747013105225566,0
1,1,1,1,1,2,1,1,2,0,1,2,1,1,1,1,1,2,1,44.61551929535239,0
0,1,1,1,1,2,1,1,2,0,1,2,1,1,1,1,1,2,1,30.255866997901204,0
1,1,1,1,0,1,1,0,2,1,1,1,0,1,1,1,1,2,1,6.843286903994744,3
1,1,1,0,1,1,0,1,2,1,1,2,1,1,1,1,1,2,1,15.112542656051941,1
1,1,1,1,1,2,1,1,2,1,1,2,1,1,1,1,1,2,1,51.93285388703402,0
1,1,1,1,1,2,1,1,2,1,1,2,1,0,1,1,1,2,1,10.634961539962026,0
1,1,1,1,0,1,1,1,2,1,0,1,1,1,1,1,1,1,1,39.39251589488286,3
0,1,1,1,0,1,1,1,2,0,0,2,1,1,1,1,1,2,1,47.21484767654931,3
1,1,1,1,1,2,1,1,2,1,1,0,1,1,1,1,0,1,1,16.619374416476404,0
1,1,1,1,0,2,0,1,2,1,0,1,1,1,1,0,1,2,1,50.67933419256697,0
1,1,1,1,1,1,1,1,2,1,0,2,1,1,1,1,0,2,1,6.333911482379029,0
1,1,1,1,1,1,1,1,2,1,0,1,1,1,1,0,1,2,1,22.015479935472285,0
0,1,1,1,1,2,1,1,2,1,1,2,1,1,1,1,1,2,0,33.79241113586983,0
0,1,1,1,1,2,1,1,2,1,0,2,1,1,1,1,1,2,1,21.99629833309021,0
1,1,1,1,1,1,1,1,2,0,1,1,1,1,1,0,1,2,1,24.953231264284824,0
1,1,1,1,1,2,1,1,2,1,1,2,1,0,1,1,0,2,1,20.837215329795036,0
1,1,1,1,1,1,1,1,2,1,0,2,1,1,1,1,0,2,1,50.37500159585612,1
1,1,1,1,0,1,1,1,2,1,1,2,1,1,1,1,1,1,1,35.95730041166254,2
1,1,1,1,1,1,1,1,2,1,1,1,1,1,1,1,1,1,1,27.45088076502876,0
1,1,1,0,0,2,1,1,2,1,1,2,1,1,1,1,0,2,1,59.13193580106254,3
1,1,1,1,1,1,1,1,2,1,1,1,1,1,1,0,1,0,1,19.134536006679504,0
1,1,1,1,1,0,1,1,2,1,1,1,1,1,1,1,1,2,0,43.96928897912399,1
1,1,1,1,1,2,1,1,2,1,1,1,1,1,1,1,1,2,1,50.182731847403865,0
1,1,0,1,1,1,1,1,2,1,1,2,1,1,1,1,0,2,1,12.001247770206824,0
0,1,1,1,1,1,1,1,2,1,1,2,1,1,1,1,1,2,1,56.14265661807332,0
0,1,1,1,1,1,1,1,2,1,1,2,1,1,1,1,1,2,1,16.954188376394704,0
1,1,1,1,1,2,0,1,2,0,0,2,1,1,1,0,1,2,1,5.571955383350426,0
0,1,1,1,0,2,1,1,2,1,1,1,1,1,1,1,1,1,1,32.62083025974602,2
1,1,1,1,1,2,1,1,2,1,1,2,1,1,1,1,0,2,1,30.989757972151487,0
1,1,0,1,1,2,1,1,2,1,1,2,1,1,1,1,0,2,1,13.204609294984056,0
1,1,1,1,1,1,0,1,2,1,1,1,0,0,1,1,1,2,1,22.048579434232554,2
1,1,1,1,1,2,1,0,2,1,1,1,1,1,1,1,1,2,1,55.14104365400862,0
1,1,1,1,1,0,1,1,2,0,1,2,1,1,1,1,1,2,0,37.53369723424456,2
1,1,1,0,1,2,0,0,2,1,1,2,1,1,1,1,1,2,1,48.32286212380456,2
0,1,1,1,1,2,1,1,1,1,1,2,1,0,1,1,1,2,1,55.092583427554516,0
0,1,1,1,1,2,0,1,2,0,1,1,1,1,1,1,1,2,1,39.97509735316867,0
1,1,1,1,1,1,1,1,1,1,1,2,1,1,1,1,0,1,1,26.87580212938416,0
1,1,1,1,1,1,1,1,2,1,1,2,1,1,1,1,1,2,0,26.02499272719867,0
1,1,1,1,1,2,0,1,2,1,1,2,1,0,1,1,1,1,1,45.95039279120714,1
1,1,1,1,1,2,1,1,2,1,1,2,1,1,1,0,1,1,1,47.88574244831353,0
1,1,1,1,1,2,1,1,2,1,0,0,1,1,1,1,1,2,1,45.13927169535195,0
0,1,1,1,1,1,1,1,1,0,1,1,1,1,1,1,1,2,1,59.10956407239409,1
0,1,0,1,0,2,1,1,2,1,1,1,1,1,1,1,1,1,1,53.56209049479294,2
0,1,1,0,1,1,1,1,2,1,1,2,1,0,1,1,0,2,1,46.46287492911951,3
0,1,1,1,1,2,0,1,2,1,1,1,1,1,1,1,1,2,1,16.83237347676289,0
0,1,1,1,1,2,1,1,2,1,1,1,1,1,1,1,1,2,1,10.448059699333387,0
0,1,1,1,1,1,1,1,0,1,0,2,1,1,1,1,1,1,1,8.679699595685143,2
0,1,1,1,1,1,1,1,2,1,1,1,1,1,1,1,1,2,1,23.06945123263215,0
1,1,1,1,1,2,1,1,2,1,1,2,0,1,1,1,1,2,1,55.1357274553903,0
0,1,1,1,1,2,1,1,2,0,1,1,1,1,1,1,1,2,1,41.14303636240883,0
1,1,1,1,1,2,0,1,2,0,1,1,1,1,1,1,1,2,1,9.875066342587917,0
1,0,1,1,1,1,1,1,2,1,1,2,1,1,1,0,0,2,1,24.556078311939565,2
0,1,1,1,1,2,1,1,2,1,1,2,1,1,1,1,0,1,1,27.769491069710046,0
0,1,1,1,1,2,1,1,2,1,1,0,1,1,1,0,1,1,1,11.045046685796013,0
0,0,1,1,1,1,1,1,2,0,1,2,1,1,1,0,1,2,1,22.136694699190073,2
1,1,1,1,1,2,1,1,2,1,1,2,1,1,1,0,1,2,1,24.160841936068746,0
0,1,1,1,1,1,1,1,2,1,1,2,1,0,1,1,1,2,1,13.737164479181136,0
1,1,1,1,1,2,1,1,2,1,1,2,1,1,1,1,1,2,1,8.522835627110778,0
0,1,1,1,0,2,1,1,2,1,1,2,1,1,1,1,1,2,1,9.391971246489486,0
1,1,1,1,1,2,1,1,2,1,1,0,1,1,1,1,0,2,1,47.70163832365683,0
1,1,1,1,1,2,1,1,1,1,1,1,1,1,0,1,1,2,0,7.838670068888856,2
1,1,1,1,1,2,1,0,1,1,1,2,1,1,1,1,1,2,1,37.7066039087216,1
1,1,1,1,1,2,1,1,2,1,1,1,1,0,1,1,1,2,1,10.159922412930191,0
1,1,1,0,1,2,1,1,2,0,0,2,1,1,1,1,1,2,1,23.002781711411895,1
1,1,1,1,1,2,1,1,2,1,1,1,1,1,1,1,0,1,1,50.07311816962363,0
0,1,1,0,1,2,1,0,2,1,1,2,1,1,1,1,1,2,1,11.087060519250365,1
0,1,1,1,1,2,1,1,2,1,1,2,1,1,1,1,1,1,1,38.81240572306349,0
0,1,1,1,1,1,0,1,1,1,0,0,1,1,1,1,1,2,0,46.99231438663018,2
0,1,1,1,1,2,0,1,2,0,1,1,1,1,0,1,1,2,1,32.01593508418896,1
0,1,1,1,1,2,1,1,1,1,1,1,1,1,1,1,1,2,1,45.505236554894694,0
1,1,1,1,0,2,1,1,2,1,0,2,1,1,1,1,1,2,1,25.77916310484553,1
1,1,1,1,1,1,1,1,1,1,1,2,1,1,1,1,1,2,1,50.81811282045913,0
1,1,1,1,0,2,1,1,2,1,1,2,1,1,1,1,1,2,1,59.68045861952437,1
1,1,1,1,1,1,1,1,2,0,0,1,1,1,1,1,0,0,1,19.544998736863104,2
1,1,1,1,1,2,0,1,2,1,1,1,1,1,1,1,0,2,1,55.82747330453966,0
1,0,1,1,0,2,1,1,2,1,1,1,1,0,1,0,1,2,1,20.887519474398566,3
1,1,1,1,1,2,0,0,2,1,1,1,1,1,1,1,0,2,1,50.904931807327344,2
1,1,1,1,1,2,1,1,2,1,1,2,1,0,1,1,1,2,1,22.22138342284404,0
1,1,1,1,1,2,1,1,2,1,1,1,1,1,1,1,1,2,1,58.43951312312964,0
