temperatura_armazenamento_c,umidade_relativa_ambiente_pct,tempo_armazenado_dias,bombonas_integra_limpa,lacres_integro,segregacao_de_produtos_quimicos,piso_limpo_seco,PEPS_FEFO_aplicado,lote_identificado,probabilidade
33.4,73.0,171.0,1,0,1,1,1,1,2
12.3,43.0,107.0,1,1,1,0,0,0,0
20.2,89.0,68.0,1,0,0,1,1,1,2
27.5,79.0,236.0,0,0,1,1,0,1,3
14.5,81.0,70.0,1,1,0,0,0,0,0
25.3,66.0,300.0,0,0,1,1,0,0,3
31.9,47.0,184.0,0,1,1,1,0,0,2
19.9,87.0,337.0,1,1,0,1,0,0,0
27.6,33.0,352.0,1,0,0,1,1,1,2
27.4,52.0,150.0,1,1,0,1,1,0,0
25.0,44.0,336.0,0,1,1,1,1,0,2
22.4,48.0,304.0,1,0,1,1,1,1,2
18.5,73.0,191.0,0,1,0,0,1,1,2
28.6,47.0,184.0,1,0,1,1,1,1,2
17.4,34.0,266.0,0,1,1,0,1,1,2
20.7,90.0,186.0,1,0,0,0,1,1,2
18.5,63.0,35.0,0,0,0,1,1,0,3
34.1,75.0,269.0,1,1,1,1,0,0,0
33.0,60.0,208.0,0,1,1,1,1,0,2
16.1,81.0,25.0,1,1,0,0,0,0,0
33.0,63.0,176.0,1,0,1,1,0,1,2
14.5,43.0,301.0,1,1,1,0,0,1,0
29.6,89.0,2.0,0,0,0,1,1,0,3
25.5,80.0,87.0,0,0,0,0,0,1,3
16.1,74.0,207.0,1,1,1,0,0,0,0
14.5,36.0,347.0,0,1,0,0,0,1,2
25.7,35.0,142.0,0,0,0,1,1,1,3
25.2,83.0,311.0,1,1,1,1,0,1,0
33.9,69.0,84.0,0,1,0,0,1,0,2
34.2,51.0,108.0,1,1,1,0,0,0,0
32.2,41.0,59.0,0,1,1,1,0,1,2
15.9,72.0,124.0,0,1,1,1,1,0,2
17.1,63.0,205.0,1,1,0,1,1,0,0
12.3,89.0,229.0,1,1,1,0,0,1,0
11.7,60.0,306.0,0,1,1,0,1,0,2
14.6,32.0,51.0,0,0,1,1,0,1,3
18.1,55.0,16.0,1,0,0,1,1,0,2
22.1,66.0,142.0,0,0,1,0,1,1,3
34.3,59.0,149.0,0,0,1,1,0,1,3
24.5,55.0,79.0,0,1,0,1,0,1,2
10.4,47.0,40.0,1,1,1,0,1,1,0
22.5,76.0,194.0,0,1,0,0,1,1,2
20.3,65.0,38.0,1,1,1,1,0,0,0
13.9,70.0,6.0,1,0,1,0,0,1,2
27.0,83.0,220.0,1,1,1,0,1,0,0
15.7,35.0,169.0,1,0,1,0,1,1,2
31.1,52.0,23.0,0,1,0,1,0,0,2
15.6,49.0,175.0,1,1,1,0,0,1,0
26.6,56.0,119.0,0,1,1,1,1,0,2
14.5,39.0,242.0,0,1,0,0,1,1,2
24.0,45.0,10.0,1,0,1,1,0,0,2
25.3,37.0,23.0,0,0,1,1,0,0,3
32.3,81.0,83.0,0,0,1,0,0,1,3
24.0,39.0,42.0,0,1,0,0,0,1,2
16.1,73.0,247.0,1,0,1,0,1,1,2
21.9,30.0,325.0,1,1,0,0,0,0,0
32.5,42.0,255.0,1,1,1,0,0,0,0
34.9,65.0,236.0,1,1,0,1,0,1,0
30.4,67.0,335.0,0,0,0,1,0,0,3
25.9,44.0,12.0,1,1,0,0,0,1,0
19.0,43.0,282.0,0,1,0,0,1,1,2
21.4,80.0,3.0,0,0,0,1,1,1,3
20.7,80.0,162.0,0,0,1,1,0,1,3
11.5,72.0,348.0,0,1,1,0,1,1,2
32.4,66.0,118.0,0,0,0,1,1,0,3
19.5,52.0,17.0,0,0,0,1,1,0,3
33.5,67.0,166.0,0,1,1,0,0,1,2
21.6,30.0,346.0,1,0,1,0,0,1,2
11.6,60.0,166.0,0,1,0,0,1,0,2
16.8,78.0,252.0,0,1,1,1,0,0,2
26.6,69.0,244.0,0,0,0,1,1,0,3
33.9,48.0,40.0,0,1,1,1,1,1,2
20.1,40.0,200.0,0,0,0,0,0,1,3
18.5,46.0,9.0,0,1,1,1,0,1,2
10.5,72.0,281.0,1,0,1,0,1,0,2
32.9,63.0,294.0,0,0,0,0,1,1,3
25.1,74.0,72.0,1,0,0,1,1,0,2
10.0,42.0,27.0,1,1,1,1,0,0,0
10.0,81.0,126.0,0,1,0,0,0,0,2
25.2,55.0,166.0,1,1,1,1,1,1,0
27.6,65.0,25.0,1,1,1,1,0,0,0
34.8,80.0,212.0,1,1,0,0,1,0,0
12.2,63.0,19.0,1,0,0,1,1,0,2
11.8,48.0,170.0,0,0,0,0,0,1,3
19.2,52.0,221.0,0,0,0,0,1,0,3
23.7,83.0,131.0,0,0,0,1,1,1,3
25.5,74.0,204.0,1,1,1,1,0,1,0
32.3,87.0,127.0,0,0,0,0,1,1,3
28.1,38.0,197.0,1,1,0,0,0,1,0
19.2,70.0,140.0,0,0,1,0,0,0,3
24.9,72.0,74.0,0,0,0,1,0,0,3
30.9,62.0,243.0,0,1,1,0,1,0,2
23.5,36.0,23.0,1,0,0,1,0,0,2
30.2,58.0,161.0,0,0,0,0,1,0,3
25.4,68.0,340.0,0,0,1,0,0,1,3
18.7,84.0,235.0,0,1,1,0,1,0,2
12.7,79.0,90.0,1,1,1,1,0,1,0
20.9,61.0,43.0,0,1,0,1,1,1,2
32.3,56.0,134.0,0,0,0,1,1,1,3
10.9,82.0,270.0,1,0,1,1,1,1,2
32.2,78.0,79.0,1,1,1,1,0,1,0
28.9,58.0,46.0,1,0,1,0,1,1,2
25.0,39.0,346.0,0,0,0,0,0,0,3
27.4,56.0,235.0,0,0,0,0,0,1,3
31.6,85.0,22.0,0,0,0,0,0,1,3
26.0,52.0,38.0,1,0,1,0,1,0,2
17.6,32.0,206.0,0,1,1,1,1,1,2
25.3,38.0,28.0,0,1,0,1,1,1,2
31.4,55.0,170.0,1,1,0,1,1,0,0
33.6,40.0,68.0,1,1,1,1,1,1,0
33.7,58.0,325.0,0,0,1,1,0,1,3
25.0,82.0,135.0,0,1,0,1,1,0,2
25.8,74.0,173.0,0,0,1,1,1,1,3
16.9,79.0,25.0,1,0,0,0,1,0,2
13.6,31.0,328.0,0,0,1,0,1,1,3
16.6,46.0,83.0,0,0,1,1,0,0,3
19.8,72.0,15.0,1,1,1,0,0,1,0
31.0,86.0,107.0,1,1,0,1,1,1,0
33.5,51.0,248.0,0,0,0,1,1,0,3
29.3,71.0,157.0,1,1,0,0,0,0,0
32.1,66.0,254.0,0,1,1,1,0,0,2
16.1,39.0,216.0,1,0,0,1,1,0,2
30.5,32.0,266.0,0,0,1,0,1,0,3
15.2,54.0,118.0,1,1,0,1,0,1,0
25.2,47.0,9.0,0,0,0,0,0,1,3
20.9,32.0,150.0,1,1,0,1,0,0,0
10.9,41.0,208.0,0,0,0,1,0,1,3
30.9,39.0,30.0,1,0,0,0,0,0,2
29.9,85.0,263.0,0,1,1,0,0,0,2
23.6,90.0,268.0,0,0,1,0,0,1,3
19.0,46.0,101.0,1,0,0,1,1,0,2
11.1,51.0,12.0,1,1,0,1,1,1,0
25.1,59.0,145.0,0,0,1,0,0,1,3
28.0,70.0,2.0,0,1,0,1,1,0,2
34.3,88.0,248.0,1,0,1,1,0,1,2
13.6,53.0,314.0,0,0,1,0,1,1,3
27.7,42.0,202.0,0,1,1,1,1,1,2
13.2,67.0,212.0,1,0,1,1,0,1,2
20.1,85.0,115.0,1,1,0,0,1,1,0
16.2,58.0,312.0,1,0,0,1,0,1,2
23.9,48.0,240.0,0,0,1,0,1,0,3
26.4,32.0,138.0,1,0,0,1,0,0,2
16.7,56.0,108.0,1,0,0,0,0,1,2
17.8,46.0,46.0,0,1,0,0,0,0,2
22.3,32.0,52.0,0,0,1,0,1,0,3
31.0,36.0,98.0,1,1,1,1,0,0,0
10.2,47.0,255.0,1,1,0,1,0,1,0
16.0,56.0,235.0,0,1,0,1,0,0,2
11.9,61.0,246.0,0,1,0,1,0,0,2
13.1,89.0,252.0,1,1,1,0,1,1,0
12.3,59.0,36.0,0,0,0,0,0,0,3
16.5,88.0,10.0,0,1,1,1,1,1,2
15.4,71.0,64.0,1,0,0,0,0,0,2
34.6,84.0,152.0,0,0,0,0,0,1,3
30.9,81.0,105.0,1,0,0,0,1,0,2
15.4,34.0,221.0,0,1,0,1,0,0,2
27.4,32.0,288.0,0,0,1,0,0,1,3
31.4,88.0,313.0,1,0,1,1,1,0,2
11.4,68.0,41.0,1,1,0,0,1,0,0
30.3,52.0,226.0,1,1,1,0,1,1,0
19.4,58.0,76.0,1,0,1,1,0,0,2
13.8,46.0,99.0,1,0,0,1,0,1,2
28.7,34.0,75.0,1,1,0,1,0,0,0
23.1,41.0,121.0,0,0,1,1,1,1,3
12.0,42.0,156.0,0,0,0,1,1,0,3
28.5,68.0,94.0,1,1,0,0,0,0,0
23.5,82.0,81.0,1,1,1,0,0,0,0
27.1,79.0,194.0,0,0,0,0,1,0,3
32.8,61.0,176.0,1,0,1,1,0,1,2
11.9,53.0,48.0,0,0,0,1,1,0,3
12.2,44.0,101.0,1,0,1,1,1,1,2
27.1,44.0,111.0,0,1,0,1,1,1,2
29.9,56.0,22.0,1,1,0,0,1,1,0
20.1,51.0,150.0,0,0,0,0,1,1,3
23.9,41.0,363.0,1,1,0,0,0,1,0
34.0,58.0,346.0,0,0,0,0,0,1,3
31.1,50.0,346.0,1,0,1,0,1,0,2
27.0,55.0,154.0,0,1,0,0,0,0,2
25.5,38.0,54.0,1,0,1,0,1,0,2
11.1,69.0,152.0,0,0,0,1,0,1,3
11.8,85.0,168.0,0,1,1,0,1,0,2
28.2,50.0,74.0,1,1,1,0,0,0,0
21.5,75.0,33.0,1,1,1,1,1,0,0
20.0,51.0,168.0,1,1,1,1,0,0,0
25.8,31.0,120.0,1,1,0,0,1,0,0
28.7,42.0,290.0,0,0,1,1,0,1,3
14.3,41.0,196.0,0,0,1,1,1,0,3
28.0,62.0,242.0,0,1,0,1,0,0,2
29.9,59.0,251.0,0,1,0,1,0,0,2
29.3,63.0,365.0,1,1,1,1,0,0,0
32.4,73.0,32.0,1,0,1,1,1,0,2
22.0,64.0,156.0,1,1,1,0,1,1,0
24.3,66.0,149.0,1,1,0,0,0,0,0
13.2,62.0,104.0,1,0,1,1,0,1,2
27.8,77.0,148.0,1,1,0,0,0,0,0
20.3,48.0,71.0,1,1,0,1,1,1,0
14.7,80.0,178.0,1,1,0,0,0,1,0
18.6,72.0,222.0,1,1,0,0,1,0,0
17.5,47.0,292.0,1,0,0,1,1,1,2
34.5,77.0,28.0,0,1,1,0,0,1,2
34.8,68.0,247.0,0,0,1,1,1,1,3
14.6,30.0,304.0,1,0,1,1,1,0,2
24.6,30.0,79.0,1,0,1,0,0,1,2
14.6,51.0,76.0,1,1,1,1,0,0,0
21.2,68.0,162.0,1,1,0,0,0,0,0
19.4,60.0,345.0,1,0,1,1,0,0,2
30.8,78.0,166.0,1,0,1,1,1,0,2
34.7,43.0,280.0,0,0,0,0,0,1,3
10.6,33.0,146.0,0,0,0,1,1,0,3
25.3,88.0,117.0,1,0,1,0,0,1,2
26.5,90.0,247.0,0,1,0,0,1,0,2
30.5,32.0,189.0,1,1,0,1,0,0,0
25.3,74.0,4.0,0,1,1,0,0,1,2
13.5,51.0,56.0,1,1,1,0,0,1,0
22.7,85.0,329.0,0,0,1,0,1,0,3
24.3,35.0,30.0,1,1,1,1,0,1,0
19.3,80.0,260.0,1,1,0,0,1,0,0
14.8,87.0,327.0,0,0,0,0,0,1,3
28.2,74.0,223.0,1,0,0,0,1,1,2
33.7,41.0,354.0,1,1,1,0,1,1,0
17.8,35.0,234.0,0,0,0,1,0,0,3
15.0,75.0,358.0,1,1,0,1,1,0,0
28.1,54.0,223.0,1,0,0,0,0,1,2
27.9,61.0,205.0,1,1,1,1,1,1,0
29.0,35.0,295.0,0,0,0,1,1,1,3
31.5,77.0,269.0,0,1,0,0,1,0,2
21.9,62.0,357.0,1,0,1,0,0,0,2
32.4,82.0,20.0,0,1,0,0,1,0,2
28.8,55.0,39.0,0,1,1,0,0,1,2
33.2,69.0,148.0,0,0,1,1,0,0,3
19.9,61.0,131.0,0,0,1,1,0,1,3
24.7,86.0,125.0,1,1,1,1,1,1,0
15.6,80.0,144.0,0,1,1,1,1,1,2
18.5,67.0,315.0,1,0,1,1,1,0,2
18.6,80.0,26.0,1,1,1,1,0,0,0
18.2,50.0,251.0,0,1,0,1,1,0,2
34.5,79.0,269.0,0,1,0,0,0,1,2
34.7,82.0,106.0,0,1,1,1,1,1,2
20.1,32.0,112.0,0,1,1,0,1,1,2
23.7,49.0,312.0,1,1,0,0,0,1,0
23.8,52.0,71.0,0,0,0,0,0,0,3
13.8,53.0,257.0,1,0,0,1,0,0,2
25.4,54.0,265.0,1,1,1,1,0,1,0
13.6,70.0,94.0,0,1,1,1,0,0,2
29.3,49.0,3.0,0,0,0,0,0,1,3
23.1,52.0,223.0,1,1,1,0,0,0,0
25.6,33.0,154.0,1,0,0,1,1,0,2
25.0,58.0,303.0,1,1,0,1,0,0,0
30.0,63.0,84.0,1,1,0,0,1,0,0
31.7,59.0,219.0,0,1,1,0,0,1,2
11.1,86.0,294.0,0,0,0,1,0,0,3
28.7,79.0,339.0,0,0,0,0,1,0,3
11.2,90.0,218.0,1,1,1,0,0,0,0
18.4,47.0,322.0,1,1,1,1,1,1,0
14.5,80.0,289.0,1,0,1,1,0,0,2
29.9,63.0,242.0,0,0,1,1,1,0,3
14.4,62.0,266.0,0,1,0,0,1,1,2
20.0,45.0,25.0,1,1,1,0,1,1,0
20.3,52.0,360.0,1,1,1,0,1,1,0
31.8,45.0,88.0,1,1,0,0,1,1,0
30.3,60.0,254.0,0,1,0,1,1,1,2
16.2,77.0,297.0,0,0,1,0,1,0,3
22.0,61.0,22.0,0,1,0,0,0,1,2
24.5,59.0,132.0,1,1,0,1,1,0,0
23.0,37.0,155.0,0,0,1,0,1,0,3
30.8,47.0,187.0,1,0,0,1,0,1,2
28.4,42.0,7.0,0,1,1,1,1,1,2
10.4,41.0,186.0,0,0,0,1,1,1,3
19.1,78.0,14.0,1,0,0,1,0,1,2
32.9,41.0,21.0,0,1,1,0,0,0,2
29.9,75.0,232.0,1,0,1,1,1,0,2
32.2,63.0,166.0,0,0,1,1,1,0,3
14.8,64.0,295.0,1,1,1,0,1,0,0
24.3,75.0,37.0,1,0,0,0,0,0,2
33.2,44.0,305.0,0,0,0,1,0,0,3
30.6,72.0,50.0,0,1,0,1,1,0,2
33.2,58.0,93.0,0,1,1,1,1,1,2
16.2,37.0,44.0,0,0,0,1,0,0,3
32.0,69.0,20.0,1,0,1,0,0,1,2
26.0,69.0,123.0,1,0,1,0,0,1,2
21.5,47.0,16.0,1,1,1,0,0,0,0
11.0,76.0,129.0,1,0,0,0,1,0,2
12.7,88.0,155.0,1,0,1,0,0,0,2
26.3,45.0,189.0,1,0,0,0,1,0,2
34.3,60.0,295.0,0,0,0,1,0,1,3
29.1,78.0,234.0,1,1,1,0,1,1,0
30.0,34.0,121.0,0,1,1,0,0,1,2
20.6,48.0,104.0,0,1,0,0,1,1,2
31.1,83.0,108.0,0,0,0,1,1,0,3
25.6,30.0,292.0,0,1,1,1,1,0,2
27.1,61.0,307.0,0,1,0,0,0,0,2
18.4,65.0,290.0,0,1,1,1,0,1,2
34.7,76.0,356.0,0,1,0,1,1,0,2
11.6,42.0,141.0,1,1,1,1,1,0,0
25.8,40.0,336.0,0,1,1,0,1,1,2
30.7,73.0,185.0,0,1,1,1,0,0,2
11.5,53.0,253.0,0,0,1,0,1,1,3
29.8,50.0,7.0,0,1,0,0,0,1,2
28.6,84.0,50.0,1,1,1,1,1,1,0
28.7,86.0,216.0,0,0,0,1,1,0,3
23.4,52.0,146.0,0,0,1,1,0,0,3
22.4,62.0,44.0,0,1,0,1,1,0,2
14.5,31.0,114.0,0,1,1,1,1,0,2
19.2,90.0,115.0,0,0,1,1,0,0,3
34.5,79.0,335.0,1,1,0,1,1,1,0
14.7,86.0,13.0,1,0,1,1,1,1,2
34.9,39.0,49.0,1,0,1,0,0,0,2
12.4,42.0,171.0,1,1,0,1,0,1,0
20.1,40.0,166.0,1,0,0,1,1,1,2
23.9,55.0,134.0,1,1,0,0,0,1,0
26.1,77.0,81.0,1,1,0,0,0,1,0
30.2,63.0,220.0,0,0,1,1,0,0,3
12.6,71.0,229.0,1,0,0,1,0,0,2
21.2,37.0,162.0,1,1,1,1,1,1,0
16.7,32.0,290.0,1,1,1,0,0,0,0
27.8,49.0,217.0,1,0,0,1,1,1,2
28.6,55.0,60.0,1,0,0,1,1,0,2
19.2,87.0,256.0,0,0,0,1,0,0,3
19.0,34.0,99.0,0,1,1,1,1,0,2
16.4,74.0,357.0,1,0,0,1,1,0,2
34.3,49.0,144.0,0,1,0,0,0,0,2
14.0,58.0,109.0,0,1,0,1,1,0,2
11.2,78.0,21.0,0,1,0,0,0,0,2
13.4,39.0,83.0,0,1,1,1,0,1,2
34.4,86.0,9.0,1,1,1,0,1,1,0
14.6,56.0,242.0,0,0,1,1,0,0,3
23.3,84.0,302.0,1,0,0,1,0,0,2
12.7,51.0,289.0,0,0,1,1,0,0,3
15.3,37.0,290.0,0,0,0,0,1,0,3
33.8,67.0,212.0,1,1,0,0,1,0,0
25.8,67.0,70.0,0,0,1,0,0,1,3
26.6,36.0,110.0,1,1,1,1,1,0,0
15.8,79.0,148.0,0,0,0,0,0,0,3
25.0,83.0,33.0,0,1,1,1,1,1,2
17.7,60.0,79.0,1,1,0,1,0,1,0
34.1,61.0,290.0,1,1,0,1,1,0,0
12.7,48.0,78.0,1,0,0,0,1,1,2
21.7,62.0,290.0,1,0,0,1,1,0,2
34.2,82.0,242.0,0,1,1,1,1,0,2
17.6,82.0,132.0,1,0,1,0,0,1,2
18.7,55.0,292.0,1,1,0,0,1,0,0
27.9,67.0,41.0,1,1,0,0,0,0,0
17.5,82.0,300.0,1,1,0,0,0,1,0
25.8,87.0,21.0,0,1,0,0,1,1,2
12.5,64.0,23.0,0,1,0,1,1,1,2
13.1,31.0,265.0,1,1,1,1,0,0,0
14.3,87.0,221.0,1,1,0,0,0,0,0
18.0,76.0,206.0,1,1,1,0,0,1,0
19.5,42.0,58.0,0,0,0,1,1,1,3
13.2,77.0,13.0,1,0,1,1,0,1,2
33.9,33.0,275.0,1,1,0,1,0,1,0
13.6,46.0,296.0,0,1,0,0,1,0,2
30.4,71.0,147.0,0,1,0,1,0,0,2
33.9,52.0,237.0,0,0,1,0,1,0,3
35.0,82.0,311.0,0,1,1,0,0,0,2
10.7,45.0,228.0,1,1,0,1,0,0,0
15.6,76.0,40.0,1,0,1,1,1,1,2
12.2,40.0,181.0,0,0,1,1,0,1,3
19.6,49.0,37.0,1,0,1,1,1,0,2
11.0,86.0,165.0,0,0,1,0,1,1,3
14.3,39.0,202.0,1,1,0,1,0,1,0
28.8,57.0,226.0,1,0,0,0,1,0,2
13.2,83.0,65.0,1,0,0,1,0,1,2
11.9,45.0,193.0,1,1,0,1,1,0,0
19.0,78.0,314.0,0,1,0,0,1,1,2
23.4,44.0,160.0,1,0,0,0,1,0,2
20.1,53.0,290.0,0,0,0,0,1,0,3
15.4,47.0,119.0,1,1,1,0,1,0,0
17.7,64.0,181.0,1,0,1,1,0,1,2
34.7,44.0,314.0,1,0,0,0,1,0,2
28.3,72.0,165.0,1,1,0,1,1,1,0
30.8,42.0,201.0,1,1,1,0,1,1,0
15.0,66.0,284.0,0,1,1,1,0,1,2
14.8,67.0,178.0,1,0,0,0,0,0,2
13.5,52.0,312.0,1,0,1,1,1,1,2
30.4,80.0,68.0,1,1,1,1,1,1,0
29.4,67.0,99.0,0,0,0,1,1,0,3
31.5,67.0,228.0,1,0,0,0,1,1,2
19.8,71.0,295.0,0,1,0,1,0,0,2
14.6,47.0,34.0,0,1,1,1,0,0,2
32.8,48.0,144.0,0,1,0,1,0,1,2
32.1,60.0,292.0,1,0,0,1,1,0,2
16.5,44.0,82.0,0,0,0,0,0,0,3
16.5,66.0,23.0,1,1,1,0,0,1,0
27.5,51.0,1.0,1,0,1,0,0,0,2
17.7,77.0,213.0,0,1,0,1,0,1,2
24.7,57.0,359.0,0,0,1,0,0,0,3
22.9,67.0,79.0,0,0,0,1,0,1,3
21.6,37.0,296.0,0,1,1,0,1,0,2
32.8,33.0,109.0,1,1,0,1,0,1,0
34.9,35.0,50.0,1,1,0,1,1,1,0
14.0,31.0,94.0,1,0,1,1,0,0,2
28.5,82.0,240.0,0,0,1,1,1,0,3
32.5,49.0,112.0,0,1,1,0,0,1,2
25.1,86.0,348.0,1,0,0,0,0,0,2
16.2,43.0,111.0,1,1,1,0,0,1,0
22.2,35.0,228.0,1,0,0,1,1,1,2
21.5,71.0,247.0,1,0,1,1,0,0,2
12.2,63.0,334.0,0,0,1,0,1,1,3
29.1,57.0,183.0,0,1,0,0,0,0,2
27.5,81.0,256.0,1,0,0,0,1,1,2
13.0,42.0,254.0,0,1,1,0,0,1,2
30.7,33.0,236.0,0,1,0,0,1,0,2
32.9,51.0,33.0,0,0,1,1,0,0,3
14.8,65.0,305.0,1,0,1,0,0,0,2
14.7,63.0,24.0,0,1,1,0,1,0,2
25.3,64.0,169.0,1,1,0,0,1,0,0
14.9,48.0,236.0,1,0,0,0,0,0,2
20.5,75.0,155.0,0,1,0,0,0,0,2
12.5,78.0,185.0,0,0,0,0,1,0,3
25.8,76.0,281.0,1,1,1,1,0,1,0
33.1,34.0,28.0,0,1,0,0,1,0,2
24.3,40.0,55.0,0,1,1,0,0,1,2
10.4,76.0,299.0,1,0,1,1,0,1,2
28.1,66.0,276.0,1,1,0,1,1,1,0
15.2,55.0,333.0,0,0,1,0,1,1,3
15.7,33.0,355.0,0,1,1,1,1,1,2
33.7,88.0,70.0,1,0,1,0,0,1,2
32.4,51.0,17.0,0,0,0,0,1,1,3
29.3,59.0,244.0,1,1,1,0,1,1,0
32.6,44.0,215.0,0,1,1,0,0,0,2
30.3,74.0,109.0,0,1,1,0,0,1,2
33.4,75.0,70.0,1,0,0,1,0,1,2
31.3,47.0,50.0,0,1,0,0,1,0,2
30.9,70.0,141.0,0,0,1,1,0,0,3
27.8,32.0,123.0,0,0,1,1,1,1,3
30.8,58.0,52.0,0,0,0,1,0,1,3
16.7,68.0,335.0,1,1,0,0,0,0,0
31.2,50.0,343.0,0,1,0,1,0,1,2
10.6,82.0,60.0,0,0,1,1,1,1,3
32.9,63.0,58.0,1,1,1,0,0,1,0
32.0,57.0,197.0,0,0,1,0,1,1,3
21.3,38.0,340.0,0,1,0,1,0,1,2
31.1,36.0,154.0,1,0,0,1,0,0,2
16.7,72.0,30.0,1,1,1,1,0,0,0
23.3,90.0,192.0,0,1,0,1,0,1,2
32.4,73.0,99.0,0,0,1,1,1,1,3
22.0,86.0,153.0,0,1,1,1,0,0,2
15.0,77.0,328.0,0,0,1,0,0,1,3
11.5,83.0,148.0,0,1,0,1,0,1,2
23.4,51.0,250.0,0,0,1,1,1,1,3
33.7,88.0,58.0,1,0,0,0,1,0,2
21.9,88.0,281.0,0,1,0,1,0,0,2
13.1,80.0,261.0,0,1,1,0,1,1,2
23.3,58.0,277.0,1,1,0,1,0,1,0
35.0,89.0,25.0,0,0,0,0,0,1,3
14.7,73.0,206.0,0,0,0,1,0,1,3
13.6,64.0,219.0,0,1,0,0,0,0,2
32.5,53.0,93.0,1,0,1,0,1,0,2
29.8,37.0,33.0,1,1,0,0,0,0,0
17.8,56.0,260.0,1,1,0,0,1,0,0
29.9,70.0,207.0,1,1,1,0,1,1,0
33.2,48.0,194.0,0,1,0,1,1,1,2
23.1,42.0,170.0,0,1,0,0,0,0,2
12.7,39.0,176.0,0,1,0,0,1,0,2
24.0,44.0,240.0,1,1,0,0,0,1,0
31.2,90.0,249.0,0,1,1,0,1,0,2
10.3,37.0,119.0,0,1,0,1,1,1,2
15.2,68.0,252.0,1,0,1,1,1,0,2
25.8,51.0,99.0,1,0,0,1,1,0,2
19.7,57.0,37.0,0,1,1,0,1,1,2
10.1,50.0,300.0,1,0,0,1,1,0,2
10.6,54.0,316.0,1,0,0,0,1,0,2
34.0,72.0,165.0,0,0,1,0,0,1,3
19.3,57.0,80.0,0,0,0,1,0,1,3
23.1,79.0,241.0,1,1,1,0,1,1,0
23.1,49.0,21.0,1,0,1,1,1,0,2
13.9,72.0,335.0,0,1,1,1,0,1,2
20.3,69.0,222.0,1,0,1,1,1,0,2
34.2,78.0,325.0,0,0,1,1,0,0,3
32.9,77.0,197.0,0,0,0,1,1,0,3
20.4,60.0,174.0,0,1,1,0,0,0,2
22.8,77.0,81.0,1,1,0,0,0,0,0
23.9,36.0,56.0,1,1,0,0,0,0,0
24.8,54.0,13.0,0,1,0,1,1,1,2
19.7,41.0,280.0,0,1,1,0,0,1,2
13.3,32.0,240.0,1,1,1,1,1,1,0
32.2,87.0,54.0,1,0,0,1,1,0,2
11.9,58.0,257.0,0,1,0,1,1,1,2
15.3,56.0,303.0,0,1,0,1,1,0,2
19.2,72.0,249.0,0,0,0,0,1,0,3
22.9,38.0,317.0,0,0,1,1,0,0,3
30.8,55.0,112.0,0,0,0,1,0,1,3
12.0,55.0,191.0,1,1,0,0,0,0,0
24.8,43.0,123.0,0,1,1,1,1,0,2
21.8,75.0,154.0,1,1,0,1,0,1,0
16.7,73.0,12.0,1,1,1,1,1,0,0
17.5,36.0,192.0,0,1,0,1,0,0,2
19.2,42.0,77.0,0,1,0,1,0,1,2
20.1,58.0,106.0,0,1,1,1,1,1,2
30.1,34.0,147.0,0,0,0,1,1,1,3
28.9,58.0,253.0,1,1,0,1,1,0,0
19.2,67.0,314.0,1,1,0,1,0,0,0
18.8,71.0,262.0,0,0,0,1,1,0,3
26.4,47.0,231.0,0,0,0,0,1,1,3
24.1,73.0,238.0,1,0,1,1,1,1,2
24.9,79.0,255.0,0,1,0,0,1,0,2
19.9,78.0,17.0,1,1,0,0,0,1,0
27.8,86.0,85.0,0,1,1,0,1,1,2
13.8,49.0,18.0,0,1,1,1,0,1,2
15.9,41.0,17.0,1,1,0,1,0,1,0
18.8,61.0,62.0,0,0,0,0,0,1,3
14.0,33.0,331.0,1,0,0,0,0,1,2
10.7,76.0,232.0,0,0,1,0,0,1,3
29.5,62.0,190.0,1,1,1,0,1,1,0
29.2,53.0,180.0,1,1,1,0,0,1,0
34.3,58.0,355.0,1,0,0,0,0,1,2
14.5,68.0,85.0,1,1,0,0,1,1,0
20.1,41.0,110.0,0,0,0,1,1,0,3
27.1,43.0,137.0,1,0,0,1,0,0,2
32.2,58.0,251.0,1,0,1,1,1,0,2
24.7,40.0,238.0,0,0,1,1,0,0,3
33.9,90.0,230.0,0,0,0,1,1,1,3
21.7,72.0,91.0,0,0,1,1,1,1,3
34.2,53.0,200.0,0,0,0,0,0,1,3
13.1,71.0,345.0,1,1,0,0,0,0,0
33.4,81.0,64.0,1,1,0,1,1,0,0
17.5,81.0,157.0,1,1,1,1,0,1,0
11.9,35.0,106.0,0,0,0,0,0,0,3
15.6,41.0,125.0,1,1,1,0,1,1,0
12.9,41.0,225.0,0,0,0,0,1,0,3
27.6,49.0,164.0,0,1,0,1,1,0,2
26.9,37.0,225.0,1,1,1,1,1,1,0
20.7,47.0,10.0,1,1,1,0,1,1,0
24.4,55.0,148.0,0,1,1,0,1,1,2
29.7,30.0,93.0,0,0,1,0,0,0,3
18.3,86.0,354.0,0,1,1,0,1,1,2
31.3,55.0,247.0,0,1,0,1,1,0,2
17.7,89.0,212.0,1,1,0,1,0,0,0
28.4,74.0,82.0,0,0,0,0,0,1,3
11.2,43.0,78.0,1,0,0,0,1,1,2
29.9,54.0,120.0,0,0,0,1,0,1,3
20.3,67.0,234.0,0,0,0,1,1,0,3
17.1,45.0,311.0,1,0,0,1,1,0,2
23.6,60.0,12.0,0,1,1,0,0,1,2
22.4,60.0,338.0,1,0,1,1,0,0,2
22.3,42.0,277.0,0,0,0,0,0,0,3
11.8,60.0,278.0,0,1,0,0,1,0,2
27.3,69.0,174.0,0,0,0,0,1,0,3
16.1,30.0,256.0,0,1,0,0,1,1,2
26.5,35.0,20.0,0,0,1,1,1,0,3
20.4,68.0,356.0,0,0,0,1,0,1,3
22.8,81.0,159.0,0,1,1,0,1,0,2
33.1,82.0,119.0,1,0,0,0,1,1,2
15.6,78.0,27.0,0,1,0,0,1,1,2
29.4,73.0,200.0,0,1,0,1,0,1,2
26.1,31.0,30.0,1,0,1,0,0,1,2
24.5,74.0,230.0,1,0,1,1,1,1,2
21.0,50.0,158.0,1,1,0,1,0,0,0
12.9,58.0,21.0,0,0,0,1,0,0,3
13.4,66.0,33.0,0,1,1,0,0,0,2
29.6,41.0,41.0,1,1,1,1,0,1,0
24.9,39.0,96.0,0,0,0,0,1,0,3
28.1,43.0,160.0,0,1,0,1,0,0,2
16.3,49.0,147.0,0,1,0,0,0,0,2
29.1,36.0,161.0,1,0,0,1,0,0,2
15.3,39.0,30.0,0,0,1,0,1,0,3
20.7,43.0,183.0,1,1,0,0,0,1,0
19.3,60.0,22.0,1,1,1,0,1,1,0
21.9,74.0,229.0,0,0,1,0,1,1,3
30.2,38.0,259.0,0,1,1,1,1,0,2
12.7,38.0,276.0,0,0,0,0,0,0,3
14.7,66.0,249.0,0,1,0,0,0,1,2
24.9,65.0,217.0,1,1,1,1,0,0,0
24.1,58.0,270.0,1,1,0,1,1,0,0
22.8,65.0,184.0,0,1,0,1,0,1,2
28.6,59.0,151.0,0,0,1,0,0,0,3
25.9,89.0,196.0,0,0,1,1,1,0,3
11.9,79.0,33.0,0,0,1,0,1,0,3
16.9,64.0,5.0,1,1,0,0,1,1,0
32.1,56.0,71.0,1,1,0,1,0,0,0
16.6,64.0,43.0,1,1,0,0,0,1,0
31.8,76.0,181.0,1,0,0,0,0,1,2
17.1,87.0,164.0,1,1,0,1,0,1,0
17.9,88.0,223.0,1,0,1,1,0,0,2
33.7,89.0,353.0,1,1,0,1,1,1,0
10.9,38.0,175.0,0,1,0,0,1,0,2
32.8,75.0,52.0,1,0,1,1,1,0,2
12.9,58.0,47.0,1,1,1,0,0,1,0
18.1,60.0,164.0,1,0,1,1,1,1,2
22.9,81.0,323.0,0,0,0,0,1,1,3
33.5,53.0,90.0,1,0,0,1,1,1,2
17.7,72.0,199.0,0,1,1,1,1,0,2
21.2,62.0,244.0,1,0,1,0,0,0,2
10.9,87.0,123.0,0,1,1,0,1,0,2
34.2,31.0,153.0,1,0,1,0,1,0,2
13.6,89.0,67.0,0,0,0,1,1,0,3
14.8,39.0,347.0,0,0,0,1,0,0,3
33.8,39.0,90.0,1,1,1,0,1,0,0
19.4,78.0,211.0,1,1,0,1,0,0,0
17.7,40.0,9.0,0,1,0,0,0,1,2
29.4,78.0,224.0,0,0,1,1,1,0,3
25.2,43.0,274.0,0,0,1,0,1,0,3
23.3,58.0,85.0,0,1,0,0,0,0,2
13.1,73.0,221.0,0,0,1,1,0,0,3
31.8,78.0,206.0,0,0,0,0,1,1,3
23.8,80.0,334.0,1,0,1,0,1,0,2
32.4,84.0,11.0,1,0,1,1,1,0,2
16.4,36.0,241.0,1,1,0,0,1,0,0
13.6,39.0,21.0,0,1,1,1,1,1,2
16.5,32.0,29.0,0,0,1,0,1,0,3
28.5,56.0,145.0,0,1,0,0,1,0,2
32.5,40.0,306.0,1,0,1,0,1,0,2
33.6,84.0,217.0,0,0,0,0,1,1,3
29.7,52.0,235.0,0,0,0,0,0,1,3
34.4,86.0,146.0,1,1,0,0,0,0,0
17.6,52.0,65.0,1,0,0,0,1,1,2
23.4,78.0,273.0,1,1,0,1,0,0,0
15.3,66.0,232.0,0,0,0,0,1,0,3
12.2,73.0,349.0,0,0,1,0,0,1,3
24.8,59.0,303.0,0,0,1,0,1,1,3
31.9,42.0,137.0,1,0,0,1,1,1,2
27.5,67.0,63.0,0,0,1,1,0,0,3
12.4,73.0,84.0,1,0,1,1,0,1,2
22.2,56.0,132.0,1,1,1,1,1,1,0
34.3,35.0,317.0,1,0,1,1,0,1,2
29.5,48.0,242.0,0,0,1,1,0,1,3
13.6,73.0,293.0,1,1,1,0,0,1,0
24.4,32.0,137.0,0,1,1,0,0,1,2
20.0,38.0,71.0,0,1,0,1,0,0,2
32.4,58.0,251.0,1,0,1,0,1,0,2
14.1,50.0,120.0,1,1,0,1,0,0,0
26.1,41.0,232.0,1,0,1,0,0,1,2
12.9,36.0,11.0,1,1,1,0,0,0,0
25.8,37.0,150.0,1,0,1,1,0,1,2
28.3,44.0,156.0,0,1,1,0,1,1,2
10.7,69.0,185.0,0,0,1,1,0,1,3
32.7,46.0,104.0,1,1,0,0,0,0,0
34.7,57.0,13.0,0,0,1,0,0,1,3
22.5,68.0,294.0,1,0,1,1,0,1,2
31.2,40.0,55.0,0,0,0,0,1,0,3
23.2,76.0,23.0,1,1,0,1,0,1,0
28.7,39.0,213.0,0,1,0,1,0,0,2
20.9,90.0,223.0,1,0,0,1,1,1,2
16.6,56.0,242.0,1,0,0,1,1,0,2
27.9,59.0,9.0,1,0,0,0,1,1,2
19.3,43.0,57.0,0,1,0,0,0,0,2
28.9,46.0,220.0,1,1,0,0,0,0,0
20.8,73.0,184.0,1,0,0,1,1,1,2
16.3,40.0,133.0,0,0,0,0,0,1,3
28.1,75.0,21.0,0,0,1,0,0,0,3
19.0,52.0,196.0,1,1,1,1,0,1,0
25.8,80.0,245.0,1,1,0,0,1,0,0
26.3,49.0,88.0,0,0,0,1,0,0,3
27.2,55.0,268.0,1,1,0,0,0,0,0
26.9,73.0,234.0,1,0,1,0,0,0,2
13.2,59.0,299.0,0,1,0,0,0,1,2
20.3,38.0,317.0,1,0,1,1,1,0,2
10.2,35.0,122.0,0,1,0,1,0,1,2
15.2,75.0,146.0,1,1,0,1,0,0,0
20.9,42.0,200.0,0,0,0,1,0,0,3
27.9,32.0,222.0,1,0,1,1,0,0,2
27.7,62.0,178.0,0,1,1,1,0,0,2
27.1,46.0,344.0,1,1,0,0,0,0,0
14.1,44.0,121.0,1,1,1,0,1,0,0
35.0,87.0,143.0,0,0,0,1,0,0,3
33.0,32.0,98.0,1,1,1,0,0,1,0
29.8,73.0,135.0,1,1,0,1,1,0,0
18.8,36.0,148.0,1,1,0,1,1,1,0
18.8,47.0,156.0,1,1,1,0,0,0,0
17.1,33.0,32.0,1,0,0,0,1,0,2
17.9,61.0,358.0,0,1,0,1,1,1,2
18.2,89.0,250.0,1,0,1,1,0,1,2
18.5,72.0,25.0,1,0,0,0,0,1,2
13.2,64.0,240.0,1,1,1,0,1,1,0
17.1,41.0,292.0,1,0,1,0,0,0,2
25.6,36.0,114.0,1,1,1,0,1,0,0
13.7,36.0,20.0,1,0,1,0,0,1,2
15.8,36.0,111.0,0,1,1,0,1,1,2
26.0,52.0,216.0,1,0,1,1,1,1,2
31.1,56.0,134.0,0,1,0,0,1,0,2
16.3,84.0,154.0,0,1,1,0,1,0,2
33.2,48.0,267.0,0,1,1,1,1,0,2
14.3,82.0,196.0,0,0,1,0,1,0,3
34.2,31.0,188.0,0,1,1,0,1,0,2
17.6,82.0,88.0,1,1,1,1,0,1,0
28.8,83.0,305.0,1,0,0,1,1,0,2
18.8,50.0,190.0,1,1,1,0,1,1,0
23.4,78.0,264.0,1,0,1,1,0,1,2
10.6,48.0,226.0,0,0,1,1,1,1,3
16.5,60.0,31.0,0,1,1,0,1,0,2
10.2,47.0,97.0,1,0,0,0,0,1,2
31.7,88.0,69.0,1,0,0,0,1,0,2
29.9,43.0,119.0,0,0,1,1,0,1,3
14.2,71.0,81.0,1,1,0,1,0,0,0
24.8,45.0,52.0,0,1,1,1,1,0,2
29.8,71.0,327.0,0,0,0,1,1,1,3
27.1,49.0,108.0,0,0,0,1,0,1,3
25.9,53.0,114.0,0,1,1,0,1,0,2
27.2,34.0,17.0,0,0,1,1,1,1,3
24.9,50.0,16.0,1,1,0,1,1,0,0
28.0,83.0,8.0,0,1,1,1,1,1,2
19.1,81.0,185.0,0,0,1,1,1,1,3
33.2,59.0,241.0,1,0,1,0,1,1,2
21.2,45.0,153.0,1,0,0,0,1,1,2
14.2,77.0,144.0,1,1,0,1,0,1,0
34.6,54.0,111.0,1,1,1,1,0,1,0
26.5,85.0,41.0,1,0,1,0,1,0,2
13.3,70.0,324.0,1,1,1,0,0,1,0
11.7,76.0,252.0,0,0,0,1,1,1,3
32.3,76.0,144.0,0,1,0,1,0,0,2
10.5,51.0,223.0,0,0,1,0,1,0,3
22.9,60.0,14.0,1,0,0,0,0,1,2
30.0,81.0,218.0,1,1,1,0,1,0,0
20.5,76.0,61.0,1,1,0,1,1,1,0
21.9,31.0,237.0,1,1,0,1,0,0,0
12.2,54.0,61.0,1,1,0,1,0,0,0
13.4,30.0,258.0,1,1,1,1,0,1,0
10.8,76.0,89.0,0,1,1,1,1,1,2
23.8,37.0,182.0,1,0,0,0,0,0,2
17.2,66.0,6.0,0,0,1,0,1,1,3
34.1,77.0,335.0,0,1,0,1,0,0,2
16.9,62.0,194.0,1,1,1,1,0,0,0
27.1,59.0,306.0,1,1,1,0,1,0,0
21.8,84.0,330.0,0,0,0,0,1,1,3
23.3,50.0,208.0,0,0,0,1,1,0,3
14.0,55.0,231.0,1,0,1,1,1,0,2
24.2,50.0,184.0,0,1,1,0,0,0,2
20.4,45.0,319.0,1,0,0,0,1,0,2
27.8,81.0,64.0,1,0,1,1,1,0,2
20.3,90.0,286.0,1,1,1,1,0,1,0
21.7,64.0,161.0,1,1,1,1,0,0,0
20.6,74.0,75.0,0,1,1,0,1,0,2
32.6,50.0,105.0,1,0,0,1,1,0,2
21.3,46.0,170.0,0,0,0,1,0,0,3
15.0,35.0,274.0,1,0,1,0,1,0,2
33.4,62.0,84.0,0,1,1,0,0,0,2
24.4,39.0,159.0,0,1,0,1,1,0,2
14.4,49.0,278.0,1,0,1,1,1,0,2
29.7,86.0,117.0,1,0,1,0,1,1,2
15.5,77.0,134.0,1,0,1,1,0,0,2
25.7,30.0,218.0,0,0,1,0,0,1,3
26.4,82.0,25.0,1,1,1,1,0,1,0
30.0,37.0,187.0,0,0,0,1,1,1,3
26.6,49.0,30.0,0,1,0,0,1,1,2
34.3,58.0,146.0,0,1,1,1,1,1,2
20.5,53.0,217.0,1,0,0,0,1,0,2
31.4,88.0,308.0,1,1,1,1,1,0,0
24.0,81.0,323.0,1,0,0,0,1,0,2
18.5,58.0,344.0,0,0,1,1,0,1,3
21.1,73.0,201.0,1,1,1,1,1,1,0
13.8,83.0,130.0,1,0,0,1,0,1,2
28.1,38.0,130.0,0,1,1,1,0,0,2
12.2,64.0,349.0,0,1,1,1,0,0,2
14.0,57.0,154.0,1,0,1,0,0,1,2
27.7,62.0,20.0,0,0,0,1,0,0,3
19.0,87.0,299.0,0,0,1,1,0,0,3
34.0,81.0,333.0,0,0,1,0,1,1,3
23.4,82.0,284.0,0,0,0,1,0,1,3
11.5,64.0,249.0,0,1,0,0,1,1,2
30.4,40.0,222.0,1,1,1,1,0,0,0
11.6,44.0,74.0,0,0,0,0,1,1,3
32.2,41.0,57.0,1,1,1,1,1,0,0
26.2,77.0,40.0,0,1,1,1,0,0,2
12.6,72.0,136.0,0,1,1,1,0,1,2
18.6,70.0,200.0,0,0,1,0,1,1,3
24.2,83.0,143.0,1,0,1,0,1,0,2
31.9,80.0,143.0,0,1,0,1,1,0,2
11.1,82.0,352.0,1,1,0,1,0,1,0
29.9,50.0,206.0,0,1,0,1,0,1,2
24.0,69.0,225.0,1,0,1,0,1,0,2
17.4,85.0,117.0,1,1,0,1,0,0,0
12.1,64.0,184.0,0,1,0,0,0,1,2
23.4,52.0,99.0,0,1,0,1,1,1,2
24.6,80.0,171.0,0,0,1,1,0,1,3
22.1,83.0,332.0,0,1,0,0,0,0,2
21.9,49.0,87.0,0,1,0,1,0,1,2
10.2,55.0,322.0,0,1,1,0,1,1,2
31.6,45.0,334.0,1,0,0,0,0,0,2
32.4,40.0,339.0,1,0,1,0,1,0,2
12.4,84.0,76.0,1,0,1,0,0,0,2
25.2,38.0,281.0,0,1,0,1,1,1,2
20.6,31.0,54.0,0,0,1,0,1,1,3
31.9,90.0,65.0,1,1,1,0,0,1,0
20.0,33.0,75.0,1,0,1,1,1,0,2
26.8,46.0,327.0,0,1,0,0,0,0,2
29.3,52.0,239.0,1,1,0,1,0,1,0
33.7,39.0,360.0,0,1,1,0,0,0,2
24.3,52.0,63.0,0,0,0,1,0,0,3
25.4,52.0,43.0,0,1,1,1,0,0,2
14.9,63.0,245.0,0,0,1,0,0,1,3
12.3,81.0,355.0,0,0,0,0,0,1,3
19.2,67.0,209.0,0,0,1,0,0,0,3
29.4,87.0,235.0,1,0,0,1,0,0,2
14.7,64.0,70.0,1,1,1,0,0,0,0
26.3,86.0,133.0,0,0,0,1,0,1,3
23.1,39.0,113.0,1,0,0,0,1,1,2
19.6,43.0,188.0,0,1,1,1,1,1,2
27.8,85.0,254.0,0,0,1,1,1,0,3
29.7,78.0,352.0,0,1,0,0,0,0,2
20.7,86.0,276.0,1,1,1,1,1,1,0
23.7,33.0,57.0,0,0,0,1,1,1,3
19.5,84.0,35.0,0,0,1,0,0,0,3
27.2,81.0,203.0,0,1,1,1,0,0,2
14.0,45.0,200.0,0,0,1,0,1,1,3
11.0,84.0,355.0,0,1,0,0,1,1,2
16.6,72.0,173.0,0,1,1,1,1,0,2
10.3,58.0,329.0,1,0,0,1,0,1,2
20.0,49.0,187.0,1,0,0,0,0,1,2
21.7,85.0,234.0,0,1,1,1,1,0,2
17.5,35.0,15.0,1,0,0,0,1,1,2
10.1,38.0,220.0,0,0,1,0,0,1,3
35.0,32.0,139.0,0,1,0,0,0,1,2
24.8,89.0,121.0,0,1,0,1,1,1,2
29.3,70.0,97.0,0,0,1,0,0,0,3
26.1,55.0,93.0,0,1,1,0,0,0,2
13.8,42.0,7.0,1,0,1,0,1,1,2
14.3,49.0,337.0,1,0,0,0,0,1,2
29.1,36.0,10.0,0,1,1,0,0,1,2
22.1,52.0,3.0,1,1,1,0,1,0,0
34.3,36.0,47.0,0,0,1,1,1,0,3
30.1,89.0,196.0,1,0,0,1,0,1,2
16.8,45.0,112.0,0,0,1,1,1,0,3
15.6,50.0,66.0,0,1,0,1,1,0,2
19.4,46.0,18.0,0,0,0,1,0,1,3
20.5,60.0,310.0,1,0,1,0,0,1,2
12.7,90.0,357.0,0,0,0,0,1,0,3
15.0,51.0,250.0,1,0,1,0,0,0,2
34.7,87.0,7.0,1,1,0,0,0,0,0
30.9,47.0,247.0,0,1,0,0,0,0,2
31.6,82.0,55.0,0,0,0,1,1,0,3
25.5,67.0,356.0,1,0,1,1,1,0,2
29.1,89.0,211.0,1,0,0,0,1,1,2
34.7,44.0,3.0,0,1,1,1,1,1,2
23.6,63.0,348.0,1,0,0,0,1,1,2
10.6,45.0,312.0,0,1,1,0,1,0,2
32.8,81.0,115.0,1,1,0,0,0,0,0
34.8,82.0,48.0,1,1,0,0,0,1,0
31.8,63.0,201.0,1,1,0,0,0,0,0
15.5,82.0,357.0,1,1,1,0,1,0,0
16.3,82.0,217.0,0,1,0,0,1,1,2
27.4,86.0,332.0,0,0,1,1,0,1,3
14.4,81.0,14.0,1,1,0,1,1,0,0
29.5,40.0,52.0,0,0,1,1,0,1,3
18.5,49.0,313.0,1,1,0,1,1,1,0
16.4,64.0,122.0,0,1,0,0,1,1,2
18.8,84.0,12.0,0,1,1,0,1,1,2
30.7,47.0,121.0,0,0,1,1,1,0,3
29.1,66.0,62.0,0,0,1,1,1,1,3
13.1,88.0,185.0,0,1,0,0,1,0,2
18.7,70.0,111.0,1,1,1,0,1,1,0
20.1,55.0,78.0,1,0,1,1,1,0,2
19.2,75.0,130.0,0,1,1,0,1,0,2
13.7,35.0,177.0,1,1,1,1,1,1,0
30.1,62.0,81.0,1,0,1,1,1,1,2
28.0,50.0,132.0,1,0,1,0,0,1,2
32.9,74.0,120.0,1,0,1,1,1,0,2
15.9,82.0,326.0,1,0,1,0,1,0,2
13.6,86.0,141.0,1,1,1,0,1,0,0
20.1,82.0,83.0,0,1,1,0,1,0,2
14.2,49.0,24.0,1,0,0,1,1,1,2
22.1,49.0,107.0,1,0,1,0,0,1,2
31.2,69.0,361.0,1,1,0,0,1,0,0
33.2,87.0,48.0,1,0,1,1,1,0,2
11.1,85.0,149.0,1,1,1,0,0,0,0
15.4,35.0,159.0,0,1,1,1,1,0,2
20.5,70.0,292.0,0,0,0,1,1,1,3
15.7,44.0,346.0,1,1,0,0,1,0,0
25.0,45.0,31.0,0,1,1,0,0,0,2
16.6,51.0,197.0,0,0,1,1,1,0,3
34.1,86.0,6.0,0,0,1,1,0,0,3
23.0,64.0,68.0,1,0,0,1,0,0,2
33.4,85.0,70.0,0,0,1,0,0,1,3
25.0,51.0,41.0,1,0,0,0,0,1,2
10.3,53.0,89.0,0,1,0,1,1,1,2
25.5,66.0,230.0,1,1,1,1,0,0,0
15.3,74.0,272.0,0,1,1,1,0,0,2
25.1,54.0,321.0,0,1,1,1,0,0,2
31.3,86.0,118.0,0,0,0,0,0,0,3
16.0,87.0,259.0,1,1,1,1,1,0,0
24.0,70.0,321.0,1,1,1,0,1,1,0
17.1,66.0,55.0,1,1,0,1,1,0,0
30.2,53.0,41.0,1,0,0,0,1,0,2
22.5,72.0,145.0,0,1,0,1,0,1,2
12.2,68.0,267.0,1,0,0,1,0,1,2
10.3,61.0,36.0,0,1,1,0,0,0,2
22.3,35.0,164.0,1,0,1,1,1,0,2
20.7,38.0,110.0,1,1,1,0,0,1,0
17.8,74.0,83.0,1,0,1,0,1,0,2
15.9,59.0,275.0,1,1,0,1,1,1,0
11.0,38.0,358.0,0,0,0,0,0,1,3
23.3,45.0,318.0,0,1,0,1,1,0,2
12.1,81.0,32.0,0,1,0,1,1,0,2
17.5,84.0,194.0,1,1,1,1,1,1,0
13.4,46.0,150.0,1,0,1,1,1,1,2
29.7,67.0,267.0,1,1,0,1,1,1,0
13.1,34.0,175.0,0,1,0,0,0,0,2
16.2,41.0,37.0,1,1,1,1,1,1,0
11.8,31.0,299.0,1,1,0,0,1,0,0
19.4,30.0,185.0,1,0,1,1,1,1,2
28.0,78.0,170.0,0,0,1,0,1,0,3
28.7,79.0,177.0,0,1,1,1,1,0,2
24.9,88.0,199.0,1,0,1,1,0,0,2
22.4,83.0,361.0,1,0,0,1,0,1,2
34.9,70.0,94.0,0,1,1,1,0,1,2
12.0,51.0,198.0,0,1,0,0,0,1,2
33.8,41.0,88.0,0,1,0,1,1,0,2
25.8,81.0,338.0,1,1,0,1,1,1,0
32.1,84.0,121.0,1,0,0,0,0,1,2
22.3,57.0,230.0,0,0,0,0,1,1,3
17.5,39.0,137.0,0,1,1,0,1,1,2
25.2,49.0,318.0,0,0,0,1,0,0,3
25.6,54.0,229.0,1,0,0,0,0,0,2
27.3,35.0,181.0,0,1,0,0,1,1,2
28.4,67.0,305.0,0,1,0,0,0,0,2
27.3,71.0,258.0,1,0,1,1,0,0,2
20.1,31.0,47.0,1,1,1,1,0,0,0
15.5,53.0,69.0,1,0,0,0,0,0,2
10.5,38.0,13.0,1,1,0,0,0,1,0
31.0,30.0,91.0,1,0,1,0,1,1,2
13.2,82.0,223.0,1,1,0,1,1,1,0
23.6,37.0,257.0,1,1,1,0,1,0,0
25.3,53.0,74.0,1,1,1,0,0,0,0
26.4,38.0,341.0,0,1,0,1,1,1,2
21.8,80.0,214.0,0,1,0,1,0,0,2
30.2,36.0,328.0,0,0,0,0,1,0,3
20.2,80.0,293.0,0,1,1,0,0,0,2
16.7,62.0,358.0,1,0,1,0,0,1,2
20.1,50.0,294.0,0,0,1,0,0,0,3
10.1,39.0,105.0,0,0,0,0,0,1,3
33.2,57.0,189.0,1,0,0,1,0,0,2
20.3,41.0,110.0,1,0,1,1,0,0,2
10.7,35.0,32.0,0,0,0,0,1,1,3
31.6,31.0,210.0,0,0,0,1,0,0,3
15.7,34.0,160.0,0,1,0,0,1,1,2
19.9,32.0,41.0,1,1,0,1,0,1,0
25.4,52.0,45.0,0,0,0,0,1,1,3
19.4,46.0,202.0,0,0,1,0,0,1,3
31.7,76.0,120.0,1,0,1,1,1,1,2
14.3,65.0,353.0,0,1,0,0,1,1,2
18.3,84.0,287.0,0,0,1,0,0,1,3
23.1,52.0,192.0,0,0,1,0,0,1,3
25.1,59.0,323.0,1,1,0,0,0,1,0
24.8,84.0,77.0,1,0,1,0,0,1,2
34.1,58.0,357.0,1,1,0,1,0,1,0
28.4,90.0,208.0,1,1,0,1,1,0,0
12.3,67.0,159.0,1,0,0,1,1,1,2
15.6,77.0,16.0,1,1,0,0,0,0,0
33.8,71.0,313.0,0,0,1,0,1,1,3
13.9,35.0,40.0,1,1,0,1,0,0,0
19.9,49.0,69.0,1,1,0,1,1,1,0
12.2,51.0,106.0,0,0,1,0,1,0,3
19.5,79.0,123.0,0,1,0,0,1,0,2
32.7,43.0,363.0,0,0,1,1,0,0,3
13.6,88.0,110.0,1,0,1,0,1,1,2
31.2,38.0,208.0,1,0,1,0,0,0,2
13.7,41.0,238.0,0,1,0,1,0,0,2
27.1,54.0,68.0,1,1,0,1,1,0,0
16.8,31.0,38.0,1,0,1,0,0,0,2
24.8,65.0,50.0,0,1,1,1,1,1,2
27.2,58.0,333.0,1,1,1,1,1,0,0
23.0,78.0,169.0,0,1,0,0,1,1,2
14.7,43.0,151.0,1,0,1,0,0,1,2
18.7,67.0,234.0,0,1,1,0,1,0,2
10.2,61.0,177.0,0,1,1,0,0,1,2
33.1,54.0,308.0,0,1,1,0,0,0,2
28.9,31.0,326.0,0,0,1,0,1,0,3
19.2,83.0,197.0,1,1,1,0,1,1,0
27.1,76.0,250.0,1,1,1,0,0,0,0
14.6,36.0,243.0,0,0,0,0,0,1,3
15.3,59.0,305.0,0,1,0,0,1,0,2
24.2,60.0,78.0,0,1,1,1,1,0,2
13.2,32.0,107.0,0,0,0,0,0,0,3
23.5,56.0,101.0,0,0,1,1,0,0,3
11.5,82.0,19.0,0,0,0,1,1,0,3
23.1,31.0,313.0,1,1,1,0,1,0,0
19.4,63.0,278.0,0,0,1,1,0,0,3
20.3,35.0,43.0,1,1,1,1,1,0,0
24.1,35.0,298.0,1,1,0,0,1,0,0
24.9,57.0,42.0,0,0,1,1,1,0,3
31.2,68.0,50.0,1,1,0,0,1,1,0
13.0,80.0,284.0,1,1,0,1,0,0,0
20.6,60.0,89.0,0,0,1,1,0,1,3
10.9,54.0,66.0,1,1,1,0,1,1,0
22.7,51.0,49.0,0,0,0,1,0,1,3
11.4,78.0,267.0,1,0,1,1,1,0,2
10.6,51.0,54.0,1,1,0,0,1,1,0
12.0,73.0,176.0,1,0,1,1,0,1,2
18.6,73.0,78.0,1,0,0,0,0,0,2
17.6,55.0,258.0,0,0,0,1,1,0,3
11.6,33.0,21.0,0,0,0,0,1,1,3
34.8,85.0,56.0,0,0,0,1,1,0,3
24.2,34.0,231.0,0,1,1,0,1,0,2
25.9,82.0,166.0,0,0,0,1,0,0,3
22.8,56.0,265.0,1,1,1,0,0,0,0
28.4,55.0,28.0,0,1,1,1,0,0,2
21.2,54.0,27.0,0,1,1,1,1,0,2
25.2,66.0,364.0,0,0,1,1,1,0,3
18.0,38.0,112.0,0,1,1,1,0,0,2
28.6,33.0,117.0,1,1,0,0,0,0,0
16.5,47.0,310.0,0,0,0,0,1,0,3
35.0,71.0,320.0,0,1,0,0,1,1,2
11.0,84.0,175.0,0,0,1,0,1,0,3
27.3,53.0,31.0,1,1,0,0,0,0,0
28.3,85.0,317.0,1,1,1,1,1,1,0
28.7,40.0,298.0,0,0,0,1,1,0,3
20.1,62.0,225.0,0,0,1,1,1,1,3
12.8,46.0,189.0,0,1,1,1,1,1,2
16.0,80.0,164.0,1,0,0,1,0,1,2
16.8,31.0,355.0,1,0,1,1,1,0,2
20.5,81.0,90.0,0,0,1,0,0,0,3
21.0,90.0,45.0,1,0,1,0,1,1,2
26.5,65.0,207.0,0,0,1,1,1,0,3
29.9,61.0,308.0,0,1,1,0,1,0,2
17.8,32.0,75.0,1,0,1,1,1,0,2
14.1,66.0,301.0,0,0,1,1,0,1,3
28.8,83.0,195.0,0,0,0,0,1,1,3
26.6,66.0,71.0,1,1,1,0,0,0,0
33.1,77.0,85.0,1,1,0,0,0,1,0
33.7,87.0,126.0,0,1,1,1,1,0,2
22.6,90.0,194.0,1,0,1,1,1,0,2
27.8,62.0,267.0,1,0,0,0,0,0,2
14.2,50.0,58.0,1,0,1,1,0,0,2
25.5,49.0,108.0,0,1,1,1,0,0,2
16.9,53.0,244.0,1,1,0,1,0,1,0
32.6,34.0,218.0,1,0,1,0,0,1,2
33.9,81.0,97.0,0,0,0,0,0,1,3
17.6,78.0,220.0,0,1,1,1,1,1,2
18.0,60.0,120.0,1,1,0,1,0,1,0
28.1,42.0,122.0,0,0,1,1,1,0,3
29.1,83.0,130.0,1,0,1,1,1,0,2
29.7,86.0,62.0,0,1,1,0,0,1,2
22.3,65.0,359.0,0,0,1,1,0,1,3
31.5,65.0,230.0,1,0,1,1,1,0,2
34.7,57.0,122.0,0,1,1,1,1,0,2
10.6,58.0,28.0,1,0,1,0,1,1,2
15.9,52.0,51.0,1,1,1,1,0,0,0
29.5,88.0,334.0,1,1,1,0,1,0,0
10.6,55.0,306.0,1,1,0,1,0,1,0
15.6,61.0,136.0,0,0,0,1,0,1,3
11.5,39.0,253.0,1,1,0,0,1,0,0
22.0,35.0,35.0,1,0,1,1,1,1,2
12.3,79.0,114.0,0,0,0,0,1,0,3
33.7,89.0,215.0,0,0,1,0,0,0,3
32.1,68.0,202.0,1,1,1,0,1,0,0
14.2,33.0,163.0,1,1,1,0,0,0,0
29.9,40.0,68.0,0,0,0,0,0,0,3
22.7,48.0,33.0,0,1,1,0,0,1,2
30.1,73.0,338.0,0,1,0,1,1,0,2
31.6,58.0,33.0,0,0,1,1,1,1,3
25.0,46.0,64.0,0,1,0,0,0,0,2
10.1,64.0,276.0,1,1,0,1,1,0,0
18.8,89.0,38.0,1,0,0,1,0,0,2
31.1,63.0,315.0,0,1,1,1,0,1,2
16.0,71.0,313.0,1,0,0,0,1,0,2
20.1,30.0,351.0,0,1,0,1,1,0,2
21.3,61.0,116.0,0,0,0,0,0,1,3
34.5,55.0,334.0,0,1,1,0,0,1,2
25.3,80.0,119.0,0,0,1,0,1,0,3
21.7,85.0,148.0,1,0,0,0,0,0,2
30.6,82.0,96.0,0,1,0,0,1,1,2
14.7,44.0,21.0,0,1,1,1,0,0,2
19.9,76.0,357.0,0,1,1,1,0,0,2
12.4,60.0,69.0,1,0,1,0,1,0,2
28.1,56.0,319.0,0,1,0,0,0,0,2
23.3,38.0,13.0,1,0,0,0,1,1,2
14.3,39.0,130.0,0,1,1,1,1,1,2
11.1,71.0,34.0,1,1,0,0,0,1,0
13.9,63.0,194.0,0,0,1,1,0,0,3
20.1,83.0,266.0,0,1,0,1,0,1,2
19.1,66.0,222.0,1,0,0,0,1,0,2
34.4,52.0,221.0,0,1,0,1,1,0,2
31.3,84.0,41.0,1,1,1,0,1,1,0
30.5,30.0,84.0,0,1,1,0,1,0,2
22.1,48.0,307.0,1,1,1,0,0,1,0
23.2,58.0,349.0,0,1,1,0,0,0,2
16.3,47.0,181.0,1,1,0,0,1,1,0
11.7,60.0,362.0,1,1,1,1,0,0,0
17.1,45.0,24.0,1,1,1,1,1,0,0
11.2,65.0,69.0,1,0,1,0,1,1,2
12.6,56.0,193.0,0,1,1,1,0,1,2
15.8,69.0,88.0,0,1,0,0,0,0,2
13.2,72.0,80.0,1,0,0,1,0,1,2
33.6,47.0,307.0,0,0,1,0,0,0,3
14.3,75.0,16.0,0,0,0,0,1,0,3
11.4,51.0,32.0,1,1,1,1,1,0,0
26.6,85.0,52.0,1,1,1,1,0,0,0
10.5,89.0,167.0,1,1,1,1,1,1,0
30.2,80.0,297.0,1,0,0,0,1,1,2
12.3,58.0,153.0,1,0,0,1,0,0,2
34.4,59.0,67.0,1,1,0,1,1,0,0
34.0,54.0,307.0,0,0,1,1,1,1,3
29.4,55.0,277.0,1,0,0,1,0,1,2
23.3,64.0,336.0,0,0,1,0,1,1,3
16.5,58.0,162.0,1,0,1,1,0,1,2
20.6,61.0,162.0,1,0,1,0,1,1,2
18.2,72.0,224.0,1,1,1,0,0,1,0
28.7,88.0,219.0,0,0,0,0,1,0,3
19.1,62.0,214.0,1,0,1,1,0,0,2
25.5,89.0,109.0,0,0,1,0,0,0,3
24.2,80.0,20.0,0,1,0,0,1,0,2
18.8,58.0,30.0,0,1,1,1,1,1,2
22.6,76.0,32.0,1,1,1,1,1,1,0
26.7,79.0,172.0,0,0,1,1,0,1,3
33.6,47.0,1.0,0,1,1,0,0,1,2
15.0,30.0,51.0,0,1,1,1,1,0,2
23.3,76.0,117.0,0,1,0,1,1,0,2
23.3,43.0,59.0,0,1,0,0,1,1,2
29.2,67.0,344.0,0,1,1,0,1,0,2
16.8,43.0,327.0,1,1,1,0,1,1,0
25.1,62.0,344.0,0,0,0,0,0,1,3
31.5,40.0,280.0,1,0,0,1,0,0,2
12.9,79.0,306.0,0,0,1,0,0,1,3
19.3,61.0,292.0,0,1,0,0,0,1,2
23.9,90.0,254.0,0,1,1,1,0,0,2
24.1,44.0,122.0,1,1,0,0,0,1,0
26.1,45.0,267.0,0,0,1,0,1,1,3
30.1,86.0,162.0,0,0,1,0,1,0,3
17.2,76.0,46.0,0,1,0,1,1,0,2
19.3,71.0,258.0,1,1,1,1,0,0,0
13.3,40.0,214.0,0,0,0,0,0,0,3
25.7,76.0,276.0,1,0,0,1,0,1,2
10.5,43.0,15.0,0,0,1,1,0,1,3
11.7,84.0,348.0,1,0,0,1,0,0,2
28.6,61.0,203.0,0,1,1,1,0,1,2
25.7,49.0,319.0,1,1,0,0,0,0,0
12.3,71.0,28.0,0,1,0,0,0,1,2
11.8,57.0,101.0,1,1,1,1,0,0,0
22.0,38.0,192.0,0,0,0,0,0,0,3
25.2,43.0,215.0,1,0,1,0,0,1,2
29.6,67.0,63.0,1,0,1,0,1,1,2
24.5,47.0,159.0,1,0,0,0,0,0,2
21.4,58.0,264.0,0,0,1,1,0,1,3
12.8,51.0,42.0,1,1,1,0,0,1,0
22.8,60.0,162.0,1,0,0,0,0,0,2
31.0,85.0,48.0,1,0,1,1,1,0,2
12.3,63.0,103.0,1,0,0,0,0,0,2
31.3,74.0,180.0,1,1,1,0,1,1,0
33.2,43.0,333.0,1,1,1,0,1,1,0
32.6,47.0,160.0,0,1,1,1,1,0,2
17.5,58.0,346.0,0,0,0,0,1,1,3
14.5,31.0,90.0,1,1,0,0,0,0,0
16.4,81.0,203.0,0,1,1,1,0,1,2
33.4,46.0,263.0,0,0,0,0,0,0,3
14.2,61.0,238.0,1,1,0,0,0,1,0
12.9,44.0,252.0,0,1,0,0,1,0,2
11.4,37.0,205.0,0,1,1,0,1,0,2
16.0,39.0,304.0,0,1,0,0,0,1,2
11.6,83.0,4.0,1,1,1,1,1,0,0
12.6,89.0,200.0,0,0,0,0,1,1,3
22.9,85.0,84.0,1,1,0,0,0,0,0
20.4,46.0,218.0,1,0,1,0,1,1,2
32.8,61.0,193.0,1,0,1,1,1,0,2
10.8,33.0,112.0,0,0,1,0,1,0,3
13.9,78.0,323.0,1,0,1,1,1,1,2
31.2,63.0,279.0,1,1,1,0,0,0,0
14.2,73.0,99.0,0,0,1,0,1,0,3
12.4,72.0,226.0,1,0,1,1,0,0,2
17.6,57.0,152.0,1,1,1,1,0,1,0
27.2,81.0,348.0,0,1,1,1,0,1,2
16.1,41.0,161.0,0,0,1,1,1,0,3
20.0,85.0,356.0,0,0,0,0,1,1,3
33.9,58.0,203.0,0,1,0,1,1,1,2
33.6,63.0,248.0,1,0,1,1,1,1,2
17.8,46.0,182.0,0,0,1,1,0,1,3
11.2,35.0,179.0,1,1,0,1,1,0,0
11.4,71.0,59.0,0,1,1,0,0,0,2
19.7,48.0,45.0,1,0,0,1,1,0,2
29.8,52.0,315.0,0,0,0,1,1,0,3
30.8,58.0,363.0,0,1,0,1,1,1,2
29.3,56.0,44.0,1,1,0,0,0,1,0
31.5,86.0,63.0,1,0,1,1,0,1,2
16.0,73.0,217.0,1,0,1,0,0,1,2
18.1,56.0,20.0,0,1,0,1,0,1,2
15.1,67.0,196.0,1,0,1,1,0,1,2
22.0,42.0,362.0,1,0,0,0,1,1,2
26.0,75.0,45.0,0,0,0,1,0,1,3
19.7,76.0,104.0,1,0,1,1,0,1,2
18.4,45.0,239.0,0,1,1,0,0,0,2
18.6,38.0,205.0,0,0,0,1,0,0,3
32.3,51.0,320.0,1,1,0,0,1,0,0
16.2,35.0,281.0,1,0,0,1,0,1,2
33.7,49.0,182.0,1,1,1,1,0,0,0
24.5,37.0,329.0,1,1,1,1,0,1,0
24.8,54.0,162.0,0,1,0,0,0,1,2
27.1,40.0,222.0,0,1,0,0,1,1,2
31.8,69.0,133.0,1,1,0,1,1,0,0
30.0,77.0,218.0,0,1,0,0,0,1,2
23.4,70.0,41.0,0,0,0,0,0,0,3
25.3,63.0,79.0,0,0,0,0,1,0,3
23.1,43.0,205.0,0,1,1,1,1,1,2
24.0,41.0,238.0,1,1,0,1,0,1,0
27.4,83.0,298.0,0,1,1,0,1,0,2
33.2,84.0,317.0,0,1,0,1,0,0,2
32.6,86.0,140.0,1,1,0,1,0,0,0
31.3,45.0,188.0,0,0,1,1,1,1,3
13.7,78.0,78.0,1,0,0,1,0,1,2
18.1,72.0,225.0,0,1,1,0,1,1,2
20.6,60.0,16.0,1,1,0,0,1,0,0
29.5,48.0,350.0,1,1,1,1,1,1,0
30.8,51.0,215.0,0,1,1,1,0,1,2
12.2,42.0,63.0,0,1,1,1,0,0,2
18.5,63.0,34.0,0,1,0,1,0,0,2
29.6,45.0,254.0,0,1,0,0,0,1,2
27.5,78.0,269.0,1,1,0,0,0,1,0
11.8,62.0,77.0,1,0,1,1,0,1,2
14.1,57.0,346.0,1,1,0,1,1,0,0
26.8,69.0,284.0,0,0,0,1,1,0,3
20.0,60.0,302.0,1,1,1,0,1,0,0
32.3,79.0,146.0,0,0,0,0,1,0,3
22.3,53.0,300.0,0,0,0,1,0,1,3
32.4,69.0,118.0,1,1,1,1,0,0,0
28.2,83.0,294.0,0,0,1,0,0,0,3
31.7,58.0,333.0,0,0,0,1,1,0,3
30.2,54.0,305.0,0,0,1,0,0,1,3
12.5,62.0,4.0,0,1,0,0,1,1,2
14.0,79.0,179.0,1,1,1,1,1,1,0
21.4,80.0,15.0,0,0,1,1,0,1,3
27.3,64.0,288.0,0,1,0,0,1,1,2
13.5,31.0,179.0,0,1,0,0,0,0,2
28.8,78.0,287.0,0,0,0,1,1,1,3
28.1,84.0,213.0,1,1,0,0,0,1,0
20.5,58.0,19.0,1,1,0,1,0,0,0
34.7,67.0,262.0,0,0,0,1,1,0,3
33.4,30.0,232.0,1,0,0,0,1,0,2
25.6,38.0,166.0,1,1,0,1,0,0,0
32.6,89.0,214.0,0,1,0,1,1,0,2
20.5,73.0,33.0,0,1,0,1,0,1,2
34.1,57.0,211.0,1,0,1,0,1,0,2
20.5,49.0,180.0,0,0,0,1,0,1,3
29.4,63.0,246.0,1,0,1,0,1,0,2
30.9,32.0,237.0,0,1,1,0,0,1,2
24.8,40.0,331.0,0,1,1,1,0,1,2
16.6,83.0,322.0,1,1,0,0,1,1,0
15.4,42.0,73.0,0,1,1,0,1,0,2
12.6,67.0,161.0,0,0,0,1,0,0,3
25.4,84.0,190.0,0,1,1,0,0,1,2
29.0,62.0,330.0,1,1,0,0,1,0,0
23.8,80.0,215.0,1,0,0,1,0,0,2
22.5,46.0,78.0,1,0,0,1,1,1,2
19.3,84.0,118.0,0,0,1,0,1,0,3
17.4,78.0,105.0,0,0,0,0,1,0,3
19.9,62.0,350.0,0,1,1,0,1,1,2
14.2,40.0,128.0,0,1,0,1,0,1,2
14.0,61.0,203.0,1,1,1,0,0,1,0
17.2,70.0,315.0,1,1,1,0,0,1,0
29.8,80.0,144.0,1,1,0,0,1,1,0
26.6,59.0,221.0,0,1,0,1,0,1,2
27.3,37.0,248.0,1,1,0,0,1,1,0
10.4,89.0,142.0,1,0,1,1,0,1,2
22.5,62.0,251.0,0,0,1,0,0,1,3
25.1,71.0,335.0,1,0,1,0,1,0,2
30.7,83.0,308.0,0,0,1,0,1,0,3
31.3,77.0,211.0,1,1,1,1,1,1,0
10.9,58.0,141.0,0,0,0,1,1,0,3
24.8,78.0,17.0,1,0,0,1,0,0,2
15.0,60.0,283.0,0,0,1,1,1,1,3
27.3,79.0,307.0,0,0,1,1,1,0,3
25.4,65.0,39.0,0,1,1,0,1,0,2
20.4,48.0,237.0,0,1,1,1,1,0,2
12.0,74.0,42.0,1,0,1,1,0,1,2
25.3,61.0,41.0,1,0,1,1,0,1,2
17.7,72.0,58.0,1,0,1,1,0,0,2
31.0,53.0,175.0,1,0,1,0,0,0,2
17.7,39.0,112.0,1,1,1,0,1,0,0
26.9,72.0,113.0,0,0,1,0,1,1,3
12.1,51.0,243.0,1,0,0,1,0,1,2
19.0,62.0,165.0,1,0,1,0,1,1,2
24.8,55.0,39.0,1,1,1,1,0,0,0
26.1,34.0,199.0,1,0,0,1,0,1,2
34.9,79.0,217.0,0,0,0,0,1,0,3
17.6,37.0,65.0,1,1,1,1,1,0,0
32.3,57.0,158.0,0,1,1,0,0,0,2
34.2,31.0,222.0,0,0,1,0,0,0,3
31.6,83.0,34.0,0,0,1,1,0,1,3
14.0,49.0,89.0,1,1,1,1,0,0,0
28.6,66.0,44.0,0,1,1,1,0,0,2
11.1,89.0,251.0,1,0,0,1,0,1,2
29.0,51.0,203.0,1,1,1,1,0,1,0
21.7,38.0,70.0,0,0,0,1,1,0,3
21.3,75.0,187.0,1,0,0,0,1,1,2
34.6,35.0,157.0,0,0,0,1,0,0,3
18.3,74.0,252.0,0,0,0,0,1,1,3
12.5,48.0,252.0,1,1,1,0,1,1,0
19.6,85.0,361.0,0,1,0,1,0,0,2
32.0,34.0,343.0,0,0,1,1,0,1,3
16.6,55.0,67.0,0,1,0,1,1,0,2
15.3,48.0,112.0,1,1,0,0,0,1,0
23.6,61.0,245.0,1,1,1,1,1,1,0
15.1,38.0,356.0,0,1,0,1,1,0,2
15.4,63.0,342.0,0,0,0,0,1,1,3
14.8,88.0,338.0,0,0,0,0,1,0,3
18.2,69.0,35.0,0,1,0,1,1,1,2
22.3,51.0,169.0,1,0,0,0,0,1,2
24.2,68.0,133.0,0,1,0,0,1,1,2
32.2,67.0,173.0,1,1,1,1,1,1,0
14.1,69.0,234.0,1,1,0,1,0,0,0
12.9,52.0,341.0,0,0,0,0,0,1,3
30.9,66.0,245.0,1,1,1,0,1,1,0
14.8,42.0,40.0,0,0,1,1,0,0,3
12.5,76.0,186.0,1,0,1,0,1,1,2
19.7,87.0,158.0,0,0,0,1,0,1,3
14.1,37.0,148.0,0,0,0,0,1,0,3
30.3,73.0,206.0,0,0,0,1,1,1,3
20.0,84.0,102.0,1,1,0,1,1,0,0
21.4,42.0,34.0,1,0,1,1,0,1,2
11.1,68.0,106.0,0,1,0,1,1,1,2
29.3,71.0,222.0,0,0,1,0,1,0,3
34.9,54.0,176.0,1,0,1,1,0,1,2
10.2,65.0,337.0,1,0,0,0,1,1,2
26.2,71.0,322.0,0,0,0,1,1,0,3
28.9,44.0,36.0,0,1,0,0,0,0,2
12.2,64.0,133.0,1,1,0,0,0,1,0
22.4,61.0,47.0,1,0,1,0,1,0,2
15.6,74.0,146.0,1,0,0,0,1,0,2
24.2,44.0,23.0,0,1,0,1,1,0,2
19.1,34.0,313.0,1,0,0,0,0,0,2
19.1,40.0,105.0,0,0,0,0,0,1,3
33.2,83.0,258.0,1,0,1,1,1,1,2
33.0,32.0,174.0,0,0,0,1,0,0,3
30.1,45.0,217.0,0,1,0,1,1,1,2
31.7,31.0,188.0,1,1,0,0,0,1,0
24.1,77.0,203.0,0,1,1,0,0,1,2
13.3,75.0,322.0,0,0,0,1,1,1,3
22.8,37.0,203.0,1,0,1,0,1,0,2
21.7,59.0,343.0,1,0,0,0,1,0,2
14.5,33.0,13.0,1,0,0,1,0,1,2
12.3,60.0,175.0,1,1,0,1,0,1,0
22.6,30.0,78.0,1,0,0,0,1,0,2
22.7,73.0,103.0,1,1,0,1,1,1,0
21.2,79.0,169.0,1,0,1,0,1,1,2
18.6,75.0,48.0,1,1,1,1,0,1,0
20.5,31.0,105.0,0,1,1,0,1,0,2
21.7,43.0,29.0,0,1,1,0,1,0,2
18.0,71.0,151.0,0,0,0,0,0,0,3
30.8,63.0,123.0,1,1,0,1,0,0,0
24.5,56.0,283.0,0,1,0,1,1,1,2
25.9,70.0,83.0,1,1,0,1,1,0,0
20.7,49.0,125.0,0,0,1,1,1,0,3
15.9,84.0,195.0,0,0,1,1,1,1,3
11.6,73.0,243.0,0,0,0,1,0,0,3
34.4,67.0,1.0,1,0,1,1,0,1,2
15.1,70.0,318.0,0,1,0,1,1,1,2
33.9,77.0,74.0,0,1,1,1,1,0,2
32.9,59.0,180.0,1,0,0,0,0,0,2
16.1,81.0,250.0,0,1,0,1,0,1,2
24.0,81.0,80.0,1,1,0,1,0,0,0
12.4,81.0,44.0,0,1,0,1,0,1,2
19.3,68.0,24.0,0,0,0,1,0,0,3
30.7,68.0,57.0,0,1,0,1,1,1,2
29.1,67.0,260.0,1,1,0,1,1,0,0
22.9,73.0,342.0,1,1,1,0,1,0,0
23.6,53.0,10.0,0,0,1,1,0,1,3
23.1,61.0,229.0,0,0,0,0,1,1,3
31.4,70.0,190.0,0,0,0,0,0,0,3
27.4,55.0,230.0,0,0,1,1,1,1,3
30.9,35.0,259.0,0,0,0,1,0,0,3
15.1,53.0,82.0,1,0,0,0,1,1,2
33.9,62.0,190.0,0,0,0,1,1,0,3
21.8,39.0,117.0,1,1,1,1,1,0,0
30.3,73.0,187.0,0,1,0,1,1,0,2
26.0,48.0,345.0,0,1,0,1,1,1,2
21.8,79.0,150.0,0,1,1,0,0,1,2
17.1,46.0,270.0,1,1,1,1,1,1,0
20.9,78.0,354.0,0,1,0,0,0,0,2
27.9,57.0,209.0,1,0,1,1,0,0,2
10.1,53.0,28.0,0,0,1,0,1,0,3
27.7,80.0,176.0,1,0,0,0,0,0,2
17.5,75.0,247.0,0,0,1,0,0,0,3
11.2,30.0,256.0,1,1,0,1,0,1,0
12.4,84.0,266.0,0,1,0,0,0,1,2
32.4,59.0,206.0,1,1,1,0,0,1,0
13.6,58.0,290.0,0,0,1,0,1,0,3
27.0,86.0,87.0,0,1,1,0,0,0,2
32.7,71.0,156.0,1,1,0,1,0,1,0
16.8,84.0,138.0,0,1,0,1,0,0,2
30.3,58.0,345.0,1,0,1,1,1,0,2
24.3,63.0,185.0,0,0,0,1,0,0,3
28.9,42.0,261.0,1,1,0,0,0,1,0
11.4,83.0,299.0,0,1,0,0,0,0,2
24.2,34.0,281.0,0,0,0,0,0,0,3
21.9,54.0,25.0,0,0,0,0,1,0,3
11.5,80.0,284.0,1,1,0,0,0,0,0
32.2,41.0,87.0,1,0,1,1,1,1,2
13.1,46.0,309.0,0,0,1,0,0,1,3
20.0,47.0,57.0,1,0,1,0,1,1,2
31.8,51.0,5.0,0,0,1,1,0,1,3
12.9,78.0,225.0,1,0,0,0,0,0,2
22.1,34.0,254.0,1,0,1,0,1,1,2
15.9,47.0,183.0,1,1,1,0,1,1,0
12.9,48.0,108.0,0,0,1,0,0,0,3
23.7,48.0,249.0,0,1,0,1,0,0,2
11.9,45.0,49.0,1,1,1,0,1,0,0
14.4,32.0,153.0,1,1,1,1,1,0,0
19.6,48.0,18.0,1,1,1,1,1,0,0
15.3,34.0,200.0,1,1,0,0,0,0,0
24.7,80.0,14.0,0,1,0,1,0,0,2
21.0,68.0,198.0,1,1,0,0,0,1,0
19.2,85.0,5.0,0,0,0,0,1,1,3
22.2,73.0,258.0,1,0,1,0,1,1,2
10.1,48.0,83.0,0,1,1,1,1,1,2
15.5,68.0,208.0,1,0,0,1,0,0,2
15.9,63.0,231.0,1,0,0,0,0,1,2
27.6,34.0,63.0,0,1,0,0,1,0,2
14.6,74.0,90.0,1,0,1,0,0,0,2
12.2,76.0,125.0,0,1,0,1,0,0,2
19.4,36.0,210.0,1,1,0,0,1,0,0
13.0,31.0,65.0,1,1,1,0,1,0,0
12.2,60.0,330.0,0,1,0,1,1,0,2
14.7,47.0,41.0,0,0,1,1,0,1,3
27.5,66.0,323.0,1,1,0,1,1,1,0
29.4,58.0,231.0,1,0,1,0,1,1,2
31.9,41.0,228.0,0,0,0,0,0,0,3
13.5,52.0,102.0,0,0,0,0,0,1,3
23.5,66.0,338.0,0,0,1,0,1,0,3
26.8,45.0,228.0,1,0,1,1,1,0,2
11.2,89.0,325.0,0,1,0,1,1,0,2
33.8,38.0,123.0,1,1,0,1,1,0,0
20.7,74.0,159.0,1,1,0,0,0,1,0
26.6,42.0,144.0,1,1,0,1,1,0,0
29.3,60.0,140.0,1,1,1,1,0,0,0
13.8,60.0,50.0,0,0,1,0,1,0,3
10.5,67.0,127.0,1,1,1,1,0,0,0
12.5,59.0,311.0,0,1,1,0,1,0,2
18.3,72.0,111.0,0,0,0,1,1,1,3
12.7,54.0,360.0,1,1,1,1,1,0,0
16.0,76.0,162.0,0,1,1,0,1,1,2
13.2,46.0,54.0,0,1,0,0,0,0,2
30.8,75.0,332.0,0,1,1,1,1,1,2
19.2,70.0,338.0,0,1,1,0,0,0,2
31.6,50.0,126.0,0,1,1,0,1,1,2
28.8,31.0,184.0,1,0,1,0,0,0,2
34.0,38.0,179.0,0,0,1,0,1,1,3
19.6,70.0,270.0,0,0,0,0,0,0,3
26.0,86.0,174.0,0,1,1,0,1,1,2
28.8,80.0,19.0,0,0,1,0,0,0,3
22.5,62.0,325.0,1,0,1,0,0,1,2
24.2,49.0,238.0,0,0,1,0,1,1,3
15.7,59.0,355.0,0,1,1,1,0,1,2
31.2,76.0,60.0,0,1,0,1,0,0,2
21.5,69.0,343.0,0,0,1,0,0,1,3
14.7,69.0,147.0,0,1,1,1,0,0,2
18.5,90.0,109.0,1,0,0,1,0,1,2
26.4,89.0,183.0,1,0,1,1,1,1,2
33.5,65.0,124.0,1,0,1,1,0,1,2
13.9,60.0,210.0,0,0,0,1,1,1,3
32.9,36.0,181.0,0,0,1,1,1,1,3
16.5,45.0,160.0,0,0,1,1,0,0,3
15.9,83.0,89.0,0,1,0,1,0,0,2
18.4,41.0,277.0,1,0,0,1,0,1,2
19.9,70.0,9.0,0,0,1,1,0,1,3
30.2,60.0,221.0,0,0,1,1,1,0,3
29.9,36.0,260.0,1,1,1,0,0,0,0
26.0,57.0,265.0,1,1,0,1,1,1,0
15.6,62.0,183.0,1,0,1,0,0,0,2
28.6,68.0,160.0,0,0,0,0,1,0,3
34.8,55.0,56.0,1,1,0,0,0,0,0
28.0,77.0,253.0,1,1,1,0,0,1,0
32.1,46.0,96.0,1,0,0,0,0,0,2
25.4,78.0,179.0,1,0,1,0,0,0,2
18.7,57.0,63.0,0,1,1,1,0,0,2
24.9,84.0,308.0,1,0,0,1,0,0,2
11.5,70.0,230.0,1,1,0,1,0,0,0
25.7,52.0,75.0,1,1,0,0,0,1,0
20.6,36.0,139.0,1,0,0,1,0,0,2
18.1,38.0,296.0,0,1,0,1,1,1,2
24.3,79.0,190.0,1,0,0,1,0,0,2
17.1,65.0,152.0,0,0,0,1,0,0,3
31.0,82.0,291.0,0,1,1,0,1,1,2
14.9,65.0,317.0,1,0,0,0,1,1,2
11.5,71.0,292.0,1,0,1,1,0,0,2
27.2,88.0,13.0,1,1,1,1,0,1,0
24.9,63.0,231.0,0,1,0,0,0,1,2
26.9,62.0,354.0,0,1,0,1,0,1,2
12.6,38.0,53.0,0,1,1,0,0,1,2
20.2,34.0,128.0,0,1,1,1,0,1,2
29.8,66.0,25.0,0,1,0,1,0,0,2
17.1,48.0,228.0,0,1,0,1,0,1,2
18.3,73.0,302.0,0,0,1,1,1,1,3
23.4,50.0,85.0,1,0,0,1,0,0,2
30.7,81.0,72.0,0,1,0,0,0,1,2
32.1,30.0,6.0,1,1,0,1,1,0,0
18.4,62.0,227.0,0,0,0,1,0,0,3
25.9,87.0,260.0,1,1,0,1,1,1,0
21.3,80.0,338.0,0,0,1,1,0,0,3
26.4,56.0,77.0,0,1,1,0,1,0,2
12.7,55.0,273.0,0,1,0,1,1,0,2
12.9,36.0,138.0,0,1,0,0,1,1,2
10.4,36.0,290.0,0,1,0,0,0,1,2
17.8,42.0,126.0,1,1,1,1,0,1,0
24.5,33.0,88.0,1,1,1,0,0,0,0
30.0,84.0,110.0,0,0,1,0,1,0,3
25.8,86.0,52.0,1,1,0,1,0,1,0
16.9,55.0,71.0,0,0,0,0,0,0,3
13.0,50.0,12.0,0,0,0,0,1,0,3
11.5,69.0,219.0,1,1,0,1,0,1,0
30.8,57.0,295.0,0,0,0,1,0,1,3
27.9,38.0,301.0,0,1,1,0,1,0,2
28.8,70.0,267.0,1,0,0,1,1,0,2
19.6,63.0,159.0,1,1,0,0,0,1,0
20.1,48.0,308.0,0,1,1,1,0,1,2
33.6,79.0,355.0,0,0,1,0,0,0,3
19.2,58.0,236.0,1,0,1,0,0,0,2
16.1,65.0,341.0,1,1,0,0,0,0,0
24.7,82.0,345.0,0,0,1,1,0,1,3
24.2,67.0,168.0,1,1,0,0,1,0,0
33.9,73.0,251.0,0,0,0,0,0,1,3
19.5,58.0,230.0,0,0,1,1,1,0,3
22.2,77.0,114.0,0,0,1,0,1,0,3
33.0,82.0,42.0,1,1,1,1,0,1,0
19.0,45.0,27.0,0,0,0,0,1,0,3
20.0,33.0,32.0,1,1,0,1,1,1,0
21.3,72.0,202.0,0,1,1,0,0,0,2
29.1,59.0,205.0,0,0,1,0,0,1,3
21.8,65.0,268.0,0,1,0,0,1,0,2
12.9,75.0,155.0,1,0,0,1,0,0,2
29.6,73.0,5.0,1,1,1,0,1,0,0
32.0,77.0,169.0,0,0,1,0,0,0,3
22.4,76.0,77.0,0,0,1,0,1,1,3
25.7,64.0,272.0,1,0,1,1,0,0,2
13.6,47.0,152.0,1,1,0,0,0,1,0
20.6,42.0,348.0,1,0,0,1,0,1,2
19.5,88.0,283.0,1,0,0,0,1,1,2
32.5,81.0,53.0,0,1,0,0,0,0,2
14.9,65.0,348.0,0,0,1,1,0,1,3
31.6,52.0,175.0,1,1,1,0,0,1,0
21.8,51.0,85.0,0,0,0,0,1,1,3
27.0,66.0,356.0,1,0,1,0,1,1,2
19.0,60.0,193.0,0,0,0,0,1,1,3
31.8,50.0,106.0,0,0,0,0,1,1,3
19.8,51.0,71.0,0,0,1,1,0,1,3
32.8,73.0,318.0,0,1,1,0,0,0,2
30.1,31.0,310.0,0,0,1,1,1,1,3
24.5,34.0,328.0,1,1,0,1,1,1,0
25.5,40.0,229.0,1,0,1,0,1,1,2
22.9,36.0,201.0,1,1,1,0,1,1,0
30.2,74.0,54.0,1,1,0,0,0,1,0
31.5,37.0,17.0,0,1,1,0,1,0,2
26.7,36.0,133.0,1,0,1,0,0,0,2
17.5,65.0,206.0,0,0,1,0,1,1,3
19.9,79.0,51.0,0,1,0,0,1,1,2
34.0,78.0,345.0,1,0,1,0,0,0,2
12.1,85.0,164.0,0,0,0,0,1,0,3
16.6,53.0,193.0,1,0,0,1,1,0,2
14.5,31.0,23.0,1,1,0,1,0,1,0
12.5,53.0,141.0,0,1,0,1,0,1,2
25.4,33.0,8.0,1,1,1,1,1,1,0
32.7,56.0,60.0,0,1,1,1,0,1,2
10.3,46.0,142.0,0,1,0,0,1,0,2
10.4,58.0,236.0,1,0,1,1,1,0,2
31.8,56.0,152.0,0,0,0,0,1,1,3
33.9,61.0,123.0,1,0,0,1,1,0,2
28.4,72.0,78.0,0,1,0,0,0,0,2
17.3,78.0,53.0,1,0,1,1,1,0,2
23.2,40.0,343.0,1,1,0,1,1,1,0
13.7,83.0,103.0,0,0,1,0,0,0,3
31.3,46.0,221.0,1,1,1,0,0,0,0
18.4,61.0,107.0,1,1,0,0,1,0,0
26.2,62.0,46.0,0,0,1,1,1,1,3
27.9,81.0,287.0,0,1,0,1,1,0,2
23.4,63.0,169.0,1,1,0,0,0,1,0
11.3,42.0,302.0,1,1,0,0,1,0,0
15.5,37.0,293.0,0,0,1,0,1,0,3
12.8,55.0,183.0,1,1,0,0,0,1,0
34.3,57.0,66.0,1,1,1,0,1,1,0
13.4,75.0,119.0,1,1,0,0,0,0,0
23.4,61.0,125.0,0,0,0,1,1,1,3
33.2,42.0,164.0,1,0,1,0,0,1,2
27.8,61.0,125.0,1,0,1,1,1,1,2
19.1,81.0,30.0,0,1,0,1,1,0,2
10.1,74.0,38.0,0,0,0,0,1,0,3
11.3,77.0,201.0,1,1,1,1,1,1,0
32.1,47.0,120.0,1,0,1,1,0,1,2
18.3,64.0,24.0,1,0,0,0,1,1,2
33.1,88.0,91.0,1,0,0,1,1,1,2
33.6,74.0,326.0,1,0,1,0,0,0,2
19.4,55.0,161.0,1,1,1,0,1,1,0
31.9,41.0,309.0,0,1,0,1,0,1,2
12.2,60.0,266.0,0,0,1,0,1,1,3
33.6,30.0,276.0,1,1,0,0,0,1,0
30.7,53.0,256.0,1,0,1,0,0,1,2
20.2,51.0,215.0,0,0,0,1,0,1,3
17.8,74.0,63.0,1,0,1,1,0,1,2
30.2,61.0,319.0,1,1,1,1,1,1,0
29.8,44.0,111.0,1,0,1,1,1,0,2
28.1,75.0,9.0,0,0,1,0,0,0,3
23.1,48.0,134.0,0,1,0,1,0,0,2
28.1,39.0,234.0,1,0,1,0,0,0,2
17.7,32.0,31.0,1,1,0,0,0,0,0
31.6,71.0,275.0,1,1,0,1,1,0,0
10.6,84.0,244.0,0,1,1,0,0,1,2
23.4,90.0,65.0,1,0,1,1,0,1,2
18.1,55.0,22.0,1,0,0,0,0,0,2
27.0,78.0,350.0,1,1,1,0,1,0,0
13.7,70.0,245.0,0,0,1,0,0,0,3
16.4,57.0,22.0,1,1,1,0,1,0,0
11.0,57.0,161.0,0,0,0,0,1,1,3
14.8,54.0,201.0,0,1,1,1,1,1,2
29.8,89.0,57.0,1,1,1,1,0,0,0
28.9,66.0,321.0,1,0,0,1,1,0,2
10.3,61.0,122.0,1,0,1,1,1,1,2
33.2,79.0,109.0,0,1,1,0,0,1,2
21.4,84.0,207.0,0,0,1,0,1,1,3
28.2,88.0,63.0,0,1,0,1,0,0,2
26.7,88.0,273.0,1,0,0,1,1,1,2
19.1,49.0,300.0,0,0,1,1,0,1,3
21.9,80.0,280.0,1,1,0,0,0,1,0
18.0,78.0,204.0,1,0,0,1,0,0,2
22.0,39.0,296.0,0,0,1,0,1,0,3
13.2,37.0,249.0,0,0,0,1,0,1,3
19.7,81.0,120.0,1,1,0,0,0,0,0
18.7,79.0,3.0,0,0,0,1,1,0,3
19.5,61.0,68.0,1,1,1,0,0,1,0
16.4,81.0,272.0,1,0,1,1,1,0,2
28.1,90.0,93.0,1,1,0,0,0,0,0
16.3,34.0,321.0,1,0,1,1,1,1,2
25.8,77.0,116.0,0,1,1,0,1,1,2
23.9,87.0,330.0,1,1,0,0,0,1,0
24.8,71.0,124.0,0,1,0,1,0,1,2
28.0,66.0,99.0,0,1,1,1,0,0,2
32.2,75.0,154.0,1,0,0,0,1,1,2
10.9,87.0,320.0,0,0,0,0,1,1,3
16.2,71.0,20.0,1,1,1,1,1,0,0
34.5,31.0,174.0,0,0,1,0,0,1,3
15.7,82.0,236.0,0,0,0,1,0,1,3
22.8,38.0,161.0,0,0,0,1,0,1,3
26.3,60.0,242.0,0,0,1,0,1,1,3
15.5,65.0,233.0,1,1,1,0,1,0,0
17.0,58.0,149.0,0,1,1,1,1,1,2
26.2,73.0,23.0,0,0,1,0,1,0,3
24.5,62.0,236.0,1,0,1,0,1,0,2
25.0,43.0,17.0,0,0,0,1,0,0,3
15.1,51.0,6.0,0,1,0,0,1,0,2
18.7,68.0,113.0,1,0,0,0,1,0,2
30.7,71.0,207.0,1,0,0,1,0,1,2
11.4,72.0,216.0,0,0,1,1,0,0,3
32.8,90.0,363.0,0,1,1,0,1,1,2
31.1,58.0,338.0,0,0,1,0,1,1,3
31.1,90.0,84.0,0,1,0,0,0,0,2
22.0,83.0,67.0,0,1,0,1,1,1,2
18.2,39.0,178.0,1,0,1,1,1,0,2
26.7,54.0,321.0,1,1,1,0,0,1,0
28.5,77.0,225.0,1,0,1,1,1,0,2
18.8,80.0,7.0,0,1,1,0,0,0,2
23.9,37.0,207.0,0,0,1,0,0,1,3
24.3,85.0,217.0,0,1,1,1,0,0,2
20.9,55.0,227.0,1,1,0,1,1,0,0
18.8,43.0,30.0,0,1,0,1,1,0,2
14.0,83.0,297.0,0,0,1,0,0,1,3
15.9,37.0,77.0,1,0,1,0,0,1,2
28.7,41.0,16.0,0,1,0,1,1,0,2
25.7,67.0,168.0,0,0,0,1,0,0,3
24.7,75.0,77.0,0,0,0,0,1,1,3
17.1,54.0,38.0,1,1,1,0,1,1,0
10.8,65.0,301.0,1,0,0,0,1,1,2
27.9,33.0,292.0,1,0,0,1,1,1,2
10.3,79.0,6.0,0,1,0,1,0,0,2
30.5,83.0,17.0,0,1,1,0,1,1,2
28.7,80.0,21.0,0,0,0,0,1,1,3
20.0,70.0,143.0,1,0,1,0,1,1,2
30.9,83.0,293.0,1,1,1,1,1,1,0
21.9,88.0,101.0,1,0,0,0,0,0,2
13.4,84.0,153.0,1,1,1,0,0,1,0
11.8,73.0,256.0,1,0,1,0,0,1,2
33.3,42.0,170.0,1,1,0,0,1,1,0
20.4,74.0,363.0,0,1,0,1,1,0,2
16.5,48.0,45.0,1,0,1,1,1,0,2
12.4,77.0,87.0,1,1,0,0,0,0,0
23.7,67.0,61.0,1,1,1,0,0,0,0
12.8,47.0,30.0,1,1,1,1,0,0,0
18.8,62.0,69.0,1,1,0,1,0,0,0
22.5,41.0,120.0,0,1,0,1,0,1,2
34.9,65.0,235.0,0,0,0,0,0,0,3
14.0,57.0,282.0,0,1,1,0,1,0,2
31.4,71.0,63.0,0,0,0,1,0,0,3
34.0,44.0,234.0,1,1,1,1,0,1,0
32.1,66.0,294.0,1,0,1,0,1,0,2
25.6,90.0,209.0,1,0,1,0,0,0,2
21.8,33.0,192.0,1,1,1,1,0,0,0
34.4,46.0,58.0,1,0,0,1,0,1,2
15.1,57.0,117.0,0,0,0,1,1,1,3
15.2,67.0,8.0,0,1,0,0,1,0,2
16.7,46.0,199.0,1,0,0,0,1,1,2
23.1,57.0,218.0,1,1,1,0,1,1,0
31.5,31.0,356.0,0,0,0,1,1,1,3
17.1,37.0,46.0,1,1,1,1,1,0,0
26.9,88.0,212.0,1,0,1,1,1,0,2
10.2,33.0,235.0,1,0,0,1,1,0,2
32.9,61.0,19.0,0,1,0,0,0,1,2
31.4,31.0,289.0,1,0,0,0,1,1,2
33.3,40.0,210.0,1,0,1,1,1,0,2
26.8,62.0,24.0,0,1,0,0,0,0,2
18.6,86.0,234.0,0,1,1,1,1,1,2
25.1,46.0,178.0,1,0,1,1,1,0,2
19.6,30.0,244.0,1,1,1,1,0,1,0
28.5,74.0,235.0,0,1,1,0,1,0,2
23.3,44.0,246.0,1,1,1,0,1,1,0
18.0,55.0,288.0,1,0,1,1,1,0,2
33.0,37.0,10.0,0,0,1,0,0,1,3
30.3,89.0,131.0,0,0,1,1,1,0,3
23.4,85.0,83.0,0,1,1,1,1,1,2
21.6,55.0,286.0,1,0,1,0,1,1,2
20.3,88.0,282.0,0,1,0,0,0,0,2
22.2,88.0,70.0,0,0,1,1,1,0,3
25.5,89.0,255.0,1,1,1,1,0,1,0
14.1,35.0,70.0,1,1,1,1,1,1,0
29.9,34.0,7.0,1,1,1,0,0,0,0
24.2,38.0,154.0,0,0,0,0,0,1,3
19.1,48.0,175.0,1,0,0,0,1,0,2
23.9,42.0,238.0,1,1,0,0,1,1,0
32.6,41.0,115.0,1,0,0,1,0,1,2
30.8,39.0,120.0,0,1,0,1,1,1,2
35.0,88.0,343.0,0,0,1,1,0,0,3
32.0,44.0,42.0,1,1,1,1,1,0,0
12.8,43.0,274.0,1,1,0,0,0,0,0
26.6,88.0,352.0,1,1,0,0,1,1,0
20.4,67.0,35.0,0,1,0,1,0,1,2
28.1,59.0,332.0,1,0,0,0,1,0,2
22.6,71.0,49.0,0,1,1,1,0,0,2
20.3,55.0,247.0,0,1,0,0,0,1,2
20.2,41.0,281.0,0,0,0,0,1,0,3
25.0,48.0,176.0,0,1,0,0,1,0,2
12.0,55.0,360.0,0,0,1,0,1,0,3
32.4,45.0,337.0,0,1,1,1,1,1,2
32.5,89.0,33.0,1,0,0,1,1,0,2
30.5,81.0,240.0,0,0,0,0,0,0,3
10.2,66.0,132.0,0,1,0,1,0,1,2
26.9,87.0,57.0,0,1,0,1,1,0,2
17.0,39.0,291.0,1,0,0,1,1,0,2
30.3,39.0,79.0,0,1,0,1,0,1,2
27.6,46.0,32.0,1,1,0,0,0,0,0
15.3,44.0,321.0,1,1,1,1,0,0,0
11.0,46.0,215.0,0,1,1,1,0,1,2
11.2,82.0,59.0,1,1,0,1,0,1,0
24.6,43.0,300.0,0,1,0,0,1,0,2
15.5,77.0,83.0,1,1,1,0,1,0,0
10.3,46.0,109.0,0,0,1,0,0,1,3
21.3,69.0,272.0,0,0,1,0,0,1,3
13.7,50.0,216.0,0,1,0,0,1,0,2
29.8,45.0,253.0,0,0,0,1,0,1,3
10.4,42.0,333.0,0,0,1,1,0,0,3
16.0,83.0,246.0,1,1,1,0,0,0,0
17.5,61.0,90.0,1,1,0,1,1,1,0
20.1,45.0,203.0,1,0,0,1,1,1,2
29.0,64.0,340.0,0,0,1,0,0,1,3
31.0,84.0,267.0,1,0,1,1,0,1,2
31.5,53.0,255.0,1,0,1,1,0,0,2
10.3,43.0,139.0,1,1,1,0,1,1,0
30.9,81.0,57.0,1,1,0,1,1,0,0
19.5,60.0,2.0,1,0,0,0,0,1,2
33.3,79.0,115.0,1,1,0,1,1,1,0
23.8,62.0,228.0,1,0,1,0,0,1,2
18.9,47.0,70.0,0,1,1,0,0,0,2
19.0,48.0,262.0,0,0,1,0,0,1,3
10.7,69.0,65.0,1,1,0,1,1,0,0
28.0,44.0,107.0,0,0,1,0,1,1,3
28.0,60.0,238.0,0,0,0,1,1,0,3
15.0,52.0,140.0,0,0,0,1,0,0,3
17.5,34.0,280.0,1,1,0,1,1,0,0
26.6,58.0,88.0,0,0,0,1,1,0,3
17.6,39.0,79.0,0,1,1,1,0,0,2
21.4,40.0,333.0,1,0,0,1,1,1,2
22.5,39.0,303.0,0,1,1,1,0,0,2
28.3,55.0,304.0,1,0,1,1,0,1,2
25.9,65.0,354.0,0,0,1,1,0,1,3
18.9,40.0,122.0,1,1,0,1,0,0,0
31.6,39.0,8.0,0,1,1,0,1,1,2
26.8,50.0,292.0,0,1,1,0,0,1,2
30.4,70.0,365.0,1,1,1,0,1,1,0
20.6,40.0,227.0,0,0,0,1,1,0,3
16.3,62.0,198.0,0,0,0,0,1,1,3
10.7,47.0,333.0,1,0,1,1,1,1,2
13.9,83.0,107.0,0,1,0,1,1,1,2
16.4,64.0,334.0,1,0,0,1,1,1,2
24.8,44.0,241.0,1,1,1,1,0,1,0
33.8,55.0,120.0,1,1,0,0,0,0,0
15.3,63.0,308.0,0,1,1,0,0,0,2
15.6,52.0,210.0,0,0,0,0,1,1,3
33.3,80.0,164.0,1,1,0,1,0,0,0
10.9,31.0,336.0,0,0,0,0,0,0,3
32.0,80.0,162.0,0,0,1,1,0,0,3
12.3,37.0,141.0,0,0,0,0,0,0,3
20.1,36.0,290.0,1,1,1,1,0,1,0
16.6,55.0,82.0,0,1,0,0,1,1,2
31.4,57.0,47.0,0,1,0,1,0,0,2
29.8,45.0,358.0,0,0,1,0,1,1,3
30.2,85.0,206.0,0,1,0,1,0,0,2
11.5,60.0,250.0,1,0,0,1,0,0,2
15.5,35.0,238.0,1,1,1,1,0,0,0
24.8,34.0,347.0,0,1,0,0,0,1,2
20.3,61.0,95.0,1,1,0,0,1,0,0
11.7,64.0,343.0,0,0,1,1,0,0,3
25.1,40.0,296.0,1,0,1,0,0,0,2
21.5,66.0,67.0,1,0,1,0,1,1,2
32.1,83.0,253.0,1,1,0,0,1,1,0
22.1,65.0,339.0,0,0,1,0,0,1,3
23.8,84.0,358.0,1,0,1,0,1,1,2
14.5,90.0,92.0,1,0,1,0,1,0,2
14.3,90.0,99.0,0,1,1,1,1,1,2
24.6,67.0,63.0,1,0,1,0,1,0,2
28.7,47.0,35.0,1,1,0,1,0,0,0
30.7,83.0,10.0,0,0,1,1,0,1,3
30.0,74.0,352.0,1,1,0,0,1,1,0
11.4,36.0,199.0,0,1,1,1,0,0,2
16.4,46.0,3.0,0,0,0,1,1,0,3
34.2,45.0,211.0,1,1,0,0,0,1,0
18.2,48.0,250.0,0,1,1,1,0,1,2
18.6,67.0,168.0,0,1,1,0,0,0,2
10.4,44.0,248.0,0,0,1,0,1,0,3
22.2,84.0,99.0,1,0,0,1,0,0,2
19.2,87.0,78.0,1,0,0,0,0,0,2
33.3,65.0,213.0,1,1,0,1,1,0,0
23.7,84.0,196.0,1,0,0,1,0,1,2
14.6,82.0,234.0,1,0,1,0,1,1,2
17.8,60.0,316.0,0,0,0,0,1,1,3
23.5,57.0,69.0,0,0,0,1,1,1,3
32.7,35.0,357.0,1,0,1,1,1,0,2
16.7,77.0,315.0,1,0,1,1,1,0,2
31.6,49.0,139.0,0,0,1,1,1,0,3
18.0,88.0,78.0,0,1,1,1,1,1,2
26.8,76.0,71.0,0,1,1,1,1,0,2
15.6,68.0,314.0,1,0,1,0,1,1,2
16.0,42.0,89.0,1,0,1,0,0,0,2
19.7,76.0,135.0,1,0,0,0,0,0,2
33.2,49.0,41.0,1,1,0,0,0,1,0
31.4,78.0,139.0,0,1,0,1,1,1,2
15.5,70.0,251.0,1,1,0,0,0,1,0
17.4,31.0,191.0,1,1,0,1,0,0,0
19.4,78.0,328.0,1,1,0,0,1,0,0
24.4,57.0,22.0,0,1,1,0,1,0,2
23.6,46.0,60.0,1,1,1,1,1,0,0
10.6,58.0,141.0,1,0,1,1,1,1,2
13.6,51.0,117.0,1,0,1,0,0,0,2
17.5,66.0,321.0,0,1,0,0,0,1,2
15.4,74.0,342.0,1,1,0,1,0,1,0
28.9,32.0,221.0,1,0,0,0,0,0,2
23.2,65.0,151.0,0,1,1,0,1,0,2
30.5,77.0,149.0,1,1,1,0,0,1,0
23.4,86.0,18.0,0,0,0,0,1,0,3
19.1,45.0,291.0,0,1,0,1,1,0,2
34.5,81.0,253.0,1,0,0,0,1,0,2
34.1,33.0,358.0,0,0,1,0,0,1,3
23.9,54.0,90.0,1,0,1,0,1,0,2
18.2,36.0,204.0,0,1,0,0,0,1,2
24.4,67.0,145.0,1,0,0,1,1,1,2
26.2,43.0,246.0,1,1,1,0,0,1,0
20.6,88.0,84.0,0,0,0,1,1,0,3
19.7,72.0,94.0,1,1,1,1,1,0,0
15.8,71.0,107.0,0,0,1,0,1,0,3
28.9,45.0,345.0,0,0,1,0,0,0,3
12.7,72.0,331.0,1,1,0,1,1,1,0
10.8,58.0,223.0,1,1,1,1,1,1,0
10.9,69.0,97.0,0,0,0,0,0,0,3
19.2,50.0,112.0,1,0,0,1,0,1,2
22.2,59.0,118.0,0,1,0,1,1,1,2
10.7,80.0,23.0,1,1,1,0,1,0,0
29.8,60.0,55.0,0,1,1,0,0,0,2
27.8,62.0,177.0,1,0,0,0,0,1,2
29.0,52.0,263.0,0,0,1,0,0,0,3
16.0,54.0,337.0,0,1,0,1,1,0,2
34.8,57.0,119.0,0,1,0,1,0,0,2
34.5,71.0,195.0,1,0,1,1,1,0,2
21.0,58.0,270.0,1,1,0,1,1,1,0
28.3,65.0,330.0,1,1,1,1,1,0,0
27.0,36.0,60.0,0,0,0,0,1,0,3
34.9,41.0,258.0,1,1,0,0,0,0,0
21.2,82.0,233.0,0,0,0,1,0,1,3
21.7,42.0,138.0,1,0,1,1,0,0,2
15.6,81.0,43.0,0,0,0,1,1,0,3
27.6,76.0,146.0,0,0,1,0,0,1,3
33.1,65.0,246.0,1,0,1,0,0,0,2
33.3,78.0,346.0,0,1,0,1,0,0,2
31.9,57.0,98.0,1,0,1,0,1,0,2
25.9,43.0,98.0,1,0,0,1,0,0,2
26.1,88.0,347.0,0,1,0,0,1,0,2
12.3,31.0,40.0,0,1,1,0,1,1,2
25.0,37.0,59.0,0,0,1,1,0,0,3
26.3,33.0,282.0,0,0,1,0,0,1,3
17.1,37.0,75.0,1,0,1,1,1,1,2
26.3,56.0,292.0,1,1,1,1,0,1,0
16.6,68.0,184.0,0,0,1,0,0,0,3
30.6,32.0,66.0,0,1,0,1,1,1,2
17.7,62.0,163.0,1,1,1,1,1,1,0
10.5,88.0,250.0,1,0,1,1,1,1,2
27.7,81.0,245.0,0,0,0,0,1,1,3
26.9,89.0,212.0,1,1,0,1,1,1,0
15.9,52.0,132.0,1,0,1,1,1,0,2
34.3,83.0,135.0,1,0,1,1,1,0,2
32.1,41.0,251.0,1,0,0,0,0,0,2
17.3,47.0,184.0,0,0,0,1,1,1,3
17.0,43.0,289.0,0,1,0,0,0,1,2
27.1,82.0,306.0,1,0,1,1,1,1,2
31.8,83.0,247.0,0,0,0,1,0,0,3
14.8,45.0,347.0,0,0,0,0,1,0,3
12.0,62.0,122.0,0,1,0,1,1,1,2
28.4,60.0,232.0,0,1,1,1,1,0,2
26.4,41.0,361.0,1,1,0,1,0,0,0
21.4,81.0,263.0,1,0,1,1,0,0,2
18.9,70.0,190.0,0,0,0,0,0,0,3
14.3,69.0,69.0,1,0,1,0,0,0,2
21.0,58.0,336.0,0,1,1,0,0,1,2
29.3,35.0,224.0,1,1,0,0,1,1,0
34.3,50.0,103.0,1,0,1,1,0,0,2
25.4,83.0,33.0,0,0,1,1,1,0,3
18.4,77.0,3.0,1,0,1,0,0,0,2
22.8,76.0,364.0,0,0,0,0,0,0,3
11.5,80.0,200.0,1,0,0,1,0,0,2
16.4,79.0,222.0,0,0,0,0,1,0,3
31.4,63.0,310.0,0,1,0,0,0,1,2
15.2,49.0,219.0,0,0,0,0,1,0,3
18.5,50.0,160.0,0,1,1,1,0,1,2
19.6,47.0,72.0,0,0,0,0,1,1,3
11.2,45.0,46.0,0,0,1,0,0,0,3
33.0,52.0,46.0,0,0,1,1,0,0,3
26.8,79.0,21.0,1,0,1,1,1,1,2
12.6,75.0,286.0,1,1,0,0,1,0,0
25.8,44.0,361.0,0,0,0,1,0,0,3
29.3,39.0,255.0,0,1,0,1,1,1,2
12.3,90.0,84.0,0,1,0,1,0,0,2
28.5,89.0,71.0,0,1,0,1,1,1,2
31.8,89.0,260.0,1,1,0,0,1,0,0
14.5,36.0,176.0,0,0,0,1,0,1,3
11.1,79.0,181.0,0,1,1,0,0,1,2
19.2,40.0,12.0,0,0,0,0,1,0,3
18.0,69.0,11.0,0,0,0,0,0,1,3
29.7,30.0,145.0,1,0,1,1,1,0,2
17.9,88.0,146.0,1,0,0,0,1,0,2
24.0,57.0,10.0,1,1,1,0,0,0,0
18.1,48.0,266.0,0,1,0,0,0,0,2
19.6,40.0,45.0,1,0,0,1,1,1,2
28.9,59.0,170.0,0,0,0,1,0,0,3
34.0,75.0,134.0,1,0,0,1,1,1,2
20.4,51.0,50.0,0,0,1,0,1,1,3
19.5,51.0,278.0,0,0,1,1,0,0,3
16.8,80.0,243.0,0,1,1,0,0,0,2
28.5,39.0,254.0,0,0,1,1,0,0,3
32.9,65.0,248.0,1,1,0,1,1,1,0
15.6,32.0,357.0,0,0,0,0,1,1,3
25.1,35.0,244.0,1,0,1,1,0,1,2
12.1,71.0,361.0,1,0,0,0,1,0,2
28.1,79.0,270.0,1,1,0,1,1,0,0
32.8,36.0,335.0,1,1,0,1,0,0,0
13.2,31.0,27.0,1,0,0,0,0,1,2
17.8,89.0,276.0,0,1,0,1,1,0,2
20.9,37.0,346.0,0,0,1,1,0,0,3
25.5,67.0,199.0,1,1,1,0,0,0,0
28.2,84.0,98.0,1,0,0,1,0,0,2
15.9,87.0,15.0,1,1,1,0,1,1,0
21.1,80.0,167.0,1,0,0,1,1,0,2
32.5,73.0,196.0,1,1,0,0,0,1,0
31.0,68.0,47.0,0,1,0,1,0,0,2
30.4,74.0,196.0,1,0,0,0,0,0,2
33.6,51.0,208.0,1,0,1,0,0,1,2
24.1,90.0,171.0,0,1,1,1,0,0,2
12.0,44.0,123.0,1,0,1,1,1,0,2
34.3,60.0,141.0,1,1,1,1,1,1,0
11.2,48.0,163.0,1,1,1,0,1,0,0
22.1,73.0,278.0,1,1,1,1,1,0,0
33.6,68.0,324.0,1,1,1,0,0,1,0
17.6,46.0,33.0,1,1,1,1,0,0,0
19.0,44.0,314.0,0,0,1,0,0,0,3
23.5,56.0,262.0,1,1,1,0,1,0,0
21.0,43.0,243.0,1,1,0,0,0,1,0
15.9,54.0,44.0,1,0,1,1,1,1,2
32.9,62.0,29.0,0,1,0,0,0,0,2
28.2,70.0,100.0,0,0,1,1,1,0,3
23.2,74.0,283.0,1,1,0,1,1,1,0
17.2,86.0,288.0,1,0,1,1,0,1,2
21.7,68.0,26.0,1,0,1,0,0,1,2
25.9,75.0,185.0,1,1,0,0,1,0,0
24.7,73.0,172.0,0,0,0,0,0,1,3
26.3,45.0,256.0,1,0,0,0,0,0,2
20.2,55.0,90.0,1,1,1,1,1,0,0
14.9,45.0,340.0,1,0,1,0,0,1,2
30.7,36.0,328.0,0,0,1,1,1,1,3
11.4,37.0,10.0,1,0,1,0,0,0,2
15.4,66.0,301.0,0,0,1,1,1,1,3
34.7,88.0,84.0,1,1,1,0,0,1,0
25.1,68.0,194.0,0,1,1,1,0,0,2
18.4,66.0,72.0,1,0,1,0,1,0,2
14.0,61.0,30.0,0,0,0,1,1,0,3
20.3,46.0,144.0,0,0,0,0,0,0,3
19.4,68.0,273.0,0,1,0,1,1,1,2
29.2,66.0,263.0,0,0,1,1,1,1,3
15.8,62.0,324.0,1,1,1,0,1,1,0
25.7,66.0,115.0,0,0,0,0,0,1,3
24.9,46.0,73.0,0,1,1,0,1,0,2
28.0,31.0,2.0,0,1,0,0,1,0,2
23.2,83.0,303.0,1,1,0,0,1,0,0
24.1,34.0,364.0,0,1,0,0,0,1,2
20.6,31.0,85.0,0,1,1,0,1,0,2
18.7,39.0,286.0,1,1,0,1,0,0,0
11.6,80.0,11.0,0,1,0,1,0,1,2
25.2,68.0,173.0,0,1,0,1,0,0,2
16.7,31.0,18.0,0,1,1,0,1,0,2
31.4,50.0,191.0,0,1,1,0,1,0,2
15.0,69.0,9.0,1,1,1,0,0,1,0
28.9,44.0,359.0,0,0,0,0,0,0,3
16.7,68.0,219.0,1,1,0,1,0,0,0
13.7,52.0,49.0,0,1,1,0,0,0,2
24.6,83.0,174.0,0,0,0,0,1,0,3
11.8,69.0,56.0,1,1,1,0,0,1,0
12.6,84.0,180.0,0,1,1,1,0,1,2
31.7,46.0,197.0,1,0,1,1,0,1,2
11.2,58.0,321.0,1,0,1,1,1,0,2
19.2,42.0,254.0,1,1,0,0,0,1,0
17.1,78.0,44.0,0,0,1,1,1,0,3
25.3,89.0,245.0,0,0,1,0,0,1,3
19.8,36.0,175.0,0,1,0,0,0,0,2
23.6,71.0,105.0,1,0,0,1,1,1,2
