malha_peneira_microns,integridade_peneira_sem_rasgos,frequencia_troca_peneira_h,higienizacao_peneira_pos_lote,contagem_residuos_retidos_pct,protecao_contra_poeira,separacao_fluxo,lote_identificado,probabilidade
888.0,1,11.0,1,2.9,1,0,0,0
214.0,1,4.4,0,3.49,1,0,1,0
1182.0,0,3.4,0,0.42,1,1,0,3
406.0,0,8.5,0,2.82,0,0,1,3
353.0,1,20.9,0,1.53,1,1,1,0
323.0,0,9.0,1,3.18,0,1,1,3
956.0,1,13.8,1,1.97,0,1,0,0
1168.0,1,19.0,1,3.22,0,0,0,0
901.0,1,12.5,0,0.69,1,0,0,0
1089.0,1,23.0,0,2.12,1,0,1,0
547.0,0,7.9,0,2.23,1,0,1,3
345.0,0,1.5,0,1.61,1,0,1,3
842.0,1,7.3,0,2.97,1,0,1,0
511.0,0,16.7,0,4.54,0,0,1,3
594.0,0,12.5,1,2.0,1,0,1,3
1062.0,0,18.0,0,4.11,0,0,1,3
593.0,1,18.5,0,3.44,1,1,1,0
227.0,0,18.5,0,3.74,0,1,0,3
725.0,0,4.9,0,1.42,0,0,1,3
503.0,0,5.4,0,0.51,0,0,1,3
494.0,0,19.4,0,4.33,0,1,1,3
1073.0,1,14.2,1,3.24,0,1,0,0
618.0,1,19.1,0,4.03,1,0,1,0
1194.0,1,19.8,1,2.42,1,1,1,0
285.0,1,1.2,0,2.75,0,0,0,0
929.0,0,7.9,0,3.93,0,1,1,3
1028.0,1,22.4,0,0.45,1,1,1,0
831.0,0,22.8,1,4.3,0,1,1,3
283.0,0,15.9,0,4.86,1,0,1,3
207.0,1,11.1,0,4.49,1,0,0,0
1013.0,0,13.3,1,4.22,1,1,1,3
1127.0,1,19.7,1,2.14,1,0,0,0
1098.0,1,6.5,0,0.35,1,0,0,0
781.0,0,22.1,0,3.39,1,0,0,3
499.0,0,3.9,0,3.64,0,0,1,3
461.0,0,23.9,1,3.03,0,0,1,3
988.0,0,14.7,0,2.99,1,1,0,3
1026.0,0,8.6,0,3.25,0,1,0,3
843.0,0,1.3,0,0.53,1,0,1,3
1194.0,1,15.5,0,3.02,0,1,0,0
1158.0,0,22.9,1,4.91,0,1,1,3
221.0,0,18.9,1,3.53,1,0,0,3
756.0,0,6.8,1,0.78,0,0,0,3
1015.0,0,18.5,1,3.89,1,0,1,3
1062.0,1,17.5,1,0.56,1,1,1,0
420.0,0,1.1,1,2.4,1,1,1,3
871.0,1,4.9,1,4.83,1,0,1,0
599.0,1,17.7,0,4.21,1,0,0,0
1172.0,1,21.1,1,2.97,0,0,0,0
390.0,1,11.6,1,1.32,0,0,1,0
695.0,1,19.3,0,1.57,0,1,1,0
831.0,0,14.7,1,1.48,1,1,1,3
766.0,0,6.7,0,1.92,0,1,1,3
968.0,1,7.1,1,2.4,1,0,0,0
779.0,0,7.6,1,0.09,1,1,0,3
810.0,0,20.6,1,1.33,1,1,1,3
1038.0,0,7.7,1,4.84,1,0,0,3
314.0,0,19.9,1,3.36,0,1,0,3
985.0,1,12.3,0,0.41,0,0,0,0
695.0,1,12.9,0,2.12,0,0,1,0
890.0,1,13.2,0,4.4,1,1,1,0
823.0,1,3.9,1,4.45,0,0,0,0
550.0,1,1.2,0,1.1,0,0,1,0
513.0,0,18.9,1,4.83,1,1,1,3
361.0,1,18.0,1,2.66,0,1,0,0
379.0,0,23.5,0,3.94,0,1,1,3
431.0,0,12.0,1,0.97,1,1,0,3
307.0,0,5.1,0,3.22,0,1,0,3
813.0,0,11.0,0,1.89,1,1,1,3
548.0,0,1.5,1,2.43,0,0,1,3
933.0,0,7.5,1,4.93,0,1,1,3
1192.0,1,5.1,0,3.39,1,0,0,0
768.0,1,1.3,0,0.42,1,1,1,0
599.0,0,15.8,0,4.92,1,0,1,3
490.0,1,20.6,1,1.27,0,0,0,0
463.0,1,14.7,0,2.12,0,0,1,0
426.0,1,15.0,0,0.75,1,0,0,0
649.0,1,17.0,1,3.58,1,1,0,0
392.0,0,21.1,0,4.61,0,0,0,3
377.0,1,17.5,1,3.6,0,1,1,0
218.0,1,9.5,0,2.3,1,1,1,0
543.0,0,19.9,1,4.71,1,1,0,3
231.0,0,13.9,1,4.09,1,1,0,3
425.0,0,21.2,1,4.11,0,0,1,3
663.0,0,16.8,1,0.11,0,1,1,3
313.0,1,13.0,0,2.89,0,1,0,0
603.0,0,15.8,0,1.46,1,0,0,3
919.0,1,17.4,1,0.74,1,1,1,0
447.0,1,4.3,1,1.33,0,1,0,0
206.0,0,17.9,0,2.22,0,0,0,3
201.0,0,10.3,0,2.96,1,1,1,3
949.0,1,18.7,1,3.95,0,0,0,0
878.0,1,17.9,1,2.99,1,1,1,0
1178.0,1,1.3,0,1.13,0,1,1,0
649.0,0,13.7,1,2.05,0,1,0,3
855.0,0,9.3,1,3.05,1,0,1,3
872.0,0,1.8,0,0.02,1,0,0,3
367.0,0,6.8,1,0.62,1,0,0,3
397.0,0,23.3,0,2.8,1,1,1,3
919.0,1,13.6,0,0.21,0,0,0,0
280.0,0,16.1,0,4.86,0,0,0,3
256.0,0,2.3,1,1.46,1,1,0,3
1184.0,1,21.0,0,1.78,1,1,0,0
787.0,1,4.7,1,2.58,1,0,0,0
481.0,1,6.0,0,0.67,0,0,1,0
823.0,0,7.9,1,3.64,0,1,1,3
1048.0,0,18.6,1,2.53,1,0,1,3
610.0,1,13.4,1,3.53,0,1,1,0
1009.0,0,5.0,1,0.49,1,1,0,3
879.0,0,20.0,1,1.98,0,0,0,3
465.0,0,14.4,1,2.8,0,1,0,3
588.0,0,1.7,1,4.71,1,1,1,3
916.0,0,4.8,0,0.02,0,0,1,3
1092.0,0,20.8,1,4.09,0,1,1,3
223.0,0,21.8,0,2.96,0,1,1,3
675.0,1,14.4,0,1.4,1,1,0,0
581.0,1,22.0,1,4.72,1,0,1,0
1017.0,0,6.4,1,0.72,1,0,0,3
982.0,0,16.2,0,4.18,0,0,1,3
1129.0,0,22.2,1,2.16,0,0,1,3
884.0,0,22.0,0,2.3,0,0,0,3
1168.0,0,18.3,0,1.46,1,1,0,3
1200.0,1,12.2,1,3.33,1,0,1,0
832.0,1,15.1,0,2.6,0,0,1,0
235.0,0,3.2,1,2.86,1,0,0,3
469.0,0,9.2,1,3.65,0,1,1,3
466.0,0,12.1,0,0.23,0,0,0,3
978.0,1,6.2,1,0.73,1,0,0,0
904.0,1,7.1,1,2.48,1,0,1,0
443.0,0,12.8,0,2.25,1,0,1,3
375.0,0,16.8,0,2.25,0,0,1,3
519.0,0,17.6,0,1.02,1,1,1,3
388.0,1,18.1,1,4.08,0,0,0,0
1178.0,1,12.6,1,0.24,1,1,1,0
335.0,0,10.0,1,2.76,0,0,0,3
696.0,0,15.8,0,4.15,1,1,0,3
750.0,0,20.1,1,3.2,0,0,0,3
943.0,0,14.3,1,4.91,0,1,0,3
656.0,1,11.8,1,1.9,1,0,1,0
678.0,1,6.3,1,0.02,1,1,1,0
1088.0,1,15.0,0,3.68,0,1,0,0
752.0,0,7.9,0,1.98,1,1,1,3
676.0,1,7.0,0,3.17,0,0,1,0
1117.0,1,20.0,1,0.7,0,0,1,0
967.0,0,23.6,1,3.96,0,0,0,3
316.0,1,8.4,1,1.45,1,1,1,0
246.0,0,18.3,0,0.82,1,0,0,3
958.0,0,3.9,0,4.18,0,1,0,3
639.0,1,4.3,1,2.12,1,1,0,0
1002.0,1,17.9,1,0.55,0,0,1,0
1066.0,0,4.6,0,0.2,0,1,0,3
926.0,0,23.5,1,3.82,1,1,0,3
794.0,1,8.6,0,4.18,1,1,1,0
1153.0,1,22.7,1,2.7,1,0,1,0
794.0,1,17.2,1,3.86,1,1,1,0
1178.0,1,9.6,0,3.29,0,0,0,0
1110.0,0,19.6,1,0.62,1,0,1,3
663.0,0,6.9,0,4.39,0,0,0,3
287.0,0,19.1,1,2.77,1,1,1,3
611.0,1,8.1,0,1.38,0,0,1,0
921.0,1,2.2,0,2.38,1,1,0,0
533.0,1,12.9,0,3.41,1,1,0,0
689.0,1,19.7,1,4.52,1,0,1,0
653.0,1,2.6,0,3.95,1,1,0,0
200.0,0,20.2,1,4.73,0,1,0,3
837.0,0,5.5,0,4.54,1,1,0,3
562.0,0,20.9,0,1.95,0,0,0,3
1110.0,0,18.6,1,1.14,0,0,0,3
316.0,1,9.8,1,0.89,1,1,1,0
930.0,0,11.7,1,2.02,1,1,1,3
772.0,0,13.6,1,2.51,0,0,0,3
1035.0,1,10.8,1,2.18,1,0,1,0
587.0,1,17.3,1,3.97,0,0,0,0
346.0,1,22.2,1,4.3,0,0,1,0
441.0,0,21.1,0,1.81,0,1,1,3
737.0,0,7.9,1,1.93,1,0,1,3
664.0,1,17.2,1,0.7,0,1,0,0
261.0,0,14.1,0,1.66,1,0,0,3
688.0,0,23.1,0,0.38,0,1,1,3
433.0,1,22.6,0,0.25,0,0,1,0
794.0,1,12.2,0,3.13,0,0,1,0
853.0,0,2.1,1,2.01,0,0,0,3
355.0,1,9.9,1,1.72,1,1,1,0
644.0,0,1.2,0,2.58,1,1,1,3
226.0,0,20.7,1,2.84,1,0,1,3
983.0,0,10.7,0,3.77,1,0,1,3
317.0,1,11.4,0,0.98,1,1,1,0
684.0,0,4.3,0,4.68,0,1,0,3
836.0,0,18.9,0,0.79,0,1,1,3
729.0,0,15.1,1,2.61,1,1,0,3
1087.0,0,12.1,0,4.7,1,0,1,3
939.0,0,21.6,0,2.66,1,1,0,3
235.0,1,2.3,1,4.45,0,0,1,0
774.0,0,10.6,1,4.99,0,0,0,3
537.0,0,22.7,0,2.19,0,0,0,3
583.0,0,23.8,0,2.33,0,1,0,3
457.0,1,18.6,1,1.62,0,1,1,0
807.0,1,1.8,1,0.35,1,1,0,0
1077.0,0,2.1,1,4.01,0,0,0,3
782.0,1,14.7,0,3.55,0,1,0,0
399.0,0,4.3,0,3.5,0,0,0,3
248.0,0,23.2,0,0.26,1,0,0,3
434.0,0,11.9,0,4.39,0,1,0,3
874.0,0,16.5,1,3.87,0,1,0,3
1064.0,1,21.5,1,0.22,1,1,1,0
1123.0,0,17.4,0,4.63,0,0,1,3
1116.0,0,16.4,1,0.84,1,1,1,3
1142.0,0,6.6,1,2.9,0,1,0,3
827.0,1,6.5,0,1.09,1,1,1,0
314.0,1,7.7,0,2.58,0,0,0,0
349.0,0,7.3,0,0.78,0,1,1,3
773.0,1,1.0,0,1.34,0,1,1,0
295.0,0,16.4,0,1.44,1,0,0,3
839.0,1,17.6,0,2.82,1,1,0,0
892.0,0,11.5,0,1.66,1,1,1,3
334.0,1,4.6,0,4.46,1,0,1,0
959.0,1,10.2,0,2.66,1,0,1,0
638.0,0,7.6,1,0.68,0,0,0,3
264.0,0,11.4,0,0.01,0,1,1,3
526.0,1,13.4,1,3.54,1,0,0,0
1172.0,0,20.9,0,2.76,0,1,1,3
1064.0,0,17.3,1,2.33,1,0,1,3
1006.0,0,2.8,1,3.68,1,1,0,3
1014.0,1,7.1,1,2.88,1,0,0,0
688.0,1,5.9,1,4.07,0,1,1,0
737.0,1,10.9,0,2.78,0,1,0,0
1102.0,0,12.1,1,1.36,0,0,1,3
261.0,0,11.8,1,0.18,1,1,0,3
573.0,0,5.1,0,1.5,0,1,0,3
255.0,1,8.1,1,4.28,0,0,1,0
530.0,0,2.7,1,4.43,1,0,0,3
415.0,1,6.4,0,2.28,1,1,0,0
743.0,1,21.9,1,0.97,1,1,1,0
904.0,1,6.0,0,2.44,1,1,1,0
723.0,0,12.8,0,4.06,0,1,0,3
1018.0,0,22.5,0,2.59,0,0,0,3
428.0,1,12.1,1,2.12,0,0,0,0
1035.0,1,1.1,0,0.48,0,1,0,0
963.0,0,18.1,1,0.37,1,0,1,3
204.0,1,11.1,0,1.99,0,0,0,0
1047.0,0,13.9,0,2.85,0,1,1,3
1083.0,0,6.7,0,2.4,0,1,1,3
608.0,0,7.9,0,1.24,1,1,1,3
570.0,1,2.3,0,0.98,0,1,0,0
700.0,0,11.6,0,2.07,0,0,1,3
444.0,1,23.5,1,2.11,0,0,0,0
937.0,0,9.6,1,4.1,1,1,1,3
755.0,0,19.0,0,1.75,1,1,0,3
285.0,1,17.3,1,1.04,0,0,1,0
1059.0,1,4.2,1,2.75,0,0,1,0
510.0,1,19.7,0,2.99,0,1,1,0
444.0,0,21.6,0,4.9,1,0,0,3
972.0,0,22.9,1,3.35,1,0,0,3
696.0,1,6.2,1,3.02,0,0,0,0
1136.0,0,3.9,1,2.89,0,0,0,3
441.0,1,4.3,1,1.18,0,0,0,0
799.0,0,19.7,1,1.63,1,1,0,3
234.0,1,12.2,0,0.79,0,1,0,0
1182.0,0,14.0,0,4.92,0,1,0,3
210.0,0,3.3,0,4.93,0,0,0,3
477.0,1,12.5,0,4.35,0,0,1,0
220.0,0,5.5,0,4.14,1,1,0,3
473.0,1,11.8,1,4.22,1,0,1,0
1147.0,1,15.6,1,0.35,0,1,1,0
571.0,0,22.6,1,2.99,1,1,0,3
660.0,1,20.8,1,2.15,1,0,0,0
1096.0,0,15.2,0,3.57,1,1,1,3
216.0,0,5.2,1,3.3,1,1,1,3
1113.0,0,3.3,1,0.55,1,1,0,3
1181.0,1,9.4,0,2.83,0,0,0,0
644.0,1,12.4,0,3.73,1,1,1,0
390.0,0,12.5,0,4.18,1,0,0,3
891.0,0,16.2,1,0.76,1,1,0,3
974.0,1,18.7,0,2.1,0,1,1,0
615.0,1,16.2,1,3.25,1,1,1,0
1015.0,0,21.5,1,2.36,1,1,1,3
439.0,0,2.7,1,3.3,1,1,0,3
245.0,1,23.1,1,0.49,0,1,0,0
840.0,1,9.0,1,2.71,0,0,0,0
727.0,1,15.9,0,0.4,0,0,0,0
240.0,1,9.8,1,2.19,0,1,1,0
415.0,0,19.4,1,2.78,0,0,1,3
784.0,1,5.2,1,1.4,0,1,0,0
853.0,1,12.5,0,0.53,0,0,1,0
876.0,0,13.5,0,1.37,1,1,1,3
607.0,1,4.3,1,4.7,0,0,0,0
942.0,1,18.6,0,4.66,0,0,0,0
887.0,0,8.4,0,0.92,0,1,0,3
338.0,1,23.0,1,0.54,1,0,0,0
783.0,1,4.2,0,0.38,0,0,1,0
387.0,0,14.5,1,1.86,0,0,0,3
874.0,1,1.2,0,0.07,1,1,0,0
819.0,0,16.7,0,2.7,0,0,1,3
1126.0,0,1.9,0,3.17,1,0,0,3
392.0,1,22.6,0,2.49,0,0,0,0
631.0,1,3.7,1,2.43,0,0,0,0
303.0,0,14.8,1,1.98,0,0,1,3
511.0,1,5.8,1,0.08,0,0,1,0
886.0,0,13.9,0,3.66,1,1,0,3
385.0,1,2.8,0,2.25,0,1,1,0
1031.0,0,18.8,1,0.29,0,1,1,3
641.0,0,16.6,1,4.49,1,1,1,3
562.0,1,13.8,0,0.91,1,1,1,0
996.0,1,16.2,0,1.69,1,0,1,0
1013.0,0,8.7,0,4.31,0,0,0,3
295.0,0,20.3,0,1.74,0,0,0,3
1187.0,0,11.1,0,4.99,1,1,1,3
983.0,0,22.1,0,2.86,1,1,1,3
576.0,1,18.6,1,2.32,1,0,0,0
250.0,1,11.6,1,1.56,1,0,0,0
413.0,0,13.8,1,2.68,1,0,0,3
339.0,1,3.7,1,1.29,0,1,1,0
241.0,0,15.4,1,0.49,1,1,1,3
562.0,0,13.8,1,0.47,1,1,0,3
354.0,0,14.4,1,3.25,0,1,1,3
740.0,0,3.9,0,0.99,1,0,1,3
896.0,1,9.6,1,1.11,0,1,1,0
496.0,1,6.8,0,2.17,1,1,0,0
397.0,0,7.8,1,1.87,1,1,1,3
757.0,0,11.5,1,2.34,1,1,0,3
1170.0,0,2.9,1,3.73,0,1,1,3
921.0,0,5.9,0,3.38,0,1,0,3
649.0,1,9.9,0,0.58,1,0,0,0
434.0,1,16.4,0,3.11,0,0,0,0
605.0,0,13.7,0,2.63,0,1,0,3
300.0,1,17.0,0,4.81,0,1,1,0
788.0,0,18.6,1,0.35,1,0,1,3
449.0,1,18.4,1,4.22,0,1,1,0
353.0,1,3.2,1,1.27,1,1,0,0
966.0,1,2.8,1,1.63,1,1,0,0
599.0,0,9.0,1,2.01,0,1,1,3
970.0,1,15.4,0,4.94,1,1,1,0
455.0,1,3.7,1,4.92,1,1,0,0
730.0,0,3.4,0,2.71,1,0,1,3
253.0,0,21.4,0,2.53,1,0,1,3
743.0,1,21.9,1,1.54,0,0,1,0
812.0,1,19.6,0,2.14,1,0,0,0
1112.0,0,9.3,1,4.63,1,1,1,3
1163.0,0,12.9,1,1.3,0,0,0,3
622.0,0,8.6,1,1.93,1,1,1,3
249.0,0,4.0,0,3.51,1,1,0,3
794.0,1,12.3,0,3.03,0,1,1,0
920.0,0,19.4,0,0.23,0,1,1,3
385.0,1,10.6,0,2.49,0,0,1,0
447.0,1,11.9,0,0.83,1,1,1,0
997.0,1,11.0,1,4.53,0,0,1,0
663.0,0,13.2,0,4.64,0,0,0,3
509.0,1,14.9,1,3.18,0,0,1,0
1046.0,0,6.8,1,4.87,0,0,0,3
365.0,1,14.3,0,2.37,0,1,1,0
241.0,0,5.0,0,4.51,0,1,1,3
418.0,1,4.6,1,0.64,0,1,1,0
971.0,0,8.4,0,3.97,0,1,1,3
864.0,1,18.7,0,1.92,1,1,1,0
244.0,1,3.8,0,1.65,1,1,0,0
364.0,1,6.3,1,1.12,1,0,1,0
342.0,0,21.0,1,2.57,0,0,0,3
503.0,1,4.3,0,0.62,0,1,0,0
374.0,1,23.4,0,0.21,0,1,1,0
882.0,1,22.7,1,3.97,1,0,0,0
1039.0,0,24.0,0,0.47,1,1,1,3
1074.0,0,15.5,1,0.68,0,1,0,3
676.0,1,3.9,0,2.5,1,0,0,0
333.0,1,16.5,0,2.45,0,1,1,0
249.0,1,4.6,0,1.51,0,1,1,0
596.0,1,11.9,1,1.67,1,1,1,0
694.0,0,3.3,0,1.33,1,1,1,3
346.0,0,7.3,1,2.56,1,0,1,3
222.0,1,23.7,1,0.79,0,0,1,0
303.0,1,15.4,0,4.93,1,0,0,0
937.0,1,9.0,1,1.15,0,0,1,0
395.0,0,20.5,1,4.22,1,0,1,3
1011.0,1,17.8,1,4.73,0,1,1,0
1117.0,1,4.4,1,1.48,1,1,1,0
529.0,1,12.3,0,0.79,1,0,1,0
846.0,0,11.4,1,3.55,0,1,1,3
489.0,0,14.8,1,3.25,1,1,0,3
923.0,1,6.7,0,0.8,0,0,0,0
412.0,1,10.5,1,4.14,1,1,0,0
605.0,0,21.5,1,4.48,0,1,0,3
1062.0,0,12.7,1,0.48,1,1,1,3
828.0,1,13.5,1,4.36,1,0,1,0
276.0,1,5.7,1,2.12,1,1,0,0
279.0,0,1.9,0,3.27,0,0,0,3
1186.0,1,23.9,1,3.91,0,1,1,0
566.0,0,13.0,1,4.28,0,1,1,3
401.0,0,2.5,1,4.08,1,0,0,3
660.0,1,7.4,0,1.76,0,0,1,0
568.0,0,12.2,0,1.34,0,0,1,3
859.0,0,17.6,1,2.22,1,1,0,3
703.0,0,4.4,1,4.23,0,0,0,3
833.0,0,7.8,0,2.24,1,0,1,3
1058.0,0,21.6,1,3.96,1,0,1,3
670.0,0,10.1,0,4.55,0,0,0,3
901.0,1,20.7,1,3.67,0,1,1,0
678.0,0,5.8,0,1.76,0,0,1,3
1037.0,1,2.2,0,2.38,0,1,1,0
640.0,1,17.9,0,2.93,1,1,1,0
481.0,1,12.0,0,0.24,1,0,0,0
1122.0,0,13.7,1,4.58,1,0,1,3
702.0,1,8.6,0,1.75,0,1,0,0
916.0,0,21.9,0,0.58,1,0,0,3
869.0,1,4.6,0,2.47,0,1,1,0
892.0,1,2.6,0,1.43,1,0,1,0
300.0,0,23.4,0,3.15,1,0,0,3
598.0,0,22.1,1,3.67,1,0,0,3
1148.0,0,9.9,1,4.32,0,0,1,3
701.0,1,1.9,1,4.69,0,0,1,0
318.0,0,9.6,1,3.76,0,1,1,3
494.0,0,1.5,1,4.81,1,0,1,3
297.0,1,13.1,0,0.82,0,1,0,0
614.0,1,20.2,1,4.6,1,1,1,0
349.0,1,8.4,0,4.81,0,0,0,0
1029.0,0,16.2,1,2.95,1,1,0,3
630.0,0,9.6,1,4.99,1,1,0,3
1078.0,1,15.2,0,4.1,1,1,0,0
863.0,1,11.6,0,2.04,0,1,1,0
703.0,0,16.1,0,1.79,1,1,0,3
301.0,1,15.2,0,4.59,1,1,0,0
400.0,0,3.1,1,4.34,1,0,1,3
687.0,1,13.2,0,2.73,0,1,1,0
537.0,1,1.2,1,1.28,0,1,1,0
1001.0,1,24.0,0,0.48,0,0,1,0
800.0,1,7.6,0,0.52,0,1,0,0
537.0,0,15.5,0,0.58,1,1,0,3
672.0,0,9.2,0,3.0,0,1,1,3
568.0,0,17.8,1,2.11,0,0,1,3
740.0,1,1.5,1,4.53,1,0,0,0
281.0,1,19.2,1,1.52,1,0,1,0
683.0,1,11.1,1,0.84,0,0,1,0
528.0,1,22.9,1,3.36,1,1,0,0
998.0,0,16.5,1,2.92,1,1,0,3
544.0,1,8.8,0,1.39,0,1,0,0
947.0,0,18.4,0,4.1,0,1,1,3
281.0,1,16.5,0,2.3,0,1,1,0
1125.0,0,9.8,0,0.23,1,0,0,3
657.0,1,14.5,0,2.84,0,0,0,0
601.0,1,2.9,1,0.02,1,1,0,0
778.0,1,22.1,0,2.95,1,1,0,0
589.0,1,4.0,0,1.36,1,1,1,0
490.0,0,17.5,1,0.21,0,1,0,3
255.0,0,21.6,0,3.45,0,1,1,3
634.0,0,14.7,1,2.53,1,0,0,3
516.0,1,15.3,1,1.24,1,0,1,0
961.0,1,9.2,0,2.86,1,1,0,0
292.0,1,15.9,1,4.75,1,0,0,0
244.0,1,12.7,1,2.22,1,0,0,0
663.0,0,3.4,1,0.17,1,0,1,3
831.0,1,10.8,0,1.23,1,1,0,0
546.0,1,6.7,0,1.2,1,1,1,0
1092.0,0,1.8,0,3.66,0,0,0,3
534.0,0,16.2,0,0.47,1,0,1,3
589.0,1,4.6,1,0.95,0,0,1,0
559.0,0,10.1,1,3.79,0,1,1,3
483.0,1,1.2,0,2.38,1,0,1,0
908.0,1,18.3,1,1.17,1,0,0,0
1153.0,0,3.8,1,1.63,1,0,0,3
1035.0,0,15.4,1,2.75,0,0,1,3
642.0,0,12.8,0,4.27,1,0,0,3
509.0,1,23.5,1,2.73,1,0,0,0
1022.0,0,8.1,0,3.47,0,0,0,3
893.0,1,9.6,0,3.74,1,0,1,0
848.0,0,2.4,0,3.1,1,0,0,3
1133.0,0,9.8,1,4.66,1,1,1,3
395.0,0,16.2,0,0.52,1,1,1,3
825.0,1,13.9,0,0.38,0,1,1,0
775.0,1,10.8,0,0.84,0,0,0,0
1115.0,1,19.4,0,3.61,0,1,1,0
393.0,1,2.0,0,2.36,1,1,1,0
662.0,0,22.5,0,2.51,1,1,1,3
203.0,0,23.7,0,1.98,0,1,0,3
256.0,1,12.6,1,4.74,0,1,1,0
364.0,1,5.4,1,2.89,0,1,1,0
1182.0,0,18.4,1,0.43,0,1,1,3
612.0,1,9.6,0,1.51,0,0,0,0
432.0,0,13.6,1,1.56,0,1,0,3
740.0,1,19.2,1,2.25,1,1,1,0
1005.0,1,11.6,1,2.02,1,1,0,0
354.0,1,5.8,1,2.09,1,0,1,0
831.0,0,22.3,1,3.44,0,0,0,3
670.0,1,2.7,1,3.97,1,0,0,0
921.0,1,11.1,1,1.89,0,1,0,0
588.0,1,10.7,1,4.6,1,1,0,0
512.0,0,12.4,0,2.85,0,0,0,3
925.0,1,11.4,1,0.42,1,1,1,0
1145.0,0,4.9,1,1.04,1,0,1,3
552.0,0,6.6,1,4.52,0,0,0,3
929.0,1,13.3,0,3.63,0,1,0,0
913.0,0,1.6,0,3.27,0,1,1,3
400.0,1,7.9,0,1.17,1,0,0,0
1188.0,0,1.1,1,1.67,0,0,1,3
510.0,1,8.1,0,3.01,0,1,0,0
316.0,1,8.1,0,3.71,0,0,0,0
1171.0,0,11.4,0,4.12,0,0,0,3
787.0,1,17.4,0,4.88,0,1,1,0
874.0,1,14.8,0,0.81,1,1,0,0
797.0,0,21.8,1,1.33,1,1,1,3
1189.0,0,1.2,1,4.0,1,1,1,3
923.0,1,12.1,1,3.89,1,0,0,0
935.0,0,9.2,0,3.42,0,1,1,3
727.0,1,22.4,1,0.23,1,1,0,0
214.0,0,9.8,1,0.84,1,0,1,3
237.0,0,20.4,1,1.25,1,0,1,3
1041.0,1,16.1,0,4.97,1,1,1,0
454.0,1,20.9,0,1.76,0,0,1,0
405.0,0,6.6,1,3.34,0,1,1,3
316.0,0,7.2,0,1.43,0,0,1,3
594.0,0,11.4,0,3.84,0,0,1,3
1143.0,0,11.1,0,4.33,0,0,0,3
324.0,0,14.1,0,3.14,1,0,0,3
827.0,1,8.4,1,4.51,0,0,0,0
414.0,0,16.4,0,3.0,1,1,0,3
420.0,0,7.1,0,2.41,0,0,0,3
834.0,0,15.8,0,4.24,1,0,0,3
1102.0,1,8.5,0,0.1,1,0,0,0
834.0,0,17.3,1,4.67,0,1,0,3
1114.0,1,7.3,1,3.74,0,1,1,0
1199.0,1,4.4,0,4.44,0,0,0,0
1112.0,0,12.3,0,1.38,0,1,0,3
477.0,0,6.3,0,3.22,1,0,1,3
265.0,1,10.5,1,3.01,0,0,1,0
890.0,0,2.5,0,4.77,1,0,0,3
821.0,1,19.5,1,0.04,0,1,1,0
282.0,1,15.3,0,3.56,0,0,0,0
844.0,1,6.4,0,0.97,0,1,1,0
378.0,1,10.5,1,3.89,0,0,0,0
818.0,1,22.4,0,2.22,1,0,1,0
491.0,0,7.7,1,1.24,1,0,1,3
1095.0,1,6.7,0,2.16,1,0,0,0
410.0,1,10.6,0,1.51,1,1,0,0
632.0,0,18.3,0,3.81,0,0,0,3
247.0,1,11.6,1,3.06,1,0,0,0
937.0,0,10.7,0,0.93,0,1,0,3
1106.0,0,11.0,0,0.1,0,1,1,3
1125.0,1,11.4,0,3.95,0,0,0,0
401.0,1,8.9,0,3.44,0,1,0,0
833.0,0,4.5,1,4.37,0,1,1,3
954.0,1,10.6,1,1.68,0,1,1,0
601.0,1,11.5,1,3.65,0,0,0,0
633.0,0,16.0,0,3.42,1,0,1,3
517.0,0,20.6,1,2.41,0,0,0,3
811.0,1,23.2,1,2.19,0,0,1,0
214.0,0,5.9,1,0.61,1,1,1,3
983.0,1,23.5,1,0.04,0,1,0,0
1144.0,0,4.2,0,4.3,1,0,0,3
1041.0,0,21.1,0,2.35,0,1,0,3
1053.0,0,6.7,1,1.36,1,1,0,3
1167.0,0,18.4,0,3.58,1,1,1,3
485.0,1,16.1,1,4.75,0,1,0,0
656.0,1,5.1,1,1.8,1,0,0,0
554.0,0,1.5,0,3.16,1,0,0,3
736.0,1,16.7,0,1.0,1,0,0,0
1079.0,0,10.1,1,0.07,0,0,0,3
682.0,0,12.9,0,2.45,0,1,0,3
713.0,1,3.5,0,0.94,0,1,0,0
1110.0,0,19.1,1,2.89,0,0,1,3
702.0,0,12.3,1,1.99,1,0,0,3
219.0,1,15.6,0,0.67,1,0,1,0
1017.0,1,3.2,0,3.63,0,1,0,0
623.0,1,3.5,1,4.38,1,0,0,0
923.0,1,6.6,0,1.98,1,0,0,0
953.0,0,4.4,0,4.06,1,0,1,3
530.0,1,7.2,1,4.02,1,1,1,0
1114.0,0,10.6,0,3.76,0,0,0,3
893.0,1,5.1,0,2.63,0,0,1,0
375.0,0,18.0,0,2.94,0,0,1,3
279.0,1,16.0,1,4.59,0,0,1,0
383.0,1,12.5,0,1.08,0,0,1,0
793.0,1,19.0,0,3.12,1,0,1,0
356.0,0,11.3,1,4.87,1,0,1,3
643.0,1,11.5,1,1.42,1,0,0,0
402.0,0,4.8,0,1.77,0,0,1,3
222.0,1,12.4,0,4.27,0,1,1,0
603.0,0,3.1,1,1.62,1,0,1,3
437.0,0,16.9,1,4.69,0,1,0,3
642.0,1,23.8,1,4.5,0,1,1,0
744.0,1,20.0,1,0.02,0,1,0,0
614.0,0,16.8,0,2.26,1,1,0,3
547.0,1,19.3,1,1.49,0,1,1,0
571.0,0,19.2,1,1.22,1,1,1,3
317.0,1,14.6,0,1.35,0,0,1,0
794.0,0,22.6,0,2.13,0,1,1,3
415.0,0,22.3,0,1.32,1,1,1,3
606.0,1,12.0,0,1.52,0,0,0,0
880.0,1,17.3,1,4.03,1,0,0,0
845.0,0,18.2,1,3.63,1,0,0,3
1171.0,0,3.9,1,0.12,0,1,1,3
933.0,1,19.9,0,2.13,0,0,1,0
381.0,0,13.1,0,1.91,0,0,1,3
217.0,0,8.4,1,2.01,1,1,0,3
239.0,1,12.0,0,0.99,0,1,0,0
206.0,0,21.7,0,4.46,1,1,1,3
967.0,0,10.9,1,4.69,0,0,0,3
719.0,1,19.7,0,4.06,0,1,1,0
682.0,0,10.3,1,2.8,1,1,0,3
799.0,0,7.5,1,3.55,0,1,1,3
384.0,0,1.2,1,0.89,0,0,0,3
445.0,0,2.3,0,1.12,0,1,0,3
1163.0,0,7.0,1,1.99,1,0,0,3
335.0,0,7.7,0,2.47,0,1,0,3
289.0,1,6.8,0,3.59,0,0,1,0
1063.0,1,7.0,1,0.74,0,1,0,0
1137.0,1,10.8,1,3.57,1,0,0,0
231.0,0,14.1,0,4.74,1,0,0,3
951.0,1,16.2,0,3.1,0,0,0,0
619.0,1,2.9,1,0.5,1,1,0,0
414.0,0,17.8,0,4.47,0,0,0,3
253.0,1,2.7,0,1.49,1,1,0,0
523.0,1,9.2,0,4.5,0,1,1,0
970.0,0,11.0,0,1.68,1,0,1,3
1033.0,0,3.1,0,4.2,0,0,1,3
876.0,0,2.5,0,4.07,0,1,1,3
396.0,0,9.7,1,1.37,1,1,0,3
585.0,1,9.5,1,2.5,1,0,1,0
340.0,0,19.0,1,0.04,0,1,1,3
240.0,0,17.2,0,3.2,0,0,1,3
370.0,1,6.8,0,1.09,0,1,1,0
667.0,1,11.6,0,3.03,0,0,0,0
599.0,0,20.7,0,3.64,0,1,1,3
520.0,0,13.5,0,0.87,1,0,0,3
575.0,0,16.7,1,0.2,0,1,0,3
605.0,0,7.0,0,1.74,0,1,1,3
1130.0,0,11.4,0,2.6,1,1,1,3
676.0,1,1.6,0,4.4,1,1,0,0
565.0,1,13.3,0,4.2,1,1,1,0
220.0,1,14.0,1,4.73,0,0,1,0
1160.0,1,15.9,1,4.83,1,1,1,0
350.0,1,13.9,1,0.52,0,0,0,0
352.0,0,17.3,1,0.9,1,0,0,3
1073.0,1,10.8,0,0.33,1,1,1,0
622.0,0,21.2,0,4.54,0,0,1,3
492.0,0,22.9,1,4.56,0,1,1,3
490.0,1,11.2,0,0.08,0,0,1,0
469.0,0,13.7,1,4.04,0,1,0,3
497.0,0,20.1,1,1.48,1,1,0,3
497.0,1,15.2,1,0.51,1,0,0,0
703.0,0,3.7,0,4.51,0,1,1,3
484.0,0,12.1,1,1.22,0,0,0,3
484.0,1,4.4,0,2.44,1,1,0,0
477.0,1,10.5,1,1.42,1,1,1,0
556.0,1,22.3,1,3.36,0,1,1,0
883.0,0,6.3,0,4.95,0,0,0,3
1137.0,0,6.1,1,0.55,0,0,0,3
1121.0,0,4.1,1,0.13,0,1,0,3
746.0,0,4.3,1,0.15,0,1,0,3
495.0,1,2.7,0,1.03,0,0,1,0
754.0,0,22.7,1,2.86,0,0,0,3
646.0,0,5.9,1,1.76,0,1,0,3
899.0,0,21.3,1,0.17,0,1,0,3
609.0,1,10.8,0,3.73,0,0,0,0
825.0,1,2.1,0,1.43,0,0,0,0
879.0,1,4.3,1,4.98,0,0,0,0
1003.0,1,13.8,0,3.0,1,1,1,0
864.0,1,16.9,0,4.28,1,1,1,0
1028.0,0,10.6,0,4.9,0,0,0,3
911.0,1,23.9,1,4.18,1,1,0,0
1033.0,0,2.6,0,2.37,0,1,1,3
618.0,1,20.5,0,2.59,1,0,0,0
980.0,1,20.0,0,4.69,0,0,1,0
1109.0,1,2.2,0,3.7,1,0,1,0
276.0,1,9.6,0,2.07,1,1,1,0
794.0,1,6.4,0,0.68,1,1,1,0
291.0,0,14.0,1,4.97,1,0,0,3
739.0,1,12.7,1,4.01,0,1,1,0
286.0,0,20.6,1,4.56,1,1,1,3
852.0,1,22.3,1,3.97,0,1,1,0
542.0,0,12.5,0,0.34,1,1,1,3
324.0,0,17.3,1,4.47,1,0,0,3
955.0,1,17.1,1,1.09,1,1,1,0
554.0,0,23.1,0,0.59,1,1,1,3
621.0,0,1.3,0,0.3,0,0,0,3
593.0,0,4.4,1,2.1,1,0,0,3
603.0,0,11.2,1,3.44,0,1,1,3
560.0,0,23.9,0,2.37,1,0,0,3
1138.0,1,1.3,1,2.16,0,1,1,0
838.0,1,15.2,1,4.46,1,0,1,0
483.0,0,11.4,0,1.06,1,0,1,3
986.0,0,1.1,1,1.21,0,0,0,3
238.0,0,9.6,1,0.75,0,1,0,3
557.0,0,22.9,0,4.8,0,0,1,3
560.0,1,2.6,1,4.74,0,1,1,0
606.0,1,13.6,1,0.39,1,1,1,0
738.0,0,15.9,0,2.69,1,0,0,3
366.0,0,21.7,0,0.74,0,0,1,3
1023.0,1,7.0,0,3.32,1,1,1,0
815.0,0,15.1,0,0.88,1,0,1,3
1132.0,1,14.5,0,1.96,0,1,1,0
839.0,1,20.3,0,4.53,1,0,1,0
450.0,1,18.4,1,2.67,0,1,0,0
346.0,1,14.1,1,1.84,0,0,1,0
643.0,1,17.4,1,1.51,1,1,0,0
367.0,1,21.3,0,2.21,0,1,0,0
1163.0,1,1.6,0,2.08,0,1,1,0
1096.0,0,6.8,1,3.59,1,1,1,3
316.0,1,6.1,0,3.89,0,1,1,0
1122.0,1,16.0,1,0.28,1,0,0,0
849.0,0,10.5,0,1.88,0,0,0,3
387.0,0,9.5,1,1.42,0,1,0,3
807.0,0,16.6,0,0.32,0,1,1,3
423.0,0,17.6,0,3.56,0,1,0,3
296.0,1,15.9,0,4.07,0,0,1,0
439.0,0,23.0,0,2.07,0,0,1,3
560.0,0,18.1,0,2.59,1,1,0,3
1024.0,0,18.8,1,2.45,0,0,0,3
394.0,0,8.4,0,4.3,1,0,0,3
1115.0,0,22.9,1,0.54,0,1,0,3
249.0,1,7.6,0,2.13,1,0,1,0
448.0,1,20.0,0,1.72,1,1,0,0
1121.0,1,13.7,0,1.87,1,1,1,0
871.0,1,10.4,1,2.64,0,1,1,0
990.0,0,5.5,1,4.61,0,1,1,3
1075.0,1,9.6,1,1.59,0,1,0,0
358.0,1,9.3,0,1.28,1,0,0,0
1108.0,0,19.4,1,1.71,0,1,1,3
1047.0,1,17.9,1,0.74,1,0,1,0
887.0,0,4.1,0,0.94,1,1,0,3
1193.0,0,21.2,0,4.85,1,1,1,3
1162.0,0,21.4,1,3.46,1,1,0,3
538.0,0,5.0,0,3.6,0,1,1,3
1039.0,0,20.5,0,0.27,1,1,0,3
354.0,1,9.0,1,0.17,0,1,0,0
594.0,0,11.9,0,1.29,0,0,1,3
952.0,0,18.7,0,0.27,0,0,1,3
809.0,0,21.0,0,1.17,0,1,0,3
709.0,1,10.2,1,3.9,1,1,1,0
321.0,0,8.6,1,3.94,1,0,0,3
644.0,0,12.5,0,0.25,0,1,1,3
227.0,1,5.3,0,3.06,1,0,1,0
608.0,1,17.6,1,0.69,1,0,1,0
502.0,1,23.3,1,3.29,1,1,1,0
938.0,1,1.0,0,2.11,0,0,1,0
1100.0,0,10.6,1,1.9,0,1,0,3
1142.0,1,8.2,1,4.23,0,0,0,0
740.0,0,20.9,1,1.79,1,0,0,3
920.0,0,16.8,1,2.0,1,1,0,3
521.0,1,14.1,0,0.81,0,0,1,0
679.0,0,19.6,1,3.37,0,1,0,3
845.0,0,6.0,1,3.88,1,0,1,3
260.0,0,3.2,0,0.96,0,0,1,3
315.0,1,8.1,1,3.14,1,1,0,0
605.0,0,17.0,0,0.49,1,0,0,3
742.0,1,11.1,1,4.04,1,0,1,0
321.0,1,15.3,1,1.21,0,0,0,0
506.0,0,6.8,0,4.2,1,0,0,3
803.0,1,2.4,0,3.05,0,0,0,0
600.0,1,5.7,1,4.17,1,0,1,0
1188.0,1,23.8,0,2.49,0,0,1,0
354.0,1,14.0,1,1.32,1,0,1,0
587.0,1,16.3,0,4.63,1,0,1,0
551.0,0,15.7,0,3.43,0,0,1,3
532.0,1,2.6,0,2.97,1,1,1,0
1034.0,0,3.7,1,1.37,0,1,1,3
363.0,1,22.3,0,2.72,1,1,1,0
684.0,1,15.6,1,0.2,0,1,0,0
502.0,1,21.6,1,4.24,0,0,1,0
412.0,1,18.5,0,3.08,0,0,1,0
310.0,0,23.9,1,1.92,1,0,1,3
683.0,0,8.9,0,0.33,1,1,1,3
955.0,1,7.4,1,4.06,0,0,1,0
309.0,1,10.3,0,3.52,0,1,1,0
261.0,1,12.4,0,3.29,0,1,0,0
865.0,0,10.1,1,3.27,0,0,0,3
201.0,0,10.1,0,1.03,0,0,0,3
503.0,0,14.5,1,1.74,1,1,1,3
222.0,1,6.7,0,2.93,1,1,0,0
1061.0,0,15.3,1,2.48,0,1,1,3
341.0,1,10.5,0,4.23,1,0,1,0
571.0,1,11.3,0,1.77,1,1,0,0
708.0,1,17.2,1,4.62,1,1,0,0
1052.0,0,21.2,0,1.26,1,0,0,3
277.0,1,20.0,0,4.79,1,1,1,0
868.0,1,19.2,0,4.86,1,1,0,0
945.0,1,16.6,0,0.82,1,1,0,0
1184.0,0,16.1,0,2.57,0,0,0,3
383.0,0,7.1,1,2.22,0,1,0,3
909.0,0,19.1,0,1.78,1,1,1,3
1144.0,0,5.2,0,1.19,0,1,1,3
875.0,1,9.4,0,4.15,1,0,0,0
280.0,0,22.1,1,3.83,0,1,0,3
427.0,1,1.5,0,2.45,0,1,1,0
746.0,1,13.1,1,2.12,0,0,1,0
372.0,0,6.0,1,1.11,0,0,1,3
941.0,0,6.4,1,4.11,1,0,0,3
604.0,1,7.8,0,0.95,0,0,0,0
1159.0,0,18.9,0,0.31,1,1,1,3
863.0,1,2.6,1,1.02,1,0,0,0
844.0,1,18.6,1,1.72,0,1,1,0
1046.0,0,12.3,0,1.07,0,1,1,3
657.0,1,6.5,0,1.6,1,1,1,0
677.0,0,14.0,0,2.76,0,0,0,3
682.0,1,5.5,1,0.7,1,0,1,0
1048.0,0,20.9,1,3.37,0,1,0,3
477.0,0,18.7,0,0.48,1,1,0,3
1118.0,0,8.1,1,2.15,1,1,1,3
446.0,1,3.9,0,4.91,0,0,1,0
756.0,0,22.9,0,4.24,1,0,0,3
538.0,0,21.2,0,0.21,1,0,1,3
990.0,1,11.6,1,3.47,1,1,0,0
1187.0,1,17.2,1,2.6,0,1,0,0
723.0,0,17.2,0,1.7,0,0,0,3
712.0,1,8.0,1,3.56,0,1,1,0
724.0,0,12.3,1,4.51,1,0,1,3
619.0,1,4.0,1,4.23,1,1,1,0
922.0,1,19.7,1,1.4,0,1,0,0
966.0,0,7.3,1,0.65,1,0,1,3
827.0,0,17.1,1,1.41,0,0,0,3
264.0,1,12.1,0,3.54,1,1,0,0
474.0,1,10.3,1,1.68,1,1,1,0
757.0,0,2.9,1,1.44,1,0,0,3
300.0,1,4.4,0,4.19,1,1,1,0
805.0,0,18.7,0,4.79,1,1,0,3
327.0,0,22.2,1,2.85,0,1,1,3
1104.0,0,24.0,1,3.61,0,0,1,3
1179.0,1,8.4,0,1.42,1,0,0,0
476.0,0,1.4,1,0.32,1,0,1,3
760.0,0,8.1,0,0.53,0,0,1,3
894.0,0,13.0,0,1.09,1,0,0,3
616.0,0,23.7,1,0.27,1,0,0,3
561.0,1,7.7,0,1.98,1,0,1,0
1021.0,1,13.3,1,0.34,1,0,1,0
795.0,1,22.5,1,3.13,0,1,1,0
337.0,1,1.4,0,0.18,1,1,1,0
1134.0,0,1.5,1,4.95,1,1,1,3
876.0,0,8.3,0,2.94,0,1,1,3
1137.0,0,16.4,0,2.04,1,1,1,3
438.0,1,6.7,1,0.59,0,0,0,0
616.0,1,16.9,1,2.04,1,0,1,0
627.0,0,18.0,1,2.18,1,1,1,3
306.0,1,3.2,1,1.46,0,0,0,0
391.0,0,17.5,0,4.74,0,0,1,3
1060.0,0,5.9,0,0.16,0,1,0,3
414.0,1,22.9,1,0.61,1,1,1,0
301.0,0,15.8,1,4.94,0,0,1,3
1028.0,0,19.6,0,0.8,1,1,1,3
1119.0,1,2.3,0,1.86,0,1,1,0
1084.0,1,3.4,0,4.4,0,1,0,0
851.0,0,15.3,0,1.57,0,1,1,3
681.0,0,7.3,1,4.27,0,0,0,3
509.0,0,19.3,1,2.63,0,1,0,3
536.0,1,1.7,0,0.03,0,1,0,0
359.0,0,11.3,0,2.0,1,0,0,3
1114.0,1,17.7,1,2.68,1,1,1,0
889.0,1,16.5,0,2.51,1,0,1,0
714.0,0,16.0,1,2.72,0,0,0,3
416.0,0,14.5,0,1.0,0,1,0,3
410.0,1,5.2,0,0.64,0,1,0,0
731.0,1,23.2,1,2.44,0,1,1,0
695.0,1,13.5,1,1.28,1,1,1,0
1084.0,1,2.7,0,4.85,1,1,1,0
1163.0,1,4.0,0,0.73,0,1,1,0
790.0,1,8.9,0,0.11,1,0,1,0
996.0,1,17.7,0,4.65,1,0,1,0
771.0,0,1.4,1,2.67,1,0,1,3
428.0,0,5.4,0,2.11,0,0,0,3
457.0,0,6.5,0,1.74,0,1,1,3
885.0,1,6.1,0,4.18,0,0,1,0
236.0,1,21.7,0,1.93,0,1,1,0
892.0,1,21.9,0,1.25,1,1,1,0
883.0,1,9.0,1,0.46,0,1,0,0
317.0,0,19.0,1,1.28,0,0,1,3
1007.0,1,6.4,0,4.38,0,1,0,0
252.0,1,3.0,1,4.42,0,0,0,0
378.0,1,6.0,1,0.18,0,1,1,0
365.0,1,7.8,0,1.65,1,0,1,0
338.0,1,6.5,0,1.83,1,1,1,0
778.0,1,3.7,1,3.72,0,1,0,0
985.0,0,8.3,0,1.06,0,0,1,3
742.0,0,23.6,1,4.63,0,0,1,3
569.0,1,7.2,0,1.03,1,0,1,0
1104.0,1,15.7,0,3.01,0,1,0,0
572.0,0,19.3,1,3.75,1,1,1,3
780.0,1,6.5,0,3.2,1,1,1,0
1121.0,0,20.1,1,4.76,1,1,1,3
1025.0,0,19.2,0,0.87,0,0,0,3
521.0,1,8.8,0,3.04,0,1,0,0
667.0,0,21.7,0,3.51,1,1,1,3
670.0,0,12.6,1,3.96,1,1,0,3
871.0,0,13.5,1,2.55,0,1,0,3
261.0,1,22.5,0,2.8,1,0,1,0
1053.0,1,1.6,1,4.72,1,1,1,0
851.0,0,20.1,1,4.22,0,0,0,3
851.0,0,2.9,0,4.35,1,1,0,3
242.0,1,1.8,1,4.47,0,1,1,0
392.0,1,15.9,0,4.04,1,1,1,0
626.0,0,3.2,1,1.16,1,0,1,3
270.0,0,16.3,1,0.39,1,1,1,3
952.0,0,4.8,1,4.77,1,0,0,3
588.0,1,3.4,1,3.93,1,1,1,0
971.0,1,13.0,0,4.95,1,1,1,0
442.0,1,21.1,0,1.98,1,0,0,0
1178.0,1,3.3,0,3.54,0,0,1,0
678.0,0,4.6,0,3.45,0,0,1,3
228.0,0,10.5,1,2.07,0,1,0,3
676.0,1,8.3,0,2.8,0,1,1,0
843.0,0,13.1,1,1.9,1,0,0,3
316.0,0,1.5,1,2.97,1,1,0,3
243.0,0,23.1,0,1.26,1,0,1,3
701.0,1,5.1,0,1.56,1,0,0,0
746.0,1,19.5,1,2.19,0,1,1,0
614.0,1,22.8,0,4.62,1,0,0,0
698.0,1,6.3,1,4.32,1,0,0,0
1091.0,1,14.8,0,3.76,0,0,0,0
317.0,0,21.2,0,0.57,0,1,0,3
1122.0,1,23.1,0,0.73,1,0,0,0
396.0,0,14.8,1,1.55,1,1,0,3
796.0,1,12.3,0,1.05,0,0,0,0
686.0,1,15.3,1,1.83,1,1,1,0
945.0,0,15.4,1,2.83,0,1,1,3
543.0,0,23.3,0,0.94,1,0,1,3
1163.0,0,6.2,1,1.37,0,1,0,3
317.0,0,24.0,1,3.4,1,1,1,3
805.0,1,10.9,1,0.64,0,1,0,0
736.0,1,10.7,1,2.47,1,0,1,0
214.0,1,19.5,0,0.03,0,0,0,0
362.0,0,10.7,0,0.92,1,0,1,3
1144.0,1,15.4,0,3.06,1,0,1,0
675.0,0,1.7,0,4.7,1,0,0,3
503.0,1,12.1,0,0.47,0,1,1,0
640.0,0,7.2,1,2.66,0,1,1,3
295.0,1,18.6,1,4.79,1,1,1,0
1134.0,0,2.5,1,4.92,1,1,0,3
557.0,1,13.0,0,1.31,1,1,0,0
928.0,0,16.7,1,3.55,0,1,1,3
264.0,1,11.0,1,0.85,1,0,1,0
1001.0,0,14.7,1,1.1,1,0,1,3
585.0,1,17.2,0,4.12,0,0,1,0
750.0,0,6.0,1,4.24,1,0,1,3
1051.0,0,3.1,0,4.67,0,0,1,3
748.0,0,15.1,1,0.66,1,1,0,3
944.0,0,9.6,0,2.47,1,0,1,3
230.0,0,15.6,0,1.6,1,0,0,3
740.0,0,20.6,1,1.89,1,1,1,3
670.0,1,14.3,1,4.16,0,0,0,0
550.0,0,18.2,0,3.9,0,0,1,3
314.0,1,10.9,1,4.75,0,0,0,0
225.0,1,22.8,1,4.06,0,1,1,0
665.0,1,6.8,0,2.84,0,1,0,0
538.0,1,20.3,0,3.53,1,0,1,0
222.0,0,19.8,0,4.46,0,0,1,3
994.0,0,12.3,1,0.8,1,0,0,3
1134.0,1,1.4,0,2.39,0,0,0,0
275.0,0,6.8,0,1.61,1,1,1,3
1009.0,1,20.5,1,3.07,0,1,0,0
356.0,1,12.2,0,0.98,1,0,0,0
444.0,1,11.4,1,1.68,0,0,0,0
311.0,0,18.1,0,3.03,1,1,1,3
775.0,0,6.7,0,4.43,1,0,1,3
587.0,1,19.2,0,2.51,0,1,0,0
1068.0,0,16.4,0,4.54,1,0,0,3
798.0,1,2.4,0,2.29,0,0,0,0
422.0,1,14.9,1,0.63,0,0,1,0
973.0,0,12.2,1,2.64,1,0,0,3
1056.0,1,12.4,0,2.7,1,0,0,0
452.0,0,4.5,1,1.86,0,1,1,3
562.0,0,19.7,1,1.75,1,1,0,3
928.0,0,15.8,0,0.23,0,0,0,3
903.0,1,17.9,1,3.04,1,1,0,0
1061.0,0,20.9,1,0.81,0,1,1,3
856.0,0,19.9,0,3.6,1,0,1,3
428.0,0,19.6,1,2.63,0,0,1,3
592.0,0,4.1,0,0.94,1,0,1,3
601.0,0,1.8,0,0.96,0,1,0,3
596.0,0,1.9,1,3.46,1,0,0,3
433.0,1,7.3,0,3.75,1,1,1,0
706.0,0,8.2,1,3.44,1,0,0,3
685.0,1,18.1,1,0.85,0,0,1,0
791.0,1,5.9,0,3.15,0,0,0,0
1161.0,1,21.2,1,4.39,0,1,1,0
243.0,1,22.5,0,1.98,1,1,0,0
1013.0,1,7.4,1,3.96,0,1,1,0
592.0,0,5.0,0,0.06,0,1,1,3
295.0,0,10.9,1,0.54,0,0,1,3
1024.0,1,2.6,1,0.6,0,1,0,0
744.0,1,22.4,0,3.81,1,0,1,0
482.0,1,1.4,0,3.26,0,0,1,0
478.0,0,23.4,1,0.29,0,1,0,3
526.0,1,4.3,1,2.81,1,0,0,0
1152.0,1,9.6,1,1.61,1,1,0,0
370.0,1,4.0,1,1.05,1,0,0,0
207.0,0,3.2,1,3.42,1,0,1,3
1126.0,1,14.6,0,2.78,1,1,1,0
1115.0,0,5.5,1,2.38,1,1,1,3
771.0,1,18.3,0,3.2,0,0,0,0
949.0,0,16.0,1,3.35,1,1,1,3
635.0,1,13.9,1,0.71,1,0,0,0
242.0,1,18.6,0,2.76,0,0,0,0
431.0,0,6.0,0,1.75,1,0,0,3
1072.0,1,23.2,0,1.89,0,1,1,0
831.0,0,18.5,0,0.09,1,1,0,3
686.0,1,11.3,1,0.47,1,1,0,0
1187.0,1,17.3,1,0.41,1,0,0,0
676.0,0,15.3,1,0.18,0,1,0,3
466.0,1,9.1,0,0.12,1,1,1,0
365.0,1,9.6,0,3.25,0,1,1,0
517.0,1,6.7,1,3.85,1,1,0,0
807.0,0,7.6,1,2.02,0,1,1,3
997.0,0,15.4,1,2.47,0,0,1,3
1132.0,1,11.3,1,4.66,1,1,1,0
732.0,0,22.3,1,2.46,1,0,0,3
465.0,1,3.2,0,4.6,1,1,0,0
1078.0,1,11.8,0,4.72,1,1,1,0
1075.0,0,8.0,0,1.0,1,0,0,3
872.0,0,11.9,1,4.66,1,1,1,3
1152.0,1,15.9,0,1.18,1,1,1,0
571.0,0,10.3,1,1.89,0,0,0,3
828.0,1,11.7,1,4.3,0,1,1,0
640.0,1,17.2,1,1.89,1,1,0,0
943.0,0,11.4,1,2.09,1,0,1,3
365.0,1,6.6,1,2.87,0,0,0,0
1074.0,1,23.9,1,3.03,1,1,1,0
1089.0,1,23.3,0,2.25,1,1,1,0
838.0,0,19.2,1,0.55,0,0,0,3
395.0,1,8.0,1,4.04,1,1,1,0
893.0,1,3.9,0,2.13,0,1,1,0
792.0,1,19.0,0,4.99,0,1,0,0
211.0,0,20.3,1,2.8,1,1,1,3
480.0,0,13.5,1,0.66,1,1,1,3
268.0,0,1.7,1,3.85,1,1,0,3
707.0,1,1.9,0,2.04,0,0,0,0
339.0,1,2.4,1,3.29,1,1,0,0
529.0,0,20.2,0,4.34,1,0,1,3
381.0,0,12.3,1,1.68,0,0,0,3
1160.0,1,21.1,1,4.27,1,0,0,0
391.0,1,17.5,1,1.24,1,1,1,0
554.0,0,15.4,1,4.47,1,1,0,3
296.0,1,2.8,1,1.99,0,1,1,0
1187.0,0,17.4,0,0.9,0,0,1,3
736.0,1,2.1,1,4.28,1,0,1,0
472.0,1,5.6,0,2.5,0,1,1,0
937.0,0,2.1,0,3.5,0,0,0,3
234.0,0,18.4,1,2.0,0,1,1,3
864.0,1,16.9,0,1.84,0,0,1,0
620.0,0,22.2,1,2.32,0,0,0,3
257.0,0,20.5,0,3.87,1,0,1,3
609.0,0,3.5,0,0.47,1,1,0,3
267.0,1,17.9,1,2.02,1,0,1,0
1154.0,0,22.8,0,2.68,0,1,0,3
975.0,0,1.0,0,4.71,0,1,1,3
718.0,1,4.0,0,4.33,0,1,1,0
552.0,0,17.3,0,1.61,0,0,0,3
479.0,1,21.0,1,2.66,1,0,0,0
714.0,0,13.7,0,3.28,1,0,0,3
1162.0,0,16.4,0,0.08,0,0,1,3
738.0,1,8.3,1,0.24,0,1,1,0
1047.0,0,5.8,1,2.05,1,0,1,3
208.0,0,2.4,1,1.13,0,0,1,3
564.0,0,12.1,0,0.88,0,0,0,3
478.0,0,9.0,1,2.85,1,0,0,3
211.0,1,7.5,1,4.55,1,0,1,0
460.0,1,19.9,0,1.18,1,0,1,0
455.0,1,7.8,0,3.67,0,1,0,0
438.0,0,8.6,1,1.01,0,1,1,3
207.0,0,16.8,1,3.95,1,0,1,3
323.0,0,1.7,1,0.31,1,0,0,3
319.0,0,9.5,0,3.81,1,0,0,3
796.0,0,9.6,1,0.17,0,1,0,3
543.0,0,13.5,0,4.81,1,1,1,3
745.0,1,16.1,1,2.76,1,1,1,0
560.0,1,9.3,1,1.17,0,0,0,0
811.0,0,23.7,0,1.28,0,0,1,3
756.0,1,14.4,0,0.07,1,0,1,0
988.0,0,5.0,1,3.04,0,0,0,3
1025.0,0,2.7,1,0.83,0,0,1,3
641.0,1,12.3,1,4.14,0,1,1,0
1012.0,0,15.6,1,2.37,1,1,1,3
346.0,0,1.9,1,2.16,1,1,0,3
652.0,0,15.5,1,2.94,1,0,1,3
444.0,0,6.1,1,4.05,1,0,1,3
1178.0,1,10.6,1,1.78,0,0,0,0
613.0,0,18.2,0,2.99,0,0,0,3
786.0,0,11.0,0,4.09,1,0,0,3
1021.0,0,2.8,1,3.18,1,0,1,3
605.0,0,7.9,1,0.84,0,0,0,3
607.0,1,5.2,0,1.09,1,0,0,0
700.0,0,1.0,0,0.63,1,1,0,3
1099.0,0,7.5,0,3.74,1,0,0,3
596.0,1,22.5,1,1.04,1,1,1,0
365.0,1,6.3,0,1.17,1,0,0,0
374.0,0,8.0,1,0.29,0,0,0,3
698.0,0,22.4,1,2.49,1,1,1,3
913.0,1,15.7,0,3.01,1,1,0,0
615.0,0,18.0,1,0.88,0,1,0,3
731.0,1,20.5,1,2.55,0,1,0,0
688.0,0,12.9,0,3.69,0,0,0,3
1054.0,0,9.8,1,3.04,0,0,0,3
313.0,0,6.7,1,0.82,1,1,0,3
1000.0,1,3.1,1,4.28,0,0,0,0
305.0,0,21.7,1,1.99,0,1,0,3
590.0,0,4.7,1,4.59,1,0,1,3
922.0,0,22.4,0,4.32,1,1,1,3
691.0,0,11.3,0,3.2,1,1,1,3
253.0,1,14.4,1,2.51,0,1,0,0
309.0,0,8.2,1,4.35,0,0,0,3
1145.0,1,1.1,0,2.97,0,0,1,0
554.0,1,14.8,0,2.75,1,1,1,0
880.0,0,22.9,1,1.82,1,0,1,3
263.0,1,4.9,0,3.97,1,0,1,0
1145.0,0,14.4,0,4.33,1,0,1,3
930.0,1,11.7,0,3.0,0,1,0,0
779.0,1,19.4,1,2.95,0,0,0,0
862.0,1,19.3,1,3.63,1,0,1,0
324.0,1,14.0,0,3.31,0,0,1,0
1130.0,1,17.3,0,3.24,1,0,1,0
1192.0,0,7.6,0,1.93,1,1,0,3
417.0,1,1.7,0,1.74,1,0,0,0
831.0,1,17.4,0,1.5,0,1,1,0
885.0,1,1.1,1,3.27,0,0,0,0
576.0,1,22.6,1,4.33,1,0,1,0
1137.0,0,3.0,0,1.3,0,1,0,3
406.0,1,11.2,1,3.25,0,1,0,0
517.0,0,18.3,1,2.57,0,1,0,3
768.0,0,13.7,0,2.71,0,1,1,3
393.0,1,14.1,0,1.3,0,1,0,0
338.0,1,10.6,1,4.45,1,0,0,0
766.0,1,9.4,1,0.34,0,1,1,0
718.0,0,2.4,0,1.1,0,0,0,3
662.0,1,10.8,1,4.13,0,1,1,0
1106.0,1,5.9,1,3.56,0,1,1,0
892.0,1,11.2,1,0.63,0,0,0,0
1134.0,1,14.4,0,1.45,1,1,0,0
294.0,1,18.6,1,0.11,1,1,1,0
566.0,1,21.1,0,1.79,0,0,1,0
247.0,1,19.5,0,3.61,1,0,1,0
900.0,1,1.1,1,2.54,0,1,1,0
1098.0,1,17.5,1,3.12,1,1,0,0
842.0,0,12.6,1,3.9,0,0,0,3
476.0,0,3.9,0,4.54,1,0,1,3
522.0,0,15.4,1,1.16,1,1,1,3
302.0,1,6.8,1,4.48,0,1,1,0
879.0,0,3.8,0,4.95,1,0,1,3
729.0,0,20.5,0,4.62,0,1,0,3
467.0,1,1.7,1,2.52,0,0,0,0
952.0,0,17.3,0,2.6,0,0,0,3
1178.0,1,22.7,1,1.36,0,0,1,0
560.0,1,19.6,0,4.67,0,0,0,0
316.0,1,11.8,0,3.92,0,0,0,0
797.0,0,19.9,1,3.2,1,0,0,3
861.0,0,15.3,1,0.27,0,1,1,3
794.0,0,9.1,0,4.79,0,0,0,3
620.0,1,14.0,0,2.93,1,0,0,0
926.0,1,13.1,1,4.73,1,0,0,0
509.0,1,14.0,1,4.21,1,1,0,0
571.0,0,12.3,0,1.44,0,0,1,3
1153.0,0,11.1,1,4.18,0,0,1,3
909.0,0,19.6,0,0.65,0,0,0,3
205.0,0,23.8,1,3.71,1,0,1,3
568.0,0,21.1,1,2.87,1,1,1,3
996.0,0,23.8,0,4.37,0,0,1,3
1094.0,0,9.4,1,2.27,1,1,1,3
389.0,1,17.5,1,1.0,1,1,0,0
1009.0,1,6.7,1,1.82,0,1,0,0
510.0,0,4.7,0,0.06,0,0,1,3
651.0,1,17.9,0,2.96,0,0,1,0
620.0,1,6.6,0,0.02,1,0,0,0
665.0,0,1.1,0,3.62,1,1,0,3
405.0,1,1.5,0,0.03,0,1,0,0
220.0,0,23.7,0,0.57,1,1,1,3
413.0,0,11.9,0,2.87,0,0,0,3
869.0,1,5.4,1,2.39,0,0,1,0
623.0,0,22.7,1,3.59,1,1,0,3
368.0,0,5.8,1,0.56,0,0,0,3
1007.0,1,23.3,1,1.98,0,0,0,0
501.0,0,14.9,1,3.93,1,0,1,3
741.0,1,5.7,1,0.68,1,1,0,0
323.0,0,10.0,1,4.7,0,0,1,3
467.0,1,13.9,1,4.9,0,1,0,0
510.0,0,1.7,0,0.55,0,0,1,3
773.0,1,9.3,0,1.06,1,1,0,0
500.0,0,7.8,0,2.51,0,0,1,3
672.0,0,4.5,0,2.45,0,0,0,3
576.0,0,21.1,1,2.63,0,1,0,3
1011.0,0,4.0,0,4.74,1,1,1,3
1136.0,0,11.6,0,1.0,1,1,0,3
1186.0,0,8.3,0,1.79,0,0,1,3
779.0,1,19.1,0,1.15,0,0,1,0
846.0,0,22.3,1,3.14,0,0,0,3
270.0,1,5.8,1,3.73,0,1,1,0
221.0,1,2.0,0,1.08,1,0,0,0
704.0,0,17.0,1,3.82,0,1,0,3
1107.0,0,19.3,1,3.54,1,0,1,3
399.0,0,7.9,1,1.33,0,1,1,3
548.0,1,14.7,0,0.3,1,1,1,0
833.0,1,18.5,0,3.46,0,0,0,0
921.0,1,3.6,0,3.27,0,1,1,0
565.0,0,13.9,1,4.3,1,0,0,3
477.0,1,4.1,0,2.36,0,1,1,0
215.0,1,22.0,1,2.34,0,1,1,0
222.0,1,4.2,0,2.65,1,0,1,0
596.0,1,2.8,0,4.25,0,1,1,0
437.0,0,18.2,1,2.0,0,1,0,3
765.0,1,8.8,1,0.51,0,1,1,0
374.0,0,23.5,0,0.95,1,0,1,3
479.0,1,21.2,1,0.54,1,0,1,0
696.0,1,9.1,1,0.31,1,0,1,0
1075.0,0,8.4,0,0.77,1,0,1,3
1160.0,0,16.9,0,2.19,0,0,1,3
1089.0,0,5.2,0,4.01,0,1,0,3
262.0,0,17.6,0,2.74,1,0,1,3
541.0,1,18.7,1,2.42,1,0,1,0
511.0,1,11.2,1,0.21,0,1,0,0
202.0,1,22.3,0,2.03,1,1,0,0
609.0,1,17.7,0,2.29,1,0,0,0
537.0,0,19.4,1,3.06,0,0,0,3
493.0,1,16.0,1,3.69,0,1,1,0
974.0,1,10.2,1,2.93,1,1,0,0
628.0,1,15.8,1,3.36,0,0,1,0
1011.0,0,2.6,1,0.12,0,1,1,3
211.0,0,8.8,0,1.2,0,1,0,3
771.0,1,3.8,0,1.55,0,1,0,0
796.0,0,1.8,1,3.52,1,1,0,3
1122.0,0,16.7,0,1.5,1,1,1,3
1023.0,0,22.2,1,2.5,1,0,0,3
1165.0,0,13.5,0,3.55,0,0,0,3
914.0,1,23.4,0,2.0,0,0,1,0
1096.0,1,21.2,0,2.14,0,0,0,0
1002.0,1,14.3,0,2.6,1,0,0,0
205.0,1,11.5,0,2.67,1,0,0,0
246.0,1,15.4,1,2.0,1,0,0,0
772.0,0,14.9,1,4.9,1,0,1,3
1140.0,1,4.4,0,2.58,0,1,1,0
245.0,0,22.9,1,3.92,0,0,0,3
916.0,1,16.8,1,2.2,0,1,0,0
705.0,0,9.8,1,0.94,0,1,0,3
672.0,1,6.8,0,1.53,0,0,0,0
1135.0,1,17.5,1,1.89,0,1,1,0
352.0,1,11.3,0,3.89,1,1,1,0
1075.0,0,15.9,1,4.56,1,1,0,3
511.0,0,13.6,1,2.01,0,1,1,3
365.0,0,10.2,0,1.71,0,0,1,3
728.0,0,15.3,0,0.02,1,0,0,3
598.0,0,7.3,0,4.44,1,0,0,3
471.0,0,11.2,1,2.0,1,1,0,3
1166.0,0,7.1,1,3.12,0,0,1,3
340.0,0,19.0,0,2.93,1,0,1,3
380.0,1,2.1,1,1.31,0,0,1,0
1069.0,1,5.3,0,3.79,0,1,1,0
333.0,1,15.8,0,4.22,0,0,1,0
700.0,0,9.1,1,2.87,1,0,0,3
746.0,0,13.5,0,3.28,0,1,0,3
350.0,0,3.9,1,4.9,0,1,0,3
881.0,1,22.4,0,4.12,0,0,0,0
1146.0,1,7.8,1,0.25,0,0,1,0
544.0,1,21.5,1,2.41,0,1,0,0
756.0,1,11.1,0,2.44,1,1,0,0
995.0,1,18.1,0,4.87,0,0,1,0
386.0,1,12.6,0,4.56,0,1,1,0
561.0,1,15.4,0,4.54,1,1,1,0
576.0,0,4.8,0,2.22,1,0,0,3
361.0,0,4.8,0,0.95,0,1,0,3
866.0,0,4.3,0,2.76,0,0,0,3
933.0,0,10.5,0,0.29,0,1,1,3
689.0,1,15.8,0,2.18,0,0,0,0
649.0,1,20.6,1,2.53,0,1,1,0
533.0,0,14.3,0,1.89,0,1,1,3
566.0,0,8.4,1,2.43,1,0,0,3
864.0,1,19.6,0,3.79,1,1,1,0
866.0,1,5.3,1,2.85,1,1,0,0
901.0,0,18.1,0,3.27,0,0,1,3
808.0,1,17.4,1,0.98,1,0,0,0
772.0,1,17.2,0,2.21,0,0,0,0
1191.0,1,6.3,1,3.1,0,0,1,0
595.0,1,12.5,1,3.01,0,0,1,0
451.0,1,3.3,1,3.3,1,1,1,0
367.0,1,7.1,1,2.1,1,1,0,0
625.0,0,9.0,0,1.47,0,1,0,3
629.0,1,3.8,1,2.36,1,0,1,0
318.0,0,20.6,0,0.99,0,1,0,3
973.0,0,6.1,1,4.55,0,1,1,3
375.0,0,4.1,1,1.76,0,0,0,3
286.0,1,2.0,0,3.93,0,0,1,0
636.0,1,21.0,0,0.96,0,1,0,0
942.0,0,10.8,0,2.73,1,1,0,3
356.0,1,23.6,1,0.59,0,0,1,0
464.0,0,21.7,0,2.01,0,0,1,3
882.0,0,17.6,0,1.34,1,0,1,3
622.0,0,3.5,0,1.93,0,1,0,3
1145.0,1,14.1,0,3.4,1,1,1,0
1142.0,1,12.6,0,1.04,1,0,0,0
261.0,1,22.3,1,4.9,1,0,1,0
330.0,0,5.8,1,2.09,1,1,0,3
451.0,0,10.5,0,0.96,0,0,1,3
646.0,0,21.2,0,0.04,1,0,1,3
446.0,0,4.9,1,2.52,0,1,0,3
490.0,1,18.7,0,2.52,1,1,0,0
908.0,0,5.9,0,1.31,0,0,0,3
440.0,0,16.3,0,2.28,0,0,0,3
850.0,0,22.0,1,4.45,1,1,1,3
1070.0,0,9.9,1,0.67,1,0,1,3
213.0,0,19.1,0,3.72,1,0,0,3
1007.0,1,4.1,1,4.81,0,0,1,0
375.0,0,4.0,1,4.55,1,1,1,3
1075.0,1,8.0,1,4.45,0,0,1,0
695.0,1,18.9,0,2.23,1,0,0,0
979.0,0,10.6,0,1.57,0,0,1,3
489.0,1,6.3,1,2.55,1,0,1,0
664.0,1,19.1,1,3.1,0,0,1,0
960.0,0,19.0,1,1.65,1,1,0,3
549.0,1,18.0,0,2.09,1,0,1,0
529.0,1,23.1,1,4.39,1,1,0,0
378.0,0,20.5,0,1.23,1,0,0,3
528.0,0,7.0,1,4.77,1,1,0,3
993.0,1,11.2,1,0.99,0,0,0,0
1183.0,1,8.1,0,1.03,0,1,1,0
202.0,0,20.7,0,3.54,1,0,0,3
362.0,1,23.5,0,1.56,1,1,1,0
844.0,1,21.3,0,1.92,1,0,0,0
730.0,1,12.1,0,0.81,1,1,1,0
1149.0,1,10.5,0,1.66,1,1,1,0
449.0,0,21.9,1,1.77,1,0,1,3
295.0,0,5.1,0,3.78,0,1,1,3
234.0,0,14.9,0,0.88,0,1,1,3
634.0,1,20.3,0,1.69,0,0,0,0
473.0,1,12.3,1,2.5,1,0,1,0
521.0,0,20.8,0,3.42,1,0,1,3
851.0,0,4.8,1,2.42,1,1,1,3
787.0,0,1.1,1,2.56,0,1,0,3
535.0,0,22.0,1,1.09,0,1,0,3
642.0,0,19.6,1,2.65,0,0,0,3
530.0,1,20.6,1,3.51,1,1,1,0
666.0,1,1.6,1,1.28,0,1,1,0
232.0,1,19.3,1,4.25,1,0,0,0
684.0,0,19.8,1,2.37,0,1,0,3
422.0,0,7.4,1,0.15,1,1,1,3
541.0,1,20.7,1,4.78,0,1,1,0
886.0,0,17.6,1,0.54,1,1,1,3
788.0,0,1.3,0,2.43,0,0,0,3
885.0,0,23.5,0,4.48,1,0,1,3
1118.0,0,20.8,0,4.63,0,0,0,3
1128.0,0,11.5,1,4.29,0,0,0,3
625.0,1,16.3,1,1.78,1,1,1,0
1113.0,1,14.3,0,1.01,1,1,0,0
903.0,0,23.6,1,3.93,0,0,1,3
692.0,0,2.6,0,4.02,1,1,1,3
525.0,0,10.4,1,4.77,0,1,1,3
217.0,1,11.8,0,1.98,1,0,0,0
763.0,0,4.2,0,1.72,1,1,0,3
1013.0,0,8.4,0,4.97,1,1,1,3
648.0,1,21.9,1,2.39,0,0,0,0
992.0,0,14.3,0,4.29,0,1,1,3
753.0,1,22.8,0,2.52,0,1,0,0
1130.0,0,1.5,1,4.22,1,1,1,3
225.0,0,10.4,0,0.45,1,0,1,3
931.0,0,22.8,0,0.54,1,1,0,3
450.0,0,3.8,0,1.64,1,0,0,3
1048.0,1,7.5,1,3.77,0,1,1,0
502.0,1,3.6,0,2.24,0,1,1,0
480.0,0,2.4,1,1.11,0,0,0,3
555.0,1,13.6,0,1.45,1,1,0,0
643.0,0,20.7,1,1.75,0,0,1,3
362.0,0,23.4,0,2.77,0,0,0,3
1043.0,1,18.1,1,4.29,0,1,0,0
214.0,1,1.7,1,1.72,1,0,0,0
282.0,1,17.7,1,3.05,0,1,0,0
416.0,1,7.2,0,2.8,1,1,1,0
947.0,1,16.6,1,4.98,0,0,0,0
439.0,0,14.7,0,4.17,1,1,1,3
406.0,0,5.1,1,4.17,1,0,1,3
258.0,1,13.8,0,1.5,1,0,1,0
222.0,0,12.8,1,2.21,0,0,0,3
666.0,0,7.6,0,4.48,1,1,1,3
719.0,0,10.9,1,2.64,1,1,1,3
367.0,1,13.4,1,2.42,0,1,0,0
312.0,1,6.1,0,1.8,1,0,0,0
1044.0,0,15.4,1,3.85,0,1,1,3
239.0,1,21.5,0,3.93,1,0,0,0
329.0,0,2.4,1,0.73,1,0,0,3
358.0,0,7.4,1,0.41,0,0,0,3
374.0,0,7.9,1,4.14,0,0,0,3
857.0,1,3.1,1,3.15,1,0,1,0
853.0,1,15.1,1,2.36,0,0,0,0
631.0,0,4.8,1,2.98,0,0,0,3
1184.0,0,2.8,1,3.15,0,1,0,3
1093.0,1,9.5,1,2.93,1,1,1,0
962.0,0,17.3,0,4.4,1,0,0,3
274.0,1,3.2,0,2.09,0,0,0,0
576.0,1,7.8,1,2.91,1,0,0,0
409.0,0,18.4,1,4.43,1,0,0,3
711.0,0,22.9,0,0.69,0,0,0,3
452.0,0,20.0,1,0.62,1,1,0,3
469.0,1,16.6,0,1.75,1,0,0,0
424.0,1,16.3,0,1.34,1,0,0,0
744.0,1,4.0,1,3.73,1,1,0,0
721.0,0,12.2,1,3.87,0,0,0,3
786.0,1,5.6,1,1.74,1,1,0,0
393.0,1,19.0,1,2.15,0,0,0,0
1101.0,0,20.2,0,3.19,0,0,1,3
997.0,1,21.0,0,0.84,1,0,1,0
502.0,1,13.2,1,2.88,1,0,1,0
876.0,0,9.9,0,2.8,0,0,1,3
1187.0,0,5.8,0,0.8,0,1,0,3
597.0,1,4.6,0,1.68,1,1,0,0
662.0,0,2.0,1,4.95,0,0,0,3
218.0,1,4.9,1,1.57,1,1,0,0
1086.0,1,7.5,1,2.4,0,1,1,0
781.0,1,2.2,1,1.15,1,0,0,0
1061.0,1,17.5,0,3.88,0,0,0,0
451.0,0,8.6,0,2.76,0,0,0,3
306.0,0,22.8,0,2.32,1,1,0,3
981.0,1,17.1,0,2.16,1,1,0,0
377.0,1,3.2,1,4.7,0,1,0,0
1159.0,0,2.2,0,1.7,0,0,0,3
693.0,0,22.4,1,2.93,0,1,0,3
337.0,0,5.4,1,0.38,0,1,0,3
1188.0,0,18.4,0,1.32,0,0,1,3
223.0,0,16.5,0,4.37,1,1,0,3
486.0,0,11.8,0,4.51,1,0,1,3
1117.0,1,13.0,0,3.03,1,0,1,0
730.0,0,18.3,1,3.02,0,0,1,3
1112.0,0,12.1,0,4.97,1,1,1,3
1057.0,1,15.1,0,4.91,0,0,1,0
1197.0,0,8.8,1,0.69,1,1,1,3
710.0,0,11.8,0,3.71,0,0,0,3
605.0,0,5.7,0,4.46,0,0,1,3
490.0,0,18.4,1,1.73,1,1,0,3
295.0,0,8.6,1,2.47,0,0,1,3
981.0,1,6.8,0,1.07,0,1,0,0
1157.0,0,12.1,1,3.54,1,0,1,3
755.0,1,1.1,1,3.05,1,0,0,0
793.0,1,16.1,0,1.52,0,1,1,0
660.0,1,6.6,0,2.97,1,1,1,0
790.0,0,14.4,0,0.07,1,1,0,3
300.0,1,1.0,0,4.11,0,0,0,0
245.0,0,22.4,1,1.36,0,0,1,3
303.0,0,6.3,0,2.05,0,0,0,3
258.0,0,20.3,1,1.45,1,1,0,3
402.0,1,2.1,1,1.77,0,0,1,0
899.0,1,1.2,1,3.78,0,1,1,0
1071.0,1,7.9,1,0.31,1,1,0,0
419.0,0,14.2,1,2.25,0,1,1,3
223.0,0,9.7,0,4.83,1,0,1,3
1166.0,1,16.3,0,1.89,0,1,0,0
364.0,0,2.0,0,2.34,0,0,1,3
980.0,0,15.3,0,1.26,0,1,0,3
1123.0,1,22.7,0,0.31,0,0,1,0
943.0,0,11.2,1,0.31,0,0,0,3
290.0,0,17.6,1,3.96,0,1,1,3
1053.0,1,19.0,1,2.24,1,1,0,0
831.0,1,17.5,0,0.81,0,1,0,0
560.0,0,12.1,0,3.35,1,1,1,3
772.0,1,4.5,1,4.11,0,0,0,0
1071.0,0,10.6,0,0.67,1,1,1,3
870.0,1,2.2,1,3.05,0,0,1,0
974.0,0,15.2,0,0.88,0,1,1,3
1062.0,1,22.6,0,0.61,1,0,1,0
437.0,0,9.3,1,3.19,1,1,0,3
935.0,0,7.9,0,3.44,1,1,0,3
926.0,1,6.3,1,3.31,0,0,0,0
995.0,0,5.7,1,2.03,0,1,1,3
550.0,0,3.3,1,0.26,1,1,0,3
1048.0,0,18.9,1,1.97,1,0,1,3
326.0,1,13.8,1,1.59,0,0,0,0
970.0,0,19.8,0,3.01,0,0,1,3
351.0,1,11.1,1,0.67,1,1,1,0
302.0,0,15.0,0,1.16,0,1,0,3
1011.0,1,6.2,1,4.72,0,1,1,0
600.0,1,10.1,1,3.04,1,1,0,0
848.0,1,18.4,1,1.22,1,0,1,0
815.0,1,2.9,0,1.11,1,1,0,0
801.0,0,21.6,1,3.57,1,0,1,3
670.0,0,16.4,1,4.0,0,1,1,3
959.0,1,12.0,1,3.55,0,0,0,0
494.0,1,24.0,0,1.37,1,1,1,0
909.0,0,15.9,0,4.51,1,0,0,3
524.0,1,8.8,0,0.25,1,1,1,0
328.0,0,20.6,1,1.5,1,0,1,3
376.0,0,11.6,0,1.92,1,0,0,3
596.0,0,20.1,0,4.09,1,0,0,3
575.0,1,5.4,0,2.76,1,0,0,0
976.0,0,9.9,1,4.42,1,1,0,3
562.0,0,9.3,1,3.03,1,0,1,3
980.0,1,4.1,0,3.63,0,0,1,0
274.0,0,14.2,0,1.59,0,1,0,3
458.0,0,16.8,0,2.65,1,1,1,3
1183.0,0,5.4,1,0.49,1,1,1,3
527.0,0,19.9,0,1.93,1,0,1,3
608.0,1,14.7,0,1.49,1,0,1,0
637.0,1,21.2,0,1.56,0,0,0,0
1020.0,1,17.0,0,3.84,0,1,1,0
910.0,1,7.5,1,3.03,1,0,1,0
348.0,1,18.6,1,4.53,0,0,0,0
1064.0,1,5.0,0,1.5,0,0,1,0
526.0,0,5.4,1,0.45,0,0,1,3
1101.0,1,17.7,1,0.23,1,0,1,0
1067.0,0,12.0,1,2.21,0,0,0,3
279.0,1,15.7,0,2.39,0,0,0,0
660.0,0,20.6,0,4.41,1,1,1,3
1022.0,1,1.1,0,2.68,0,1,1,0
947.0,1,18.8,1,0.05,1,1,1,0
803.0,1,11.5,1,3.15,0,1,1,0
1159.0,1,2.9,0,1.44,1,0,1,0
278.0,1,10.4,1,1.74,1,0,0,0
1045.0,1,8.6,0,3.91,0,1,0,0
1071.0,1,1.5,0,4.81,0,0,0,0
513.0,0,14.2,1,2.8,0,1,1,3
218.0,1,15.1,0,1.03,1,0,1,0
1091.0,1,13.4,1,3.06,1,0,1,0
808.0,0,13.7,0,3.37,0,1,1,3
428.0,0,9.6,0,3.1,0,0,0,3
1152.0,0,19.6,1,4.88,1,0,1,3
553.0,1,17.2,1,0.87,1,1,0,0
540.0,0,11.2,0,0.08,0,1,0,3
943.0,1,11.0,1,0.25,0,0,0,0
722.0,0,1.4,1,1.03,1,0,0,3
1036.0,0,10.1,1,1.99,1,1,0,3
871.0,0,7.8,0,0.81,0,1,0,3
449.0,0,12.6,0,2.11,0,1,1,3
205.0,1,14.8,1,0.66,1,1,1,0
802.0,0,8.2,1,3.76,1,1,0,3
1044.0,0,6.3,0,0.1,1,0,1,3
762.0,1,14.6,0,1.26,0,1,1,0
959.0,0,3.9,1,3.58,0,1,0,3
386.0,1,20.2,1,2.37,0,1,1,0
736.0,0,10.3,0,2.79,1,0,0,3
1039.0,1,11.4,1,4.38,0,1,0,0
920.0,0,13.4,0,4.93,1,1,0,3
451.0,1,16.4,0,2.48,1,0,0,0
388.0,0,3.5,1,2.17,1,0,1,3
820.0,0,12.4,0,3.79,1,0,0,3
248.0,1,9.7,1,0.05,0,1,1,0
289.0,1,18.2,1,4.73,1,0,1,0
744.0,0,6.3,1,0.86,0,1,0,3
235.0,1,1.3,0,4.5,0,1,0,0
236.0,1,4.2,0,4.68,1,1,1,0
318.0,0,5.6,0,0.48,1,1,0,3
367.0,1,19.7,0,3.31,0,0,0,0
610.0,0,9.6,1,0.63,1,1,1,3
860.0,0,14.3,0,0.87,1,0,1,3
228.0,1,12.4,1,0.48,0,0,0,0
428.0,0,12.7,1,3.84,1,1,0,3
893.0,0,10.1,0,1.84,0,0,1,3
658.0,0,20.0,0,3.16,0,1,1,3
204.0,0,21.2,1,4.92,1,1,1,3
525.0,1,17.4,0,2.16,1,1,0,0
1083.0,0,9.9,1,2.86,0,1,0,3
250.0,0,19.4,0,4.63,0,0,0,3
678.0,0,17.1,1,1.79,1,0,0,3
207.0,0,5.1,1,0.75,1,0,1,3
663.0,1,23.1,0,2.21,0,1,1,0
507.0,0,6.7,0,2.32,1,1,0,3
463.0,1,1.2,1,3.46,1,0,0,0
794.0,0,14.1,1,1.35,0,1,0,3
407.0,0,10.7,0,2.06,1,1,0,3
1123.0,1,4.9,1,3.52,1,1,1,0
884.0,0,2.3,0,3.86,0,0,0,3
483.0,1,8.5,0,3.93,1,0,1,0
739.0,1,4.5,1,2.99,1,1,1,0
649.0,1,18.0,0,2.03,1,0,1,0
238.0,1,2.1,0,1.92,0,1,1,0
352.0,1,16.3,0,2.67,0,1,1,0
854.0,1,10.6,0,1.81,0,0,1,0
498.0,0,4.5,1,2.64,1,0,1,3
648.0,1,20.2,0,4.52,0,0,1,0
497.0,1,22.1,0,3.85,1,0,0,0
431.0,1,7.2,1,0.59,0,1,1,0
215.0,0,13.1,0,1.83,0,1,1,3
895.0,1,15.2,1,0.09,1,1,0,0
1118.0,0,16.5,1,3.03,0,0,1,3
436.0,0,17.2,0,2.12,1,1,1,3
387.0,1,2.0,1,4.66,1,1,0,0
1123.0,0,14.0,0,0.02,0,1,1,3
950.0,1,11.6,0,1.33,1,0,1,0
467.0,1,8.5,1,1.03,0,1,1,0
997.0,1,8.9,0,1.09,1,1,0,0
348.0,1,13.3,0,4.99,0,0,1,0
424.0,0,5.8,1,2.27,1,1,0,3
1013.0,0,4.2,1,2.25,0,0,1,3
431.0,0,4.5,0,3.57,0,0,0,3
237.0,0,20.2,1,0.69,1,1,1,3
215.0,1,10.9,0,1.98,0,1,1,0
480.0,0,7.1,0,2.38,0,0,0,3
822.0,0,2.6,0,2.6,0,1,1,3
1163.0,1,21.1,1,2.08,1,0,1,0
996.0,0,22.7,0,0.46,0,0,1,3
1017.0,1,18.1,0,1.19,0,0,0,0
775.0,1,20.3,1,4.89,0,1,0,0
367.0,0,4.3,1,3.63,0,1,1,3
763.0,0,8.3,0,0.25,0,1,1,3
397.0,0,3.5,1,0.4,1,0,0,3
860.0,0,11.5,1,0.31,0,0,1,3
773.0,0,9.3,1,0.88,1,0,1,3
627.0,0,16.4,0,1.22,0,0,1,3
861.0,1,14.5,1,4.31,0,1,1,0
932.0,0,19.8,0,3.92,1,1,0,3
237.0,0,18.9,1,2.97,1,1,1,3
1147.0,0,5.8,0,0.06,1,1,0,3
422.0,1,13.4,1,4.78,0,0,0,0
477.0,0,5.8,1,3.4,1,1,1,3
952.0,0,17.9,0,2.68,0,0,0,3
624.0,1,2.8,1,3.3,0,0,0,0
886.0,1,21.2,0,4.61,0,1,1,0
867.0,1,7.2,0,0.01,0,0,0,0
800.0,1,11.0,1,0.8,0,1,0,0
810.0,1,17.8,1,1.46,0,1,0,0
202.0,1,16.4,1,4.77,0,1,1,0
1167.0,0,12.1,1,3.96,1,0,0,3
363.0,1,22.8,0,0.2,1,1,0,0
688.0,0,16.7,1,3.96,0,0,0,3
863.0,0,1.3,0,1.0,1,1,1,3
330.0,0,8.1,0,0.06,1,0,0,3
678.0,1,16.0,1,2.43,1,1,0,0
209.0,1,17.6,0,0.0,0,1,0,0
285.0,0,6.8,0,1.88,0,0,0,3
609.0,1,2.9,1,2.44,0,1,0,0
1064.0,1,9.7,1,4.89,1,1,0,0
994.0,1,9.8,0,0.51,0,0,0,0
332.0,1,12.3,0,1.37,1,0,1,0
974.0,0,8.3,0,1.36,1,0,1,3
201.0,0,12.3,0,4.49,0,1,1,3
304.0,1,14.9,0,2.81,0,1,1,0
958.0,0,2.6,0,1.44,0,0,1,3
1086.0,0,8.4,0,4.91,0,0,0,3
619.0,1,18.7,1,1.0,0,1,1,0
406.0,1,15.1,0,3.73,0,0,0,0
361.0,1,3.5,0,2.7,1,0,1,0
485.0,1,10.0,1,0.31,0,1,1,0
461.0,1,20.5,1,1.73,1,1,0,0
1181.0,0,10.5,1,2.45,1,0,1,3
725.0,0,1.2,1,0.14,1,0,1,3
579.0,1,12.7,1,2.97,0,1,0,0
953.0,1,4.8,1,3.69,1,0,1,0
976.0,1,19.1,1,2.82,1,1,0,0
374.0,1,18.7,0,2.29,0,1,0,0
617.0,1,13.0,1,4.68,0,0,0,0
587.0,1,18.6,1,3.32,0,0,1,0
323.0,0,5.9,0,4.19,0,1,0,3
330.0,1,17.2,0,4.09,1,0,1,0
1164.0,0,19.7,1,4.8,0,0,1,3
362.0,0,22.9,1,2.66,0,0,1,3
835.0,1,5.3,0,0.68,1,0,1,0
864.0,1,9.1,1,4.67,0,0,1,0
664.0,0,15.4,0,2.96,0,1,0,3
488.0,1,17.7,1,2.14,0,1,1,0
1087.0,0,3.5,0,2.16,0,1,1,3
540.0,0,23.3,1,3.75,1,1,0,3
378.0,1,1.8,0,0.16,1,0,0,0
991.0,0,20.2,0,2.29,1,1,1,3
835.0,0,11.2,0,2.4,1,0,0,3
387.0,0,12.2,1,1.52,1,0,1,3
936.0,0,17.3,1,4.71,0,1,0,3
374.0,0,5.7,0,2.01,1,0,1,3
590.0,1,13.0,1,1.29,0,0,1,0
1162.0,1,7.5,1,2.21,0,1,1,0
307.0,1,5.4,0,1.76,0,0,1,0
980.0,0,11.8,0,3.07,1,1,1,3
564.0,1,3.2,0,0.05,1,1,1,0
1158.0,0,11.8,1,4.51,0,1,1,3
888.0,0,16.9,1,4.35,1,1,1,3
464.0,1,3.3,0,1.45,0,0,1,0
895.0,0,19.5,0,2.84,1,0,0,3
992.0,1,15.0,1,1.21,0,1,0,0
599.0,1,1.7,0,2.21,1,1,0,0
260.0,0,19.2,0,0.82,0,1,1,3
874.0,1,2.7,1,1.05,0,0,0,0
564.0,0,22.7,1,3.54,0,0,1,3
1030.0,0,6.5,1,0.07,1,1,0,3
1127.0,0,4.1,0,1.07,1,1,1,3
467.0,0,7.0,1,4.33,1,1,1,3
493.0,0,12.8,0,4.94,1,1,0,3
469.0,1,18.5,0,0.53,0,1,1,0
754.0,1,21.1,1,2.91,1,1,0,0
860.0,1,12.2,1,3.31,1,0,0,0
551.0,0,17.4,1,0.18,1,0,0,3
321.0,0,20.4,1,1.67,1,1,1,3
689.0,0,10.3,1,4.64,1,1,1,3
519.0,0,13.9,0,1.89,0,0,0,3
905.0,1,8.2,0,4.51,0,1,0,0
847.0,1,22.4,0,1.94,0,0,0,0
788.0,1,5.1,0,4.05,0,0,1,0
1175.0,0,10.9,0,2.07,0,0,0,3
208.0,0,15.2,0,1.14,1,1,0,3
406.0,1,9.1,0,2.19,0,1,0,0
233.0,1,2.1,0,4.07,1,0,0,0
1187.0,0,13.5,0,4.45,1,0,1,3
287.0,0,15.9,1,1.71,0,1,1,3
387.0,0,12.0,0,1.93,0,1,0,3
241.0,0,3.2,1,4.72,0,1,1,3
495.0,0,2.5,0,1.29,0,0,0,3
948.0,0,17.6,0,1.89,0,0,0,3
265.0,0,6.7,0,0.5,0,0,0,3
1167.0,0,4.7,0,3.92,1,0,1,3
667.0,0,19.5,1,2.38,1,0,0,3
724.0,0,12.5,1,4.41,0,1,1,3
428.0,0,13.2,1,3.55,0,1,0,3
296.0,0,4.3,0,1.08,0,0,1,3
576.0,0,20.4,1,2.7,0,0,0,3
203.0,0,16.1,1,1.25,0,1,1,3
440.0,1,15.7,0,2.81,0,0,1,0
1062.0,1,6.3,1,1.0,1,1,1,0
859.0,1,5.7,0,0.17,1,1,1,0
1068.0,1,20.0,1,0.18,1,1,1,0
669.0,1,3.0,0,4.93,1,1,0,0
317.0,1,13.0,1,3.19,1,0,0,0
1083.0,1,14.8,0,3.45,1,0,0,0
1169.0,1,22.8,0,4.61,0,1,1,0
825.0,0,5.7,0,4.49,0,1,1,3
836.0,0,1.2,1,1.33,0,0,1,3
1178.0,0,10.4,1,3.39,0,0,1,3
1049.0,1,8.0,0,3.61,0,1,1,0
628.0,0,9.4,0,1.17,0,1,0,3
791.0,1,16.6,1,0.2,0,0,1,0
222.0,1,22.8,1,0.01,0,0,1,0
465.0,0,21.2,0,2.73,0,1,1,3
314.0,0,19.0,0,3.99,0,0,1,3
464.0,0,21.7,1,2.77,0,0,1,3
782.0,1,8.2,0,1.22,0,0,1,0
506.0,0,2.0,0,4.32,0,0,0,3
669.0,1,14.6,1,4.01,1,1,0,0
964.0,0,8.7,1,2.77,1,0,1,3
848.0,0,4.7,1,4.99,1,1,1,3
457.0,1,19.4,1,0.56,1,1,1,0
678.0,0,21.1,0,2.72,0,0,0,3
234.0,1,23.8,1,0.07,1,0,0,0
974.0,1,9.8,1,1.24,0,1,0,0
937.0,0,1.7,0,1.56,0,1,0,3
703.0,0,13.7,0,2.5,0,0,1,3
633.0,1,18.6,0,4.86,1,0,1,0
1009.0,0,11.2,0,3.36,0,0,0,3
1160.0,0,4.5,0,1.85,1,0,1,3
360.0,1,16.6,0,1.85,0,0,1,0
779.0,1,12.4,1,4.44,0,0,0,0
633.0,0,15.4,1,2.18,0,1,1,3
213.0,1,16.8,1,2.27,1,1,0,0
549.0,1,7.6,0,3.46,1,1,0,0
1024.0,1,8.6,1,1.03,1,0,0,0
1184.0,0,15.2,1,4.69,0,0,0,3
336.0,1,12.6,0,4.11,0,1,0,0
347.0,1,18.1,0,0.83,1,1,1,0
766.0,1,4.5,1,0.16,0,0,1,0
380.0,1,21.6,0,2.88,0,1,1,0
1118.0,1,2.5,1,4.16,1,0,1,0
352.0,1,13.4,1,4.64,1,1,1,0
1113.0,0,21.1,1,4.14,1,0,1,3
284.0,0,16.7,0,1.41,1,0,1,3
355.0,1,4.9,1,0.94,1,0,0,0
912.0,0,8.0,1,2.11,1,0,0,3
922.0,1,13.2,1,4.01,0,1,0,0
1151.0,0,9.6,1,0.86,1,0,1,3
1052.0,0,4.1,0,2.66,0,1,1,3
1118.0,0,17.9,1,1.66,0,1,0,3
370.0,0,19.6,1,0.79,0,1,0,3
845.0,1,14.4,0,4.69,1,1,1,0
363.0,1,15.3,0,0.07,1,0,0,0
462.0,0,19.4,0,4.12,0,1,0,3
1054.0,1,1.6,0,4.0,0,1,1,0
312.0,1,6.5,1,2.11,0,0,0,0
461.0,0,16.9,1,1.36,1,0,0,3
1184.0,1,4.6,0,4.69,0,1,1,0
1154.0,0,11.6,1,2.67,0,0,0,3
833.0,1,15.2,1,4.63,1,0,1,0
337.0,0,7.0,1,0.4,1,0,0,3
218.0,0,22.4,1,2.1,0,0,0,3
555.0,0,9.3,1,2.51,1,1,1,3
1176.0,0,10.3,0,0.58,0,1,0,3
230.0,0,13.3,0,1.29,0,1,0,3
809.0,1,12.1,0,1.62,1,0,1,0
755.0,1,10.9,1,3.06,1,0,0,0
501.0,0,3.9,0,1.53,1,1,1,3
742.0,1,16.8,0,3.63,1,1,1,0
797.0,0,16.8,0,0.19,1,0,0,3
1046.0,0,13.4,0,0.12,0,1,0,3
416.0,1,3.4,0,4.61,0,1,0,0
940.0,0,21.2,1,1.28,1,0,1,3
870.0,0,22.9,1,2.77,0,1,1,3
355.0,0,3.2,0,1.49,1,1,0,3
830.0,1,5.0,1,1.83,0,1,1,0
371.0,0,14.1,1,4.94,0,1,1,3
729.0,1,13.6,1,0.29,1,0,1,0
595.0,0,3.5,1,2.41,0,1,0,3
589.0,0,11.2,0,4.41,1,0,1,3
593.0,0,7.3,0,1.64,0,1,0,3
235.0,0,20.2,1,4.97,0,0,1,3
1061.0,0,7.4,1,3.26,1,0,1,3
992.0,0,7.7,1,1.44,0,1,0,3
886.0,0,19.3,1,4.37,0,0,1,3
629.0,0,8.8,0,1.98,1,0,0,3
887.0,0,5.2,0,1.04,0,0,0,3
837.0,0,10.8,0,2.68,0,0,0,3
743.0,0,11.6,1,1.29,1,0,1,3
561.0,1,6.6,1,1.31,0,0,0,0
335.0,1,20.2,0,2.72,0,1,1,0
909.0,0,10.5,0,0.18,1,0,0,3
846.0,0,3.0,1,3.66,1,1,0,3
1194.0,0,21.0,0,2.46,1,1,1,3
945.0,0,12.9,1,4.4,1,1,0,3
1014.0,1,1.9,1,2.0,1,0,0,0
961.0,0,19.9,0,0.37,1,1,0,3
546.0,0,2.7,0,4.74,0,1,1,3
1085.0,0,19.8,1,1.32,0,1,0,3
227.0,1,20.7,1,2.69,1,1,1,0
257.0,1,20.2,0,4.69,0,1,1,0
858.0,1,16.3,1,2.85,0,0,0,0
797.0,1,15.2,0,0.14,0,1,0,0
1180.0,1,9.6,0,4.72,0,0,1,0
215.0,1,20.1,0,2.3,1,1,0,0
267.0,1,2.7,0,3.71,0,1,1,0
991.0,0,13.4,1,1.98,1,0,0,3
1169.0,1,7.5,1,2.58,1,1,0,0
903.0,1,2.4,1,4.5,1,1,1,0
480.0,1,16.8,1,0.96,1,0,1,0
644.0,0,22.3,1,3.03,1,0,1,3
950.0,0,2.5,1,0.95,0,1,1,3
240.0,1,15.9,0,2.68,1,1,1,0
1007.0,1,22.7,0,2.55,0,0,1,0
373.0,1,4.5,1,2.56,0,1,1,0
905.0,1,17.8,1,1.35,1,0,0,0
1182.0,0,17.4,0,1.99,0,0,0,3
467.0,0,23.1,1,3.12,1,1,1,3
318.0,0,8.3,1,4.79,1,1,1,3
340.0,0,18.8,0,2.85,1,1,1,3
383.0,0,4.3,0,0.08,1,0,0,3
344.0,1,10.2,0,0.33,0,1,0,0
1008.0,0,10.9,0,3.92,1,0,1,3
588.0,0,18.6,0,0.57,0,0,1,3
385.0,0,7.3,0,0.93,0,0,0,3
431.0,0,2.1,0,2.66,0,1,1,3
943.0,1,4.0,1,4.45,1,0,0,0
340.0,1,17.0,0,2.83,1,0,0,0
473.0,0,14.5,1,1.68,1,0,1,3
933.0,0,13.1,0,3.12,1,0,1,3
695.0,0,19.2,1,4.66,1,1,1,3
1109.0,1,13.5,1,4.56,0,1,1,0
681.0,0,20.9,0,4.23,1,0,0,3
711.0,1,1.2,0,4.54,0,0,1,0
366.0,1,15.9,0,3.62,1,1,0,0
1179.0,1,18.0,0,2.45,0,0,1,0
694.0,0,21.8,1,4.78,0,1,1,3
394.0,0,17.2,1,2.13,1,0,1,3
812.0,1,17.0,1,2.9,1,1,1,0
852.0,1,19.5,1,1.09,1,1,0,0
533.0,1,2.5,0,4.65,1,0,0,0
368.0,1,23.3,1,0.58,0,0,1,0
420.0,0,20.8,1,1.85,0,0,1,3
388.0,1,12.8,1,2.25,0,0,0,0
205.0,1,19.1,1,0.69,1,0,1,0
954.0,0,17.1,1,3.47,1,1,0,3
266.0,1,21.0,0,3.02,0,1,1,0
807.0,0,7.7,0,4.34,0,1,1,3
272.0,1,19.5,0,0.27,0,0,1,0
296.0,1,8.0,0,0.47,1,1,1,0
210.0,0,7.5,0,3.75,1,1,0,3
218.0,1,8.9,1,3.77,0,1,0,0
1096.0,0,3.3,1,3.65,1,1,0,3
296.0,1,8.7,1,3.79,1,1,0,0
814.0,1,15.0,0,1.36,1,0,1,0
543.0,1,10.2,0,4.34,0,0,1,0
958.0,0,13.1,1,4.01,0,0,1,3
296.0,0,16.5,1,2.84,0,1,0,3
205.0,1,18.9,0,0.33,1,0,0,0
1043.0,1,16.1,1,0.8,1,1,1,0
846.0,1,16.1,0,3.04,0,1,0,0
863.0,1,2.6,1,1.07,0,0,1,0
1189.0,0,1.1,1,3.32,0,1,0,3
1037.0,1,9.7,1,0.9,1,1,1,0
463.0,1,8.9,0,1.76,1,0,0,0
1049.0,0,19.8,1,1.99,0,1,0,3
861.0,0,4.9,0,0.37,0,1,1,3
1101.0,0,20.3,0,4.16,1,0,0,3
1059.0,0,5.7,1,0.4,0,1,1,3
484.0,1,11.0,1,2.3,0,0,1,0
1012.0,0,11.9,1,1.21,1,0,1,3
686.0,1,22.6,1,2.99,0,1,0,0
346.0,1,3.0,1,1.93,1,1,0,0
992.0,1,21.0,1,3.14,0,1,0,0
669.0,0,9.0,0,1.81,1,0,1,3
689.0,0,5.2,0,0.51,1,0,1,3
875.0,1,22.6,1,3.8,1,0,0,0
206.0,0,13.7,1,0.93,1,1,0,3
1149.0,1,18.2,0,3.35,0,1,1,0
465.0,1,17.8,1,2.8,0,1,1,0
879.0,1,2.5,0,2.97,0,1,0,0
320.0,0,18.5,0,4.55,0,1,1,3
1022.0,0,12.7,0,1.34,0,1,1,3
323.0,0,21.9,1,2.72,0,0,0,3
282.0,0,2.3,1,4.85,0,0,0,3
955.0,0,2.8,0,4.58,1,1,0,3
315.0,1,4.0,1,4.71,1,0,0,0
544.0,1,12.6,1,4.91,1,0,0,0
314.0,0,5.7,1,3.53,1,0,1,3
379.0,1,9.6,1,0.93,1,0,0,0
484.0,0,17.3,0,0.9,0,1,1,3
463.0,1,3.0,1,3.04,1,1,1,0
1162.0,0,3.6,0,3.34,0,0,0,3
726.0,0,3.1,0,1.0,0,0,0,3
553.0,0,12.0,1,3.94,1,0,0,3
1001.0,1,6.6,1,2.78,0,1,0,0
380.0,0,18.4,1,0.62,0,0,1,3
819.0,0,3.7,0,3.37,1,1,1,3
982.0,0,15.6,1,0.12,1,1,1,3
849.0,0,19.6,0,0.03,0,1,1,3
985.0,1,20.7,0,4.25,0,0,1,0
1026.0,0,3.0,0,1.25,0,1,0,3
839.0,0,8.3,0,2.78,1,0,1,3
351.0,1,16.1,0,0.77,0,0,1,0
958.0,0,4.0,0,3.01,0,0,0,3
1147.0,1,22.2,0,2.76,1,1,1,0
1005.0,0,19.2,1,1.13,0,0,0,3
747.0,0,17.5,1,0.01,1,1,0,3
497.0,1,5.2,0,0.95,1,0,0,0
217.0,0,18.2,1,0.47,1,1,1,3
641.0,1,19.3,0,3.68,1,0,1,0
976.0,0,22.5,1,2.17,1,1,1,3
668.0,1,2.6,0,4.05,0,0,0,0
467.0,0,22.2,0,1.39,0,0,0,3
1023.0,1,15.7,1,0.36,0,1,1,0
951.0,0,16.2,1,1.9,1,0,0,3
965.0,1,1.9,0,0.42,0,1,1,0
1194.0,1,20.9,0,4.79,0,1,0,0
1021.0,1,6.9,0,3.46,0,0,0,0
948.0,0,11.0,0,2.95,0,1,1,3
266.0,0,7.6,0,1.79,1,0,1,3
1139.0,0,5.1,1,2.27,1,0,0,3
713.0,0,2.6,1,0.55,1,0,0,3
1062.0,1,21.2,0,3.25,1,1,1,0
1065.0,0,13.8,1,1.5,1,0,1,3
391.0,1,3.6,0,1.21,0,1,1,0
328.0,0,22.6,0,3.16,0,0,0,3
885.0,1,21.2,1,0.52,0,0,1,0
576.0,1,21.2,0,4.81,0,0,1,0
1037.0,1,15.1,0,0.16,0,1,1,0
556.0,0,10.7,0,2.26,0,1,0,3
628.0,1,5.5,1,2.96,0,1,1,0
917.0,0,22.9,1,3.49,1,0,0,3
948.0,0,4.2,1,2.0,1,1,0,3
539.0,0,8.6,1,2.76,0,0,1,3
806.0,0,13.1,1,4.64,0,0,1,3
813.0,1,15.7,0,3.22,1,0,1,0
505.0,1,14.8,1,4.79,1,1,1,0
257.0,1,6.5,0,2.97,0,0,1,0
652.0,1,22.7,0,0.79,0,0,1,0
494.0,1,3.0,1,4.16,0,0,1,0
398.0,0,8.2,0,4.85,1,1,1,3
382.0,1,10.6,1,0.18,0,1,0,0
527.0,0,12.4,1,0.76,1,1,0,3
510.0,0,20.8,0,1.76,0,1,0,3
585.0,0,23.8,1,0.49,0,1,0,3
1054.0,0,14.0,1,0.69,0,0,0,3
858.0,0,13.7,1,0.56,1,0,0,3
867.0,0,1.0,1,3.53,1,1,0,3
945.0,1,7.8,0,4.24,1,1,1,0
817.0,1,16.0,1,4.73,0,1,1,0
436.0,1,5.4,0,2.18,1,0,1,0
756.0,0,15.6,0,0.26,0,1,1,3
1006.0,1,13.5,0,3.11,0,1,0,0
999.0,0,12.6,0,1.49,1,1,0,3
957.0,0,13.3,1,1.34,0,0,1,3
782.0,0,6.1,1,3.23,1,1,1,3
530.0,0,11.6,0,4.39,0,0,0,3
1099.0,0,17.1,1,3.05,1,1,1,3
1157.0,1,9.7,1,2.79,1,1,0,0
1180.0,1,5.3,0,4.3,1,1,0,0
222.0,0,13.6,0,3.09,0,0,0,3
894.0,1,14.5,1,3.27,0,1,0,0
570.0,0,21.2,1,3.53,1,0,0,3
678.0,1,21.1,0,1.37,0,1,0,0
244.0,1,22.5,1,4.77,1,0,0,0
855.0,0,22.5,0,4.6,1,1,0,3
1137.0,0,13.8,1,0.85,1,1,1,3
239.0,0,22.7,1,3.44,0,0,1,3
612.0,0,1.5,1,0.54,1,1,1,3
253.0,0,22.5,1,0.66,1,0,0,3
1089.0,1,12.9,1,0.15,0,1,0,0
953.0,1,6.4,0,1.37,0,1,1,0
547.0,0,18.4,0,3.01,0,0,1,3
765.0,0,3.1,1,2.2,1,1,1,3
603.0,0,14.9,1,0.34,1,0,1,3
1159.0,0,6.6,0,1.55,0,0,1,3
367.0,1,14.7,1,1.89,0,0,0,0
675.0,0,6.2,1,4.99,1,0,1,3
789.0,0,4.2,0,3.24,0,0,0,3
312.0,0,2.5,0,2.74,0,1,1,3
998.0,0,11.0,0,2.86,0,1,1,3
255.0,1,10.7,1,1.07,0,0,1,0
277.0,0,6.8,0,1.07,0,0,0,3
713.0,0,14.2,0,2.1,0,0,0,3
482.0,0,1.3,0,1.42,0,0,1,3
266.0,0,12.1,1,1.96,0,1,0,3
346.0,0,4.7,0,4.08,0,0,1,3
1060.0,0,9.3,0,3.05,1,0,0,3
1052.0,0,5.6,0,0.64,0,1,0,3
861.0,0,16.4,1,2.14,1,1,0,3
789.0,1,21.7,1,2.44,0,0,1,0
219.0,0,7.9,1,0.53,0,1,1,3
648.0,0,11.5,1,2.22,1,1,0,3
1135.0,0,1.5,1,0.13,0,1,1,3
1066.0,1,9.1,0,3.43,1,0,0,0
951.0,0,19.0,0,2.1,0,0,0,3
683.0,0,14.1,0,4.45,0,0,0,3
778.0,0,8.6,1,0.84,1,0,1,3
832.0,1,3.5,1,3.96,0,1,1,0
1083.0,0,8.6,1,0.69,1,0,0,3
897.0,0,1.4,1,1.24,0,1,1,3
805.0,1,19.3,0,2.29,0,0,1,0
1151.0,1,22.0,1,2.56,1,1,1,0
562.0,0,19.5,0,4.69,1,1,0,3
555.0,1,14.5,1,4.22,1,0,0,0
1074.0,0,10.6,1,3.63,0,1,1,3
993.0,1,20.0,0,4.84,0,1,0,0
439.0,0,2.7,1,0.08,1,0,1,3
818.0,0,17.0,1,3.3,1,1,0,3
1081.0,1,16.0,1,3.04,1,0,1,0
