fornecedor_auditado,laudo_residuos_agrotoxicos,temperatura_recebimento_c,tempo_desde_coleta_h,integridade_containers,sujeira_visivel_externa,umidade_lote_pct,documentacao_lote_ok,transporte_segregado_de_quimicos,lacre_viagem_integro,lote_identificado,probabilidade
0,1,18.7,12.6,1,1,22.4,0,1,0,0,1
1,1,20.5,34.8,1,0,17.4,0,1,0,1,1
1,0,34.6,24.5,1,0,19.7,0,1,0,0,2
1,1,12.1,67.1,1,0,16.7,1,1,0,0,0
1,0,12.8,46.3,1,0,19.3,0,0,0,0,3
1,0,20.9,14.9,0,0,22.6,0,0,0,1,3
0,0,14.2,71.5,0,1,23.1,1,1,1,0,2
0,0,27.1,50.6,1,1,20.2,1,0,0,0,3
0,1,19.0,11.4,0,1,18.3,0,1,0,0,1
1,1,31.2,58.0,0,0,21.9,1,1,1,0,0
0,0,28.7,41.0,1,1,21.1,1,0,0,0,3
1,1,21.8,30.0,1,1,19.8,1,0,1,0,1
0,1,31.1,15.7,1,1,19.8,0,0,0,1,2
1,1,12.5,21.5,0,1,19.9,1,1,0,1,0
0,0,24.5,13.7,1,1,18.7,0,0,0,0,3
0,1,25.1,58.2,0,0,20.2,1,0,1,1,1
1,0,16.2,21.1,0,0,16.5,1,1,1,0,2
1,1,11.2,34.9,0,1,20.6,0,1,1,0,1
0,0,23.4,69.8,1,0,20.0,0,0,0,0,3
0,1,22.8,71.6,0,0,19.4,0,0,0,1,2
1,1,26.3,57.4,1,0,18.6,1,0,1,1,1
0,1,15.3,57.9,0,0,21.0,1,0,0,1,1
1,0,14.5,68.1,1,1,19.9,0,1,0,1,2
1,0,34.4,57.8,0,0,16.8,0,1,1,0,2
0,1,12.8,33.6,0,1,19.0,0,0,0,0,2
1,1,35.0,6.2,1,0,16.6,1,0,1,1,1
1,0,28.0,16.6,1,0,19.0,0,1,1,1,2
0,1,25.7,33.1,0,1,20.3,1,0,0,1,1
0,1,18.5,20.6,1,0,19.1,0,1,1,0,1
1,1,31.7,25.0,0,1,18.7,1,0,1,1,1
0,1,32.8,6.1,1,1,18.2,1,1,1,1,0
1,0,28.0,40.6,0,1,19.1,1,0,1,0,3
1,0,27.7,26.6,0,1,16.6,0,1,0,1,2
1,1,22.3,20.1,1,1,24.0,0,0,0,1,2
0,1,11.9,44.7,0,1,20.4,1,1,0,1,0
0,1,35.0,21.4,0,1,21.1,1,0,0,0,1
0,0,10.4,35.3,1,0,17.5,0,1,1,1,2
0,0,22.4,19.2,1,1,23.4,1,0,1,1,3
1,1,19.2,49.6,1,0,20.6,1,0,0,1,1
1,0,29.4,61.8,0,1,19.3,1,1,0,0,2
0,0,28.4,7.7,0,0,21.7,1,1,1,0,2
1,1,25.7,59.4,0,1,18.4,0,1,0,0,1
0,0,11.9,61.6,0,1,23.5,0,1,0,0,2
1,1,15.9,69.5,1,0,17.4,0,0,1,1,2
0,0,12.4,59.9,0,1,22.7,0,0,0,0,3
0,1,34.5,40.7,1,1,23.7,1,1,0,0,0
0,1,13.2,6.9,0,0,19.9,1,1,0,1,0
0,1,34.2,7.2,1,0,23.0,0,1,0,1,1
0,0,12.8,15.8,0,0,16.6,1,1,1,1,2
0,0,31.6,33.3,0,0,21.0,1,1,0,1,2
0,1,24.4,68.9,0,1,18.8,0,1,0,1,1
1,0,30.8,14.3,0,1,18.9,0,1,0,0,2
1,1,25.9,39.7,0,1,19.6,0,1,1,1,1
0,1,29.2,71.9,0,1,20.8,1,0,1,1,1
1,0,28.3,3.0,1,1,20.9,0,1,0,0,2
0,0,16.5,5.3,0,1,18.2,1,0,0,0,3
1,0,33.4,20.9,0,1,19.1,1,1,1,0,2
1,0,26.1,17.8,1,0,18.0,1,1,1,1,2
0,1,15.1,36.9,1,0,21.1,1,1,1,0,0
1,0,17.7,31.4,0,0,16.8,1,1,1,0,2
0,0,23.3,42.9,1,1,19.4,0,0,1,1,3
0,0,32.0,12.3,0,0,23.8,1,0,0,0,3
1,1,29.9,50.0,0,1,23.9,0,0,1,0,2
0,0,17.6,17.0,0,1,20.1,1,0,0,1,3
1,0,27.2,33.6,1,0,18.0,0,1,1,0,2
1,1,10.0,4.3,0,1,20.7,1,0,1,1,1
1,0,18.3,57.9,1,1,19.9,1,0,1,1,3
1,0,31.0,45.9,0,1,16.3,0,0,1,0,3
0,0,13.8,16.6,0,0,23.9,0,0,1,1,3
0,1,18.8,44.1,0,1,18.6,1,1,1,0,0
0,1,10.0,32.6,0,0,19.2,0,0,1,0,2
0,0,10.6,59.8,1,0,20.1,1,0,0,1,3
1,1,13.7,70.9,0,0,23.0,0,0,1,1,2
1,1,12.5,10.7,1,0,22.4,0,1,0,0,1
1,1,22.2,36.3,0,1,17.6,0,0,0,1,2
0,0,32.5,20.1,0,1,21.7,1,1,0,1,2
1,0,12.1,54.5,0,0,23.0,0,0,0,0,3
1,0,31.7,4.4,0,0,21.7,0,0,0,0,3
1,0,26.7,40.1,0,1,17.1,0,1,0,1,2
1,0,14.2,62.0,1,1,20.3,1,1,1,0,2
0,0,17.2,29.3,0,0,22.7,1,1,1,1,2
0,1,14.9,60.7,0,0,17.6,1,0,0,0,1
1,1,29.7,12.3,0,1,20.3,0,0,0,1,2
1,1,28.1,66.3,1,1,21.4,0,0,0,0,2
1,1,17.6,57.4,0,1,21.1,0,0,1,1,2
1,1,11.4,29.4,1,1,16.9,0,1,0,1,1
1,1,14.2,11.1,0,1,18.2,1,1,1,1,0
0,0,25.7,38.4,0,0,20.4,1,0,0,1,3
0,0,12.3,48.9,1,0,17.7,0,0,1,0,3
0,0,23.4,11.0,1,0,18.7,0,1,0,0,2
1,0,25.3,67.3,1,1,19.3,1,1,1,0,2
1,1,27.2,55.4,0,1,16.1,1,0,0,0,1
1,1,13.1,68.6,1,0,20.1,1,0,0,1,1
1,0,21.5,22.9,0,0,24.0,0,1,1,0,2
1,0,21.6,32.3,1,1,19.3,0,1,0,0,2
0,1,30.9,18.8,1,1,18.2,1,1,0,1,0
0,1,21.7,21.2,1,0,18.0,0,0,0,1,2
0,1,20.2,12.2,0,1,20.1,0,1,1,1,1
0,0,13.1,10.8,0,0,19.6,1,0,0,1,3
1,1,27.4,49.0,0,0,22.9,0,1,1,0,1
0,0,25.5,13.0,0,0,21.1,1,1,1,0,2
0,0,27.9,11.3,1,0,19.2,1,1,0,1,2
1,0,26.4,39.4,0,1,19.1,0,1,0,1,2
0,0,31.9,51.3,1,0,20.4,0,0,0,1,3
1,1,31.9,56.5,1,1,18.0,1,0,1,1,1
0,0,17.7,42.6,0,0,19.4,1,0,1,1,3
1,1,14.6,16.1,0,0,18.3,0,1,1,0,1
1,1,33.2,42.1,1,0,20.1,1,1,1,1,0
0,1,27.8,45.8,1,0,20.4,0,0,1,1,2
1,1,34.3,20.1,0,0,22.8,1,1,0,0,0
0,0,22.4,12.1,1,1,18.0,0,1,1,0,2
0,0,34.1,66.8,1,0,23.2,0,1,0,0,2
0,0,13.1,8.7,0,0,20.3,1,0,0,1,3
0,1,24.8,21.4,0,1,21.8,0,0,1,1,2
1,1,22.4,18.2,0,1,20.9,0,1,1,1,1
1,0,10.1,64.4,1,0,22.6,0,0,0,0,3
0,1,14.8,37.1,1,0,21.3,1,1,1,0,0
1,0,13.8,69.0,1,0,16.1,1,0,1,0,3
0,1,11.5,60.0,1,0,19.1,0,1,1,1,1
0,0,33.7,54.8,0,0,23.5,0,0,0,1,3
1,1,34.1,14.4,1,1,19.6,0,1,0,0,1
0,1,32.3,26.1,1,1,22.6,1,1,0,1,0
1,1,34.7,59.4,0,1,23.0,0,1,0,1,1
1,0,30.8,70.8,0,0,18.7,1,1,1,1,2
0,0,33.3,63.5,0,1,22.9,0,1,1,0,2
0,0,14.9,68.4,1,0,19.0,0,1,1,1,2
0,1,16.4,46.9,0,0,16.2,0,1,1,0,1
0,0,31.6,35.8,0,1,21.6,0,0,0,0,3
0,0,22.0,38.0,0,0,22.6,0,1,0,1,2
1,0,27.9,34.1,0,1,19.6,1,1,1,1,2
1,0,24.0,12.8,1,0,17.4,0,1,0,1,2
1,0,17.6,23.4,0,1,20.9,1,0,0,1,3
0,0,17.1,8.3,1,1,21.9,0,0,0,1,3
0,0,28.7,8.2,0,1,21.2,0,0,0,0,3
0,0,23.3,23.8,1,1,18.8,0,0,1,1,3
1,1,19.0,48.6,1,0,18.9,1,1,0,0,0
0,0,25.4,45.0,1,1,20.4,0,1,0,1,2
1,1,20.5,41.2,1,0,17.5,0,1,0,1,1
0,0,21.9,54.4,0,1,22.8,0,0,1,0,3
1,0,26.9,31.6,1,0,16.8,1,0,0,0,3
1,0,21.4,32.9,0,1,19.9,1,1,1,1,2
1,1,33.7,38.3,1,1,22.9,1,0,1,0,1
0,1,22.1,6.7,1,1,20.2,1,0,1,1,1
1,1,34.0,42.7,1,1,22.1,1,0,0,0,1
0,0,31.2,54.5,0,1,17.9,1,1,0,0,2
0,1,32.3,20.5,0,1,19.6,0,1,1,1,1
0,1,29.1,61.8,1,0,21.7,0,0,1,0,2
0,0,25.1,20.6,1,0,23.1,1,0,0,1,3
0,0,23.3,37.9,1,0,21.1,1,1,0,0,2
1,1,23.8,63.2,1,1,17.9,1,1,0,1,0
0,1,15.0,53.7,1,1,17.2,0,1,0,0,1
0,1,15.4,42.3,0,1,22.7,0,0,1,0,2
0,0,10.9,45.6,1,1,20.4,0,1,0,1,2
1,0,28.6,9.6,0,0,17.5,1,1,0,0,2
0,1,13.1,51.0,0,1,19.9,1,0,0,0,1
0,1,24.6,44.8,0,0,17.0,0,1,1,1,1
1,0,13.4,7.9,0,1,16.8,1,0,1,0,3
1,0,11.7,10.7,0,0,23.4,1,1,0,0,2
1,1,23.3,70.0,0,1,20.4,0,1,1,0,1
1,1,31.8,14.5,1,0,18.0,1,0,0,1,1
0,0,18.9,64.7,0,1,23.1,0,0,0,0,3
0,1,33.0,21.3,0,1,24.0,0,0,1,1,2
1,1,10.3,29.7,1,1,23.1,1,0,0,0,1
1,0,21.6,40.9,1,0,22.0,0,0,1,1,3
1,0,13.7,45.8,0,1,23.7,1,1,0,1,2
1,0,17.9,36.8,0,1,17.6,1,0,0,0,3
0,0,10.6,26.4,0,0,23.0,0,0,1,0,3
1,1,10.9,36.9,0,0,18.9,1,0,0,0,1
1,0,27.8,51.0,1,1,16.3,1,1,0,0,2
1,0,26.4,29.8,0,0,16.3,1,0,0,1,3
0,1,15.2,40.2,1,0,17.5,0,0,1,0,2
1,1,32.5,28.5,0,1,22.2,1,1,0,1,0
1,0,27.2,25.1,0,1,23.2,0,0,0,0,3
0,1,18.4,22.9,1,1,17.0,0,1,1,0,1
0,0,20.2,17.7,0,1,22.8,1,0,0,0,3
0,0,17.3,55.3,1,1,22.0,0,1,1,1,2
1,0,30.8,70.9,1,0,16.4,0,0,0,1,3
0,1,22.3,4.0,0,1,21.9,1,0,0,1,1
1,1,13.4,15.7,0,1,16.3,0,1,1,0,1
0,1,15.0,69.5,0,1,18.1,1,1,0,0,0
0,1,17.4,25.9,1,1,20.2,1,1,0,1,0
1,1,20.1,29.2,1,0,23.3,0,1,0,1,1
1,0,24.8,48.4,0,0,16.8,1,0,0,1,3
1,0,34.1,26.7,1,1,18.8,0,1,0,1,2
0,0,16.5,36.5,0,0,20.6,1,0,1,1,3
0,0,18.2,65.1,1,0,21.9,0,0,1,0,3
0,1,10.6,41.5,1,0,23.3,0,0,0,1,2
0,0,19.3,48.7,0,1,19.8,0,1,0,0,2
0,0,26.9,17.2,1,0,22.7,1,1,1,1,2
0,1,34.1,20.3,1,1,20.9,1,0,1,0,1
0,1,28.5,64.4,0,0,17.6,0,1,0,1,1
0,0,12.9,66.2,0,0,20.6,0,0,1,0,3
0,0,32.3,58.5,0,1,18.5,1,1,0,1,2
1,0,31.0,10.5,0,1,21.6,0,0,1,1,3
1,0,14.7,59.3,0,0,18.3,0,1,1,0,2
0,0,33.4,3.3,1,1,18.1,1,0,0,0,3
0,0,27.9,43.8,1,0,23.6,0,0,1,0,3
1,1,29.6,49.3,0,0,23.3,0,1,0,0,1
0,0,21.5,31.8,1,0,19.6,0,1,1,1,2
1,0,15.0,35.5,0,1,22.1,0,1,1,1,2
1,0,30.0,53.9,1,1,23.9,1,1,1,0,2
1,1,21.9,64.6,0,1,16.7,1,1,1,0,0
0,0,34.2,15.3,0,0,20.8,1,0,0,1,3
1,0,13.8,11.7,0,0,18.0,0,1,1,1,2
1,0,18.9,46.1,0,1,22.4,0,0,1,1,3
1,1,28.4,18.2,1,1,16.8,0,1,0,1,1
0,0,24.3,15.6,1,0,22.3,0,1,1,1,2
0,1,20.8,16.2,0,1,17.6,1,1,0,1,0
0,0,27.5,15.8,0,0,19.6,0,0,0,0,3
0,1,28.3,35.4,0,0,22.5,1,1,0,0,0
1,1,24.4,69.5,1,0,16.5,1,0,1,0,1
0,1,18.0,60.0,1,0,23.4,1,0,0,0,1
0,1,25.5,40.0,0,0,17.7,0,0,1,1,2
0,0,23.6,7.7,0,1,20.0,0,0,1,1,3
0,1,29.9,49.1,1,0,21.9,0,1,0,1,1
0,0,26.3,33.6,0,1,17.0,1,0,1,0,3
1,1,22.4,56.5,1,1,20.9,1,1,0,1,0
1,0,10.5,36.6,0,1,20.1,1,1,1,1,2
1,0,14.2,48.8,0,1,20.7,1,1,0,1,2
0,0,18.4,16.0,0,1,21.3,0,1,1,0,2
1,1,25.0,60.3,1,0,19.4,0,0,0,1,2
0,1,29.8,56.6,0,1,18.4,0,0,1,1,2
0,1,34.0,28.2,0,0,17.5,0,0,1,1,2
0,0,25.0,69.5,1,0,23.5,1,1,1,0,2
0,0,28.2,13.2,0,0,19.2,1,0,1,1,3
0,1,25.5,3.4,0,0,18.3,0,1,0,0,1
0,1,20.8,55.4,0,0,16.4,0,1,1,0,1
1,0,25.2,44.0,1,1,22.0,1,0,1,0,3
0,1,20.0,9.8,1,0,20.2,0,0,0,0,2
0,1,21.3,13.2,1,0,17.5,0,1,0,1,1
0,1,32.8,11.2,1,1,23.1,0,0,1,0,2
0,1,24.1,13.7,0,1,23.5,0,1,1,0,1
1,1,12.5,34.3,0,0,23.0,0,0,0,0,2
0,1,23.1,5.6,0,0,20.5,1,0,0,0,1
1,1,33.8,38.4,0,0,19.0,1,1,0,1,0
1,0,12.5,44.4,0,0,17.3,1,0,1,1,3
0,1,34.3,52.9,1,1,19.0,0,1,0,1,1
0,1,34.7,68.2,0,1,20.9,0,1,1,1,1
0,1,24.0,7.8,0,0,17.8,1,1,0,1,0
1,1,18.3,4.5,0,0,19.7,1,0,0,1,1
0,0,10.2,11.7,1,1,20.6,0,0,1,0,3
1,0,10.4,25.6,0,0,21.9,1,0,0,0,3
0,1,19.7,38.8,0,1,16.7,0,0,0,1,2
0,1,29.6,2.3,0,1,22.9,0,1,0,0,1
1,1,33.6,50.5,1,0,19.6,1,0,0,0,1
0,1,13.9,69.0,0,1,20.7,1,0,1,0,1
1,1,22.2,19.5,1,0,23.5,1,1,0,0,0
1,0,22.5,2.6,0,0,17.3,1,0,0,1,3
0,1,19.5,54.7,1,1,23.1,0,1,0,1,1
0,0,23.5,55.9,1,0,22.4,0,1,0,0,2
0,1,33.1,5.0,0,0,24.0,1,0,1,1,1
1,0,21.0,45.2,0,1,19.1,1,1,1,0,2
0,0,13.4,19.0,1,1,17.0,1,0,0,1,3
1,0,26.6,46.3,1,0,16.1,1,0,1,0,3
1,0,10.8,52.8,0,0,22.3,1,0,1,0,3
0,1,33.5,17.6,1,0,17.1,0,0,1,1,2
0,0,33.5,20.3,1,1,18.4,1,0,1,1,3
0,1,12.3,44.8,0,0,23.9,0,0,0,0,2
1,0,23.8,42.8,1,0,19.5,1,1,0,1,2
1,0,29.9,64.0,1,1,17.8,1,0,0,1,3
0,0,21.6,37.7,0,0,22.0,1,1,1,1,2
1,1,22.0,58.0,0,0,18.2,1,1,0,0,0
1,1,34.3,53.2,0,1,20.2,1,0,0,1,1
0,1,15.8,48.6,1,1,17.3,0,0,1,1,2
1,0,23.2,15.4,1,1,19.7,0,0,0,1,3
1,0,12.9,21.3,0,0,16.9,1,0,1,1,3
1,1,17.6,41.7,0,0,22.2,0,0,1,1,2
0,1,31.3,6.6,1,1,18.9,1,1,1,0,0
0,0,27.9,5.2,1,1,18.6,0,0,0,0,3
1,1,25.3,5.5,1,1,24.0,0,1,1,1,1
1,1,12.8,66.5,1,1,22.6,1,0,1,0,1
1,0,31.3,50.2,1,0,20.4,0,1,0,1,2
0,1,17.5,60.6,0,0,23.6,0,1,0,1,1
0,0,23.4,69.4,1,1,17.7,1,0,0,0,3
1,0,15.8,51.1,1,1,20.6,1,0,0,0,3
0,1,23.0,38.1,0,0,23.4,1,0,1,1,1
1,0,24.1,35.5,0,0,20.6,0,1,0,0,2
0,0,18.5,54.2,0,1,18.5,0,1,0,1,2
0,0,22.6,62.8,1,1,22.5,1,1,0,0,2
1,0,20.2,60.1,0,1,17.1,0,1,1,1,2
0,1,27.4,36.5,1,1,17.2,1,1,1,0,0
0,1,23.6,56.1,0,0,21.8,0,1,1,1,1
1,1,32.0,35.4,0,0,16.6,0,1,0,0,1
0,1,11.2,28.9,0,1,16.4,1,0,0,1,1
1,1,10.7,22.8,1,0,19.0,0,0,0,1,2
1,1,14.7,5.8,1,1,19.2,0,1,1,0,1
0,1,13.0,16.1,0,0,19.8,0,1,0,1,1
0,0,23.1,53.1,1,0,21.9,1,1,0,1,2
1,1,15.0,14.0,1,0,20.6,1,1,1,0,0
0,1,10.4,65.1,1,0,21.7,0,0,0,0,2
0,0,17.1,7.5,1,1,16.4,0,1,1,0,2
1,1,22.7,5.6,1,1,18.5,1,0,0,1,1
0,1,27.9,35.7,0,1,23.7,0,1,0,1,1
1,0,21.0,17.6,1,0,19.4,1,0,1,0,3
0,1,34.1,9.2,1,1,17.8,1,1,0,0,0
1,0,15.0,6.2,1,1,23.9,1,1,1,1,2
1,0,22.9,38.9,1,0,19.3,0,1,1,1,2
0,0,16.3,20.2,0,0,19.8,0,0,0,1,3
0,1,30.2,40.9,1,1,17.8,1,1,1,1,0
1,1,14.7,12.4,1,1,21.3,1,0,0,0,1
1,1,34.0,3.7,1,0,17.7,1,1,0,0,0
1,1,27.9,3.9,0,0,20.9,0,1,0,1,1
1,0,23.9,9.9,1,1,22.1,1,1,1,1,2
0,1,23.3,57.7,0,0,21.2,0,1,1,1,1
0,0,19.1,33.4,0,1,16.7,1,0,1,0,3
1,0,10.5,45.7,1,1,16.6,1,0,0,0,3
1,0,32.9,63.2,0,0,22.7,0,0,1,0,3
0,0,29.9,16.9,0,1,23.2,1,1,1,0,2
0,1,13.4,63.0,1,1,17.1,0,1,1,0,1
0,1,13.1,54.2,1,0,19.0,1,0,0,0,1
0,0,17.7,53.0,0,1,21.2,0,0,1,0,3
1,0,29.1,63.0,1,1,22.7,0,1,1,0,2
0,0,22.6,10.8,1,0,23.3,1,0,1,0,3
0,0,26.4,39.8,1,0,21.6,1,1,0,1,2
0,1,10.2,35.8,0,1,17.2,0,1,1,0,1
1,1,33.1,48.5,1,0,22.1,0,1,0,0,1
0,1,14.1,18.7,0,0,22.9,0,1,1,1,1
0,1,18.0,10.9,1,1,18.8,1,1,1,1,0
1,1,33.7,70.1,0,0,20.0,1,0,1,0,1
0,1,28.3,34.6,0,1,17.3,0,1,1,0,1
0,0,22.8,18.2,0,1,18.4,1,0,1,0,3
0,0,31.6,11.0,0,0,23.0,1,1,1,0,2
0,1,11.5,43.6,0,1,16.7,0,0,0,0,2
0,1,11.9,12.3,1,1,22.1,1,1,1,1,0
1,0,13.9,14.8,0,0,16.8,1,0,0,0,3
1,1,16.6,68.7,0,1,18.3,0,1,0,0,1
1,1,27.7,4.0,1,0,20.7,1,1,1,0,0
1,1,23.3,15.1,0,0,16.0,1,1,1,1,0
0,0,20.7,49.0,1,0,21.4,1,0,1,0,3
1,0,29.6,17.2,1,1,18.5,1,1,1,0,2
0,0,17.9,14.7,1,1,22.0,1,1,1,1,2
0,0,12.1,41.0,0,0,23.8,1,1,1,1,2
1,1,19.9,50.7,1,0,19.3,0,0,1,1,2
0,0,29.2,32.1,1,1,16.2,1,0,0,1,3
1,1,21.9,56.7,1,1,22.8,1,0,0,1,1
0,1,34.4,59.1,0,1,18.2,0,1,1,1,1
0,1,31.4,45.6,1,1,17.2,1,0,0,1,1
0,1,29.8,42.4,0,0,23.0,0,0,1,1,2
0,0,29.3,59.1,1,0,17.9,0,0,1,0,3
0,1,24.5,3.1,1,0,20.8,0,0,0,0,2
1,0,32.5,37.7,0,1,18.0,1,1,1,0,2
0,1,24.7,11.0,0,0,21.7,1,1,0,1,0
0,1,19.3,17.5,0,0,21.2,0,1,0,1,1
0,0,14.9,68.4,1,0,20.1,0,1,0,1,2
1,0,30.3,2.3,1,0,20.4,1,1,1,1,2
1,0,19.3,23.5,0,1,17.8,0,0,0,1,3
1,0,29.8,12.8,0,0,16.2,0,1,1,0,2
0,0,34.6,41.9,0,1,22.4,1,1,0,0,2
0,1,20.0,61.1,0,0,23.1,0,0,1,1,2
0,1,18.5,29.4,1,1,22.2,1,0,0,0,1
1,0,14.3,60.6,1,1,21.7,1,0,0,0,3
0,0,21.9,32.8,0,1,19.8,0,1,0,0,2
1,0,26.4,65.6,1,1,20.7,0,0,0,1,3
1,0,17.8,61.3,1,0,21.5,1,0,1,0,3
0,0,22.1,14.5,0,1,16.2,1,1,1,0,2
1,1,23.4,64.0,0,1,19.4,0,1,0,0,1
1,0,16.9,15.5,1,0,17.8,0,0,0,0,3
0,1,10.6,36.3,1,0,18.9,1,1,1,0,0
1,0,15.4,15.7,0,1,22.0,0,0,1,0,3
1,1,30.1,29.1,1,0,18.9,0,1,1,0,1
1,0,17.0,71.0,0,1,21.9,0,0,1,1,3
1,0,10.3,55.6,1,0,23.8,0,0,1,0,3
1,1,20.6,40.8,1,1,23.4,1,0,0,0,1
0,1,27.1,67.5,0,1,22.6,1,1,0,0,0
1,1,28.8,27.2,1,1,22.8,0,1,1,0,1
0,0,20.3,14.1,1,1,19.2,0,1,1,1,2
0,1,24.3,60.0,0,1,21.9,1,0,0,1,1
1,1,28.6,2.9,1,0,21.3,0,0,0,1,2
0,0,32.2,58.3,0,1,23.9,1,1,1,1,2
0,1,26.0,3.5,1,1,20.6,0,0,0,0,2
1,0,27.3,21.9,0,0,19.4,1,1,1,1,2
0,0,12.5,26.9,1,1,22.7,0,1,0,0,2
1,0,20.5,24.3,0,0,22.0,1,1,1,0,2
1,0,32.2,19.0,0,1,17.0,1,0,1,0,3
0,1,14.0,9.6,1,0,20.8,1,0,1,1,1
0,0,17.7,2.2,0,0,20.7,0,0,0,1,3
0,0,26.9,56.2,1,0,21.1,1,1,1,1,2
1,0,32.6,34.0,1,0,23.5,0,0,0,1,3
1,1,11.5,13.3,0,0,20.8,0,0,0,1,2
1,1,31.8,7.8,1,0,23.0,1,0,1,0,1
1,0,15.5,21.5,0,0,18.9,1,0,1,0,3
1,0,31.5,26.8,1,1,16.5,0,1,1,0,2
1,1,32.2,34.3,1,0,19.0,1,1,1,1,0
1,0,29.4,9.1,1,1,20.3,0,1,1,0,2
0,0,33.1,70.6,0,0,22.7,0,0,1,0,3
1,1,34.0,20.8,0,0,21.1,0,1,0,0,1
1,1,33.1,32.9,0,0,19.5,1,0,1,0,1
0,1,22.8,51.6,1,0,19.7,1,0,1,0,1
0,0,21.6,23.7,1,0,24.0,1,1,1,1,2
1,1,12.6,7.8,0,1,17.1,1,0,0,1,1
1,0,15.4,28.4,0,1,17.6,0,0,0,0,3
0,1,26.3,40.7,1,1,21.0,1,0,0,0,1
0,0,13.2,60.9,0,0,21.6,0,0,1,1,3
0,0,33.6,27.8,0,0,19.2,1,1,0,0,2
0,1,15.7,64.3,0,1,16.3,0,1,0,0,1
1,0,12.2,40.2,0,1,20.2,1,1,0,1,2
1,1,15.9,52.2,0,0,17.2,0,0,1,0,2
1,1,11.2,4.1,1,1,16.4,1,1,0,1,0
1,0,14.2,64.7,1,1,18.8,1,0,1,1,3
1,1,24.7,16.9,0,1,17.1,1,0,1,0,1
1,0,17.2,24.8,1,0,19.5,0,1,1,1,2
0,0,30.0,38.7,0,0,22.1,1,0,0,1,3
0,0,20.1,69.2,1,0,16.4,1,1,1,1,2
0,1,27.8,26.2,1,1,20.0,1,1,0,0,0
1,1,27.7,17.4,0,1,20.0,1,1,0,1,0
1,1,13.4,69.3,0,1,16.0,0,0,0,0,2
0,1,11.4,58.6,1,0,21.9,1,1,0,0,0
0,0,31.0,48.4,1,1,16.7,0,0,0,0,3
0,1,27.5,30.7,1,1,23.5,1,1,0,1,0
0,1,14.4,31.4,0,0,21.1,1,0,1,0,1
1,0,27.0,68.5,0,1,18.3,0,0,1,0,3
0,0,18.2,6.8,0,0,23.4,0,0,0,0,3
1,0,11.4,55.0,0,0,19.2,1,1,0,0,2
1,1,15.7,44.1,0,0,18.1,0,0,1,1,2
1,1,28.9,69.8,0,1,19.1,0,0,0,1,2
1,0,19.8,41.1,0,0,20.9,0,0,0,1,3
0,0,23.6,21.6,1,1,21.8,1,0,0,1,3
1,1,13.4,56.6,0,1,21.3,0,1,0,0,1
1,1,12.3,71.0,1,1,23.4,1,0,1,1,1
1,1,16.0,65.5,0,0,23.6,1,1,0,0,0
0,1,21.8,22.6,0,0,17.6,0,1,0,1,1
0,0,31.2,26.2,0,1,23.3,0,0,0,0,3
1,1,29.1,54.8,0,0,16.9,0,1,0,0,1
0,1,14.0,43.9,0,1,23.7,1,0,1,0,1
1,0,11.8,2.8,0,1,18.1,1,0,0,0,3
0,0,15.6,11.9,1,1,18.1,0,1,0,1,2
0,1,31.3,8.0,0,0,19.4,1,1,0,1,0
0,0,22.9,14.5,0,0,17.5,1,1,1,0,2
0,1,30.2,23.3,0,1,22.6,0,1,1,0,1
1,0,19.2,69.7,0,0,17.0,0,1,1,1,2
1,0,24.8,49.4,0,0,19.5,1,0,1,0,3
0,1,24.9,5.8,0,0,23.3,0,0,0,1,2
1,1,25.7,44.5,1,1,21.1,0,1,0,1,1
1,1,21.8,32.6,1,1,20.9,0,1,1,1,1
0,0,16.0,54.8,1,1,24.0,1,0,1,1,3
0,0,20.7,63.9,0,0,16.2,0,1,0,0,2
0,1,34.4,6.6,1,0,18.6,1,1,1,1,0
0,1,16.8,70.6,1,0,17.0,0,0,1,0,2
0,1,28.1,6.1,1,0,17.5,1,0,0,1,1
1,1,33.6,53.3,0,0,17.7,1,0,0,0,1
0,0,24.2,65.2,0,0,21.0,0,0,1,0,3
1,0,22.2,54.6,1,1,18.2,1,1,1,1,2
1,0,13.0,12.6,1,0,21.3,0,0,0,1,3
0,1,28.8,16.6,0,1,21.9,1,1,0,1,0
0,1,32.8,4.9,0,1,19.2,1,0,1,0,1
1,0,34.5,11.2,1,1,20.3,1,0,1,1,3
1,1,15.0,6.3,1,1,17.1,1,0,1,0,1
1,1,33.0,5.8,0,0,22.0,1,1,0,0,0
1,0,19.3,41.3,1,1,19.4,1,1,1,1,2
0,1,25.5,7.4,1,0,22.7,0,0,1,0,2
0,1,15.6,31.8,0,0,20.2,1,1,0,0,0
0,1,16.2,51.7,0,1,21.6,1,1,1,1,0
1,1,25.5,3.1,0,0,18.9,1,1,0,1,0
1,0,22.1,46.7,1,0,19.0,1,0,0,0,3
1,1,34.1,55.0,0,0,19.5,1,1,0,0,0
0,0,16.6,39.6,0,0,21.1,0,0,1,1,3
1,1,32.0,35.3,1,1,20.1,0,1,0,1,1
0,1,21.5,53.2,1,1,22.4,1,0,1,1,1
1,1,13.4,39.1,0,1,16.4,1,0,0,1,1
0,1,16.0,37.6,1,1,23.2,0,0,1,0,2
1,1,28.9,58.1,1,1,23.4,1,1,1,0,0
1,1,30.7,60.6,0,0,18.0,0,1,0,1,1
1,0,11.0,27.8,0,0,16.8,0,0,1,1,3
1,1,20.3,31.1,1,1,20.6,1,1,1,0,0
0,0,22.4,58.1,1,0,16.5,0,0,1,1,3
0,1,25.4,40.1,1,0,17.8,1,0,1,1,1
0,0,26.3,50.1,0,0,20.1,1,0,1,0,3
1,0,30.8,7.3,1,0,20.9,1,0,0,1,3
1,0,16.8,8.7,0,1,17.6,0,0,1,0,3
1,0,12.8,39.2,0,0,23.5,0,0,1,0,3
0,1,14.7,59.3,1,1,17.5,0,0,0,1,2
0,0,33.4,24.2,0,0,17.2,1,0,1,1,3
0,0,23.7,69.2,0,1,17.3,1,0,0,0,3
1,0,15.5,55.2,1,0,23.4,1,1,1,0,2
1,1,29.6,56.7,1,1,23.0,0,0,1,1,2
1,1,24.7,60.4,0,1,16.3,0,0,1,0,2
1,0,19.2,19.8,0,1,21.8,1,0,1,1,3
1,0,10.5,25.1,1,1,16.6,1,0,1,0,3
0,1,29.6,10.3,1,1,16.6,0,1,1,1,1
1,0,27.9,28.6,0,1,16.6,0,1,0,0,2
1,1,16.6,4.5,0,0,22.6,1,0,0,1,1
0,0,16.6,54.6,1,1,19.4,1,1,1,0,2
1,0,16.8,58.2,1,1,20.5,0,0,0,1,3
0,1,26.8,17.0,1,0,16.2,0,0,1,1,2
1,0,17.4,36.3,0,0,23.2,1,1,1,0,2
0,0,17.8,49.0,0,0,23.9,1,1,0,0,2
0,1,19.4,54.0,0,1,17.9,1,1,0,1,0
1,0,34.5,69.9,1,0,21.3,0,0,0,1,3
0,0,21.5,16.0,1,0,21.4,1,1,0,1,2
0,1,19.4,19.3,1,1,23.7,0,1,0,0,1
1,1,21.8,61.8,1,1,19.9,0,0,0,0,2
1,0,28.0,8.8,0,0,17.9,0,0,1,1,3
1,0,32.1,57.0,1,1,18.9,0,0,0,1,3
1,1,34.8,11.3,0,0,21.1,0,0,1,1,2
1,0,22.2,34.5,0,1,19.8,0,0,0,0,3
0,0,21.5,43.5,0,1,16.6,1,0,1,1,3
0,1,18.3,55.8,0,1,22.5,0,0,1,1,2
1,1,29.5,10.0,0,0,22.9,0,1,0,1,1
1,0,26.4,59.7,1,0,19.8,1,1,0,1,2
0,0,19.1,61.5,0,1,20.2,0,1,0,1,2
0,0,23.0,57.5,1,0,19.9,0,1,0,1,2
0,0,15.1,67.6,0,0,20.2,1,1,0,1,2
1,0,27.3,63.1,0,1,16.8,0,1,0,1,2
1,0,16.3,55.8,0,1,19.5,0,1,1,1,2
0,0,18.7,42.6,1,1,19.6,0,1,1,0,2
0,1,11.7,58.6,0,1,24.0,1,1,1,0,0
1,0,15.5,70.3,1,0,16.4,0,0,0,1,3
0,1,14.9,46.6,0,0,18.5,0,1,1,0,1
1,0,28.4,19.0,1,1,20.0,1,1,0,1,2
1,0,27.4,19.3,0,0,22.8,1,0,0,1,3
1,1,23.5,57.7,0,0,19.7,0,0,0,0,2
1,1,19.7,71.3,1,1,18.3,1,0,1,1,1
1,0,32.2,16.7,1,1,20.3,0,0,0,1,3
1,0,32.1,69.9,0,1,18.4,0,1,1,1,2
1,0,25.1,20.8,1,1,20.4,0,1,1,1,2
0,1,26.4,30.9,0,0,21.5,1,1,1,1,0
1,1,29.9,65.6,0,0,20.2,0,0,1,1,2
0,1,28.1,69.3,1,0,20.9,0,1,1,1,1
0,0,15.6,41.7,0,1,16.3,0,1,0,1,2
0,0,22.6,68.5,1,0,21.3,0,1,1,0,2
0,0,13.8,61.0,0,1,23.8,1,0,0,0,3
0,0,30.2,62.6,1,0,19.9,0,1,1,0,2
0,0,26.3,62.8,0,1,22.4,1,0,1,0,3
1,1,34.5,29.0,1,1,20.4,1,0,0,0,1
0,0,13.4,4.1,0,1,21.6,1,1,0,0,2
0,1,22.8,13.5,1,0,18.5,1,1,1,0,0
0,1,28.1,7.2,0,0,23.7,1,0,1,1,1
1,1,31.7,19.0,1,0,17.7,0,1,1,0,1
1,1,31.3,5.9,1,1,17.3,1,1,0,0,0
0,0,15.0,21.4,0,1,16.4,1,1,1,1,2
0,0,34.6,43.2,0,1,20.3,0,0,0,0,3
1,1,34.5,11.9,1,1,21.0,0,1,0,1,1
1,1,34.2,24.1,1,0,21.2,0,1,1,1,1
0,0,25.3,17.7,1,0,17.4,1,0,1,1,3
1,1,30.8,8.7,0,1,21.2,0,1,1,1,1
0,1,11.9,49.3,1,1,17.3,0,1,0,1,1
0,0,16.4,64.5,1,0,22.0,0,0,1,1,3
0,1,12.3,52.1,0,1,18.2,0,0,1,0,2
0,0,22.6,49.9,1,0,19.4,0,0,1,0,3
1,1,34.1,70.8,1,0,18.9,1,1,1,1,0
0,1,26.2,53.2,0,1,18.9,0,0,1,1,2
1,1,21.5,5.3,0,0,21.8,1,1,0,1,0
0,0,29.8,17.3,1,1,24.0,0,0,0,1,3
1,1,23.8,46.6,1,1,20.2,1,0,1,1,1
0,1,21.4,46.7,1,1,19.2,0,0,0,1,2
0,0,25.7,60.3,1,0,18.3,1,0,1,0,3
1,1,22.8,13.1,1,0,21.0,0,0,0,0,2
1,1,26.0,70.7,1,0,19.6,1,0,1,1,1
1,0,30.1,38.1,1,0,22.2,1,1,0,0,2
1,0,21.6,66.4,0,1,20.9,1,1,0,0,2
0,1,20.4,39.1,1,1,19.3,1,0,0,1,1
0,0,24.0,15.1,0,0,23.6,1,0,1,0,3
1,1,32.6,26.6,1,0,16.1,0,0,1,0,2
1,0,20.6,17.5,1,0,21.5,0,1,1,1,2
1,0,31.2,20.5,0,0,19.3,1,1,0,0,2
1,0,25.4,64.3,1,0,17.0,0,1,1,1,2
0,1,10.3,28.4,0,1,16.7,0,0,0,0,2
1,0,21.9,14.8,0,0,21.2,1,0,0,0,3
0,0,15.3,27.5,1,0,17.2,0,1,0,1,2
1,1,13.8,45.2,1,1,22.8,0,1,1,0,1
1,1,15.9,16.1,0,0,18.5,0,1,1,1,1
0,0,27.8,5.6,1,0,18.8,1,1,0,1,2
0,0,25.7,63.0,1,1,21.3,0,0,1,0,3
0,0,23.4,18.7,0,0,17.8,0,1,1,1,2
0,1,22.4,67.5,0,1,16.1,1,1,0,1,0
0,0,19.7,5.3,0,1,19.6,1,0,0,0,3
1,1,32.2,47.6,0,1,20.2,0,1,0,1,1
0,1,33.3,48.6,1,1,19.6,0,1,0,1,1
1,1,29.1,12.9,1,1,19.7,1,1,1,1,0
0,1,17.2,48.6,1,1,21.3,1,1,0,1,0
1,0,32.8,29.1,0,0,22.8,0,1,0,1,2
0,1,30.5,28.7,1,0,18.9,1,1,1,0,0
1,0,13.1,63.4,1,0,22.3,1,1,1,1,2
1,1,18.5,68.7,1,0,16.5,0,0,1,1,2
1,0,18.2,13.9,1,1,19.8,0,1,0,1,2
1,1,28.3,49.9,0,1,19.0,1,1,1,0,0
0,1,23.1,12.8,0,1,19.7,1,0,0,1,1
1,0,16.7,4.5,1,0,16.7,1,1,0,1,2
0,0,15.8,12.5,1,1,17.1,0,1,1,0,2
1,1,21.4,46.4,1,0,18.3,1,1,0,0,0
1,1,26.6,52.9,1,1,18.2,0,1,0,0,1
0,0,22.7,37.5,0,1,19.1,1,1,0,1,2
0,0,16.5,68.6,1,0,19.7,1,1,0,0,2
0,0,25.5,55.5,0,1,17.8,1,0,1,1,3
1,1,35.0,13.3,0,1,21.0,0,1,1,1,1
1,1,14.4,16.6,1,1,19.0,0,1,0,0,1
0,0,23.2,43.7,0,1,16.5,0,0,1,1,3
1,0,19.4,25.3,0,0,17.9,1,0,1,1,3
0,0,15.5,2.1,0,0,20.5,0,0,1,0,3
0,1,31.9,3.7,1,1,20.9,0,1,0,0,1
1,1,33.9,30.6,0,1,22.4,0,1,0,1,1
1,0,18.8,38.7,0,0,18.0,1,1,1,0,2
1,0,18.7,47.7,1,1,20.5,0,1,0,0,2
0,1,12.3,55.4,0,1,19.8,1,1,0,1,0
1,1,25.4,69.8,0,1,22.8,1,1,1,1,0
1,0,10.7,60.7,1,0,21.8,1,1,0,1,2
0,1,22.4,26.9,1,0,17.1,1,1,0,0,0
1,1,13.8,39.4,0,1,23.7,1,1,0,1,0
0,1,26.8,17.1,1,0,18.8,1,1,1,1,0
0,1,33.2,69.8,0,1,23.6,0,0,0,1,2
1,0,12.2,39.5,1,0,18.3,0,1,1,0,2
1,0,29.4,19.5,0,1,19.8,0,1,0,0,2
0,0,30.8,52.7,0,0,20.4,1,0,1,0,3
0,0,14.4,36.2,1,1,16.5,0,1,1,1,2
1,1,33.1,71.8,0,1,21.7,1,1,0,1,0
0,1,25.5,7.2,1,0,16.8,0,1,1,1,1
0,0,23.4,25.5,0,1,17.3,1,0,1,1,3
0,0,26.8,67.9,0,0,18.3,0,0,0,1,3
1,1,17.2,34.3,1,1,23.7,1,0,0,1,1
1,0,10.6,23.8,1,0,23.8,1,0,1,0,3
1,0,21.1,44.3,0,0,19.9,1,0,0,1,3
1,1,28.6,48.5,1,1,20.3,1,0,0,0,1
0,1,33.0,8.5,0,1,17.7,0,1,1,1,1
1,1,20.8,20.2,0,0,19.3,1,0,1,1,1
1,0,16.6,23.6,0,0,23.9,1,0,0,0,3
1,0,13.3,19.2,0,0,22.3,0,0,0,0,3
1,1,33.4,28.8,0,0,21.6,1,0,0,1,1
0,0,15.8,25.4,1,0,18.2,0,0,0,1,3
0,1,32.8,53.2,1,1,22.1,0,0,0,0,2
1,0,14.6,43.9,0,1,23.7,0,1,1,0,2
0,1,10.5,32.0,1,1,23.9,1,0,1,0,1
0,1,15.6,16.0,1,0,20.8,0,1,0,1,1
0,0,22.3,31.4,0,0,17.3,1,1,1,0,2
1,0,18.7,14.6,0,1,23.7,1,0,0,0,3
1,0,32.7,68.7,1,1,20.3,1,0,0,1,3
0,0,23.6,14.2,1,0,16.3,1,1,1,1,2
1,1,12.9,62.1,0,1,16.7,0,0,1,1,2
1,0,25.6,45.1,0,0,20.6,0,0,1,1,3
1,0,19.7,58.8,0,0,22.7,1,0,0,0,3
1,1,27.0,64.2,0,1,23.5,1,0,1,1,1
0,0,29.7,58.3,1,0,23.6,1,0,0,0,3
0,0,34.6,43.3,0,0,20.6,1,1,1,1,2
1,1,24.4,20.7,0,0,23.9,1,0,1,0,1
1,1,19.2,48.2,1,1,17.2,0,1,0,0,1
0,0,20.8,2.3,0,1,16.8,0,1,1,1,2
1,0,20.1,28.4,0,0,16.2,0,0,1,0,3
1,1,21.3,62.1,1,1,22.2,0,1,0,0,1
0,1,10.8,42.6,0,1,23.3,0,1,1,1,1
0,0,16.2,20.2,0,1,22.7,0,0,0,0,3
0,0,34.7,64.5,0,0,23.5,1,0,0,0,3
0,0,33.2,3.1,0,1,20.4,0,1,1,1,2
1,1,11.2,63.8,0,0,22.1,1,0,0,0,1
0,1,34.5,55.2,1,1,18.7,1,0,1,1,1
0,1,29.8,12.2,1,1,22.1,1,0,1,1,1
1,1,10.1,6.4,0,0,22.0,0,1,0,0,1
0,0,32.8,68.6,0,1,19.5,0,0,1,0,3
1,0,34.0,6.7,1,0,16.4,0,1,0,1,2
1,0,25.7,70.2,1,0,18.1,0,1,0,1,2
0,0,29.7,31.4,1,1,23.1,1,1,0,0,2
1,1,18.3,26.7,1,0,20.7,0,1,1,0,1
0,1,24.3,47.5,0,0,19.2,0,0,0,1,2
0,0,28.3,36.7,1,0,23.6,0,0,0,0,3
0,1,24.0,29.3,0,1,18.9,0,0,0,1,2
1,1,17.6,46.8,1,1,18.6,1,1,0,0,0
1,0,26.2,26.5,1,1,22.2,1,0,1,1,3
1,1,31.0,4.4,0,0,18.8,0,1,1,0,1
0,0,30.9,59.7,1,1,19.6,1,1,1,0,2
1,0,13.3,38.0,1,0,21.8,0,0,0,1,3
1,0,21.1,50.1,0,0,19.4,0,1,1,1,2
1,0,11.0,42.3,1,1,18.6,1,1,0,0,2
0,0,25.8,45.0,1,0,16.1,0,1,0,0,2
0,0,16.1,17.3,1,0,22.9,0,1,1,1,2
0,1,33.3,67.4,1,0,20.2,1,1,0,1,0
0,1,25.5,33.3,1,1,22.8,1,0,0,0,1
1,0,20.0,66.4,0,1,20.9,0,0,0,1,3
1,0,28.3,58.5,1,0,17.6,1,1,1,0,2
1,0,15.2,52.4,1,0,18.9,0,1,1,0,2
1,1,12.3,34.2,0,1,19.3,1,1,1,1,0
0,1,12.2,3.6,0,0,21.9,0,1,1,1,1
1,1,24.6,24.1,0,1,20.4,1,0,1,0,1
1,1,32.2,48.5,1,0,21.1,1,1,1,1,0
1,1,15.6,25.1,1,1,22.0,1,0,1,1,1
1,1,29.0,8.9,1,1,18.2,0,0,1,1,2
0,0,10.9,38.2,1,1,23.1,1,1,1,1,2
1,0,18.8,12.8,1,0,19.6,0,1,0,0,2
1,0,26.3,23.4,0,0,21.3,1,1,1,0,2
1,0,30.7,37.1,1,1,17.7,1,1,1,0,2
0,0,33.6,10.1,1,0,17.9,1,0,1,1,3
1,0,25.8,9.9,0,0,21.9,1,0,1,1,3
1,0,21.6,16.7,0,0,18.8,0,1,0,1,2
1,0,11.5,43.4,0,0,23.0,0,0,1,0,3
1,0,16.9,67.3,0,1,21.3,0,0,1,0,3
1,1,33.1,18.7,0,0,21.3,0,0,1,1,2
1,1,24.6,52.4,0,0,19.0,0,1,0,1,1
0,0,18.6,15.3,1,1,23.2,0,1,1,0,2
0,0,16.2,46.5,0,1,23.6,1,1,0,0,2
0,1,12.8,11.6,1,0,18.1,1,1,0,1,0
1,0,28.8,61.2,1,1,20.1,0,0,1,1,3
0,0,20.3,54.0,0,1,23.3,1,0,1,1,3
0,1,33.4,49.7,0,0,16.8,1,1,0,0,0
1,0,21.4,3.0,0,0,18.4,1,1,1,1,2
0,1,30.5,60.5,1,1,23.6,1,0,0,0,1
0,0,13.3,12.6,0,0,19.9,0,1,0,0,2
0,0,13.8,39.3,1,1,23.6,0,1,1,0,2
1,0,16.8,56.4,1,0,19.0,0,1,0,1,2
0,0,14.8,46.2,1,1,20.2,1,1,0,1,2
1,0,34.4,59.3,1,1,19.6,0,1,1,0,2
0,0,30.2,51.6,0,0,19.7,1,1,1,0,2
1,1,18.7,54.9,1,0,23.3,1,1,0,0,0
0,0,23.0,22.9,0,0,21.6,1,1,1,1,2
1,1,23.3,28.5,0,1,23.6,0,1,0,1,1
0,0,25.2,37.1,1,1,18.6,1,0,1,0,3
0,1,12.6,43.0,1,0,24.0,0,1,1,1,1
0,0,18.7,50.4,1,0,21.7,0,0,0,1,3
0,1,12.1,40.9,0,0,17.1,1,0,0,0,1
0,1,33.0,51.7,0,1,19.3,1,0,1,1,1
0,1,20.1,12.6,0,1,18.0,0,0,1,0,2
1,1,28.2,29.6,0,1,17.9,1,1,0,1,0
1,1,33.0,65.9,1,1,23.4,0,1,1,1,1
0,0,17.7,17.2,1,0,23.7,1,1,1,1,2
1,0,12.2,12.1,0,0,16.1,1,0,1,0,3
0,0,18.4,54.1,0,0,17.1,1,1,0,1,2
0,1,26.8,15.6,1,1,18.2,1,0,1,1,1
0,1,22.5,34.0,0,0,22.8,0,0,0,1,2
0,1,11.9,51.8,0,0,20.9,0,1,1,1,1
0,1,11.8,35.9,1,1,20.5,1,1,0,0,0
0,0,27.5,65.1,1,0,20.8,0,1,0,0,2
1,1,28.4,63.5,1,0,23.6,0,0,1,1,2
0,0,12.7,37.2,1,1,18.2,0,0,1,0,3
1,1,29.9,69.3,0,0,17.0,0,1,0,1,1
1,1,18.6,22.4,0,1,20.9,0,0,0,0,2
0,1,11.7,18.4,1,1,23.8,1,0,0,1,1
1,1,18.3,48.9,0,0,21.7,0,1,0,0,1
0,1,28.3,42.1,0,0,23.1,0,0,0,0,2
0,0,26.4,19.6,0,1,23.2,1,1,0,1,2
0,0,22.0,28.0,1,0,17.8,1,1,1,1,2
1,0,17.0,18.3,0,1,21.5,0,0,0,0,3
0,1,20.4,18.6,1,1,22.9,1,0,1,0,1
1,0,19.5,27.7,1,0,16.8,1,1,0,1,2
1,1,19.8,66.7,0,1,21.2,0,1,0,0,1
0,1,22.2,60.4,1,0,18.2,0,0,1,0,2
1,0,21.4,37.9,1,0,22.6,1,1,0,0,2
1,1,12.6,35.4,0,0,17.8,1,0,1,0,1
1,1,17.3,4.2,1,0,19.0,1,0,0,1,1
0,0,13.2,34.4,1,1,21.4,1,1,1,1,2
1,0,25.1,45.7,0,1,20.4,1,0,1,0,3
0,1,20.6,56.5,1,1,17.0,1,0,0,0,1
1,1,26.8,26.9,1,0,17.8,0,0,1,1,2
0,1,12.2,66.4,1,1,23.1,1,0,1,1,1
0,0,18.6,60.8,1,1,23.9,0,1,1,1,2
1,1,14.5,7.8,1,1,21.6,0,1,1,1,1
1,1,12.3,65.2,1,0,16.1,0,0,1,1,2
1,0,29.3,17.6,0,0,21.9,0,0,1,1,3
1,0,13.3,66.6,0,0,21.1,1,0,0,1,3
0,1,14.4,46.1,0,1,19.3,0,1,1,1,1
0,1,19.2,30.8,0,1,17.8,1,0,1,0,1
0,1,17.3,32.6,1,1,17.3,0,0,0,0,2
1,1,33.0,41.4,1,1,16.7,0,1,1,1,1
1,0,34.7,61.1,1,1,21.1,0,1,1,1,2
0,0,20.6,60.6,0,0,18.7,0,0,1,0,3
0,1,15.0,31.0,0,0,20.1,0,1,1,1,1
0,0,22.5,61.4,1,1,20.2,1,0,0,0,3
1,0,22.4,35.0,0,1,20.9,1,1,1,1,2
1,0,21.7,31.2,1,1,20.8,1,0,1,0,3
0,0,10.5,19.0,1,1,20.2,1,1,0,0,2
0,1,13.2,60.0,0,0,17.2,0,1,1,0,1
0,1,13.5,45.4,0,1,16.2,1,1,1,0,0
0,1,18.8,32.2,0,0,20.6,0,1,0,0,1
0,1,24.5,48.4,1,0,19.4,1,1,1,0,0
0,0,31.9,62.3,0,0,19.3,0,0,0,0,3
1,1,15.6,15.8,1,0,19.4,0,1,1,0,1
1,1,29.3,29.5,0,0,16.9,1,1,1,1,0
0,1,15.7,28.6,0,0,17.4,1,1,1,1,0
1,1,10.8,7.3,1,0,21.3,1,0,1,0,1
0,0,26.2,25.4,1,1,20.1,1,0,0,0,3
1,1,15.4,55.3,0,1,20.9,1,1,0,1,0
1,1,33.0,19.7,1,1,17.0,1,1,0,0,0
1,0,33.3,58.8,0,1,22.5,0,0,1,1,3
1,0,12.6,68.9,1,0,19.0,0,1,0,1,2
0,0,14.9,17.7,1,1,20.9,0,0,0,1,3
1,0,15.3,30.7,1,0,19.7,1,1,0,0,2
1,1,32.8,11.2,1,0,19.7,0,1,0,1,1
0,0,12.0,50.5,0,1,22.2,1,0,1,1,3
0,0,28.8,35.8,0,0,16.9,0,0,0,1,3
1,1,17.2,43.2,0,1,16.6,1,0,0,1,1
0,0,24.6,56.5,0,0,16.8,0,1,1,0,2
0,1,14.4,56.3,0,1,24.0,1,0,1,0,1
1,1,30.2,38.1,1,0,23.4,1,0,0,0,1
1,0,26.8,63.8,1,0,21.6,1,1,0,0,2
0,0,10.5,67.2,1,1,19.6,0,0,1,0,3
0,0,15.9,46.1,1,1,16.7,1,1,1,1,2
1,1,21.7,4.7,1,0,22.6,1,1,0,0,0
1,1,23.3,56.3,1,1,17.5,0,1,0,0,1
0,1,30.7,64.4,0,0,18.2,0,0,0,0,2
1,1,19.7,41.0,1,1,22.7,0,1,0,1,1
1,1,33.2,51.0,1,1,18.1,0,0,0,0,2
1,1,14.8,26.9,0,0,22.8,1,0,1,1,1
0,1,31.4,37.1,1,1,22.3,0,0,0,1,2
0,0,32.6,57.9,0,0,22.7,0,1,0,0,2
1,1,25.7,63.3,1,1,21.4,0,0,0,0,2
1,1,34.2,10.1,1,1,18.8,0,1,1,1,1
1,1,20.3,3.2,1,0,21.2,1,1,0,1,0
0,0,27.5,28.2,0,0,22.6,0,0,1,1,3
0,1,10.3,29.4,1,1,22.0,1,1,0,0,0
0,0,16.9,56.1,1,0,22.9,0,1,1,0,2
1,1,24.2,2.6,0,0,23.9,1,1,1,1,0
0,0,31.9,55.5,1,1,21.5,0,1,1,0,2
1,1,33.8,39.5,1,0,23.4,1,1,1,0,0
1,1,24.5,50.8,1,0,18.2,1,1,0,0,0
0,0,31.4,37.6,1,0,23.8,0,0,1,1,3
1,0,30.0,57.4,1,0,23.3,1,1,0,0,2
1,0,29.3,32.6,0,1,16.3,0,1,0,1,2
1,0,12.8,26.2,0,0,20.7,0,0,1,1,3
0,0,22.0,46.6,0,0,20.0,0,1,0,0,2
1,1,22.2,33.1,1,1,22.5,0,1,0,1,1
1,1,29.7,23.2,0,1,17.0,0,0,0,1,2
1,1,24.7,65.9,0,0,20.2,1,1,1,0,0
0,1,30.5,52.6,1,0,20.0,0,1,1,0,1
0,1,33.9,15.8,0,1,19.2,0,1,0,1,1
1,1,23.9,53.8,1,1,23.9,1,0,0,1,1
1,1,29.8,19.7,0,1,20.3,1,0,0,1,1
0,1,24.0,32.2,1,0,19.3,1,0,1,0,1
0,1,25.6,17.2,1,1,22.9,0,1,1,1,1
1,1,21.9,9.9,1,1,17.1,0,0,0,0,2
1,0,34.0,29.9,0,1,18.3,0,0,0,1,3
1,1,30.4,40.9,1,1,18.2,0,0,1,0,2
1,1,28.8,23.1,1,1,23.5,0,0,0,1,2
1,0,18.2,7.3,1,1,23.0,1,0,1,1,3
0,1,22.1,19.5,0,0,20.9,0,1,1,0,1
1,1,31.6,19.2,0,1,18.6,1,1,0,1,0
0,0,33.4,43.4,0,0,19.7,0,1,1,1,2
1,0,34.9,21.8,0,1,20.6,1,0,0,1,3
0,1,28.4,39.4,1,1,20.3,1,0,0,1,1
1,1,28.3,34.9,1,0,18.0,0,0,0,0,2
1,1,12.3,20.6,0,0,17.0,1,0,0,0,1
0,1,28.8,53.9,1,1,23.3,0,0,1,0,2
0,0,18.7,48.7,0,0,21.1,0,1,0,0,2
1,0,31.6,49.6,1,1,17.2,1,1,1,0,2
0,1,10.3,32.4,1,1,23.9,0,0,1,0,2
1,1,33.4,24.2,1,0,19.3,0,1,0,0,1
0,0,22.1,43.4,1,0,21.9,0,0,1,0,3
0,1,13.2,69.1,1,0,17.4,1,0,0,0,1
1,0,25.0,32.4,0,0,23.5,0,1,0,0,2
1,1,27.3,48.6,0,0,16.6,0,1,0,0,1
1,0,29.5,33.0,1,0,23.6,1,1,0,1,2
0,1,27.5,67.3,0,0,21.8,1,1,0,1,0
0,0,23.8,20.5,0,1,17.8,0,1,1,0,2
1,0,12.0,34.1,0,1,17.4,1,1,1,1,2
0,1,31.6,36.6,0,1,22.7,0,1,0,1,1
0,1,34.6,53.0,1,1,16.3,0,1,0,0,1
1,0,29.5,52.5,1,1,16.9,1,1,0,0,2
1,0,10.9,53.8,1,1,21.4,0,0,0,1,3
1,0,28.9,53.3,1,0,16.6,1,1,1,0,2
0,0,16.7,34.9,0,0,20.3,0,0,1,1,3
0,1,34.1,12.9,1,1,20.6,0,0,1,0,2
0,0,11.6,62.9,0,0,16.1,1,1,0,1,2
0,1,12.3,24.7,1,0,19.0,1,0,0,1,1
1,1,14.5,9.7,1,0,16.2,1,1,0,1,0
1,0,28.8,11.0,0,0,23.7,1,0,0,1,3
0,1,26.3,36.6,0,0,17.7,0,0,0,1,2
1,0,28.2,31.8,1,1,21.5,1,0,0,0,3
0,0,18.8,48.4,1,1,21.4,0,1,1,1,2
0,1,32.0,44.8,0,0,22.2,0,0,0,0,2
1,1,21.2,9.5,0,1,18.7,1,1,1,0,0
0,0,13.4,22.8,1,1,17.5,1,0,1,0,3
1,1,29.2,64.7,1,0,20.2,1,0,1,0,1
1,1,23.2,55.7,1,1,21.6,1,0,0,0,1
1,1,24.8,62.9,1,0,22.0,1,1,1,1,0
1,1,19.6,3.5,0,0,16.4,1,1,1,0,0
0,0,27.8,65.8,0,1,22.0,0,0,1,1,3
0,1,10.9,62.3,1,1,16.9,1,0,1,0,1
0,0,22.3,33.7,1,0,20.2,0,0,1,0,3
0,1,20.7,49.2,1,1,20.4,1,1,1,1,0
1,0,28.7,21.0,1,0,17.0,1,0,0,1,3
1,1,16.6,48.1,0,1,23.7,0,1,0,1,1
1,1,15.8,57.9,0,0,21.1,0,0,0,1,2
1,0,18.0,35.8,1,0,17.8,1,0,0,1,3
1,0,22.0,4.0,1,0,16.4,0,1,0,0,2
1,0,15.2,31.1,1,0,22.2,1,1,0,1,2
0,1,27.1,52.7,1,1,22.7,1,0,0,1,1
1,0,18.3,51.3,1,1,16.7,1,1,0,1,2
1,1,20.5,36.0,1,1,18.1,1,0,1,1,1
1,1,23.9,71.0,0,0,21.1,0,1,0,0,1
1,0,19.4,10.2,0,1,19.4,0,0,1,1,3
1,1,27.5,13.1,0,0,18.7,1,1,1,0,0
0,1,26.4,20.1,0,0,19.4,1,1,1,1,0
1,1,28.9,58.2,0,0,20.0,0,0,1,0,2
1,1,23.1,55.4,0,1,17.5,1,0,0,0,1
0,0,19.2,56.1,1,0,19.1,0,1,1,0,2
0,0,15.0,63.6,0,1,16.6,0,0,0,1,3
0,1,20.9,33.0,0,0,16.0,0,0,0,0,2
1,0,31.8,24.3,1,1,23.8,0,1,1,0,2
0,0,13.0,44.0,1,1,16.4,1,1,0,0,2
0,0,15.4,30.7,1,0,16.3,1,1,0,1,2
1,0,26.6,38.7,1,1,23.1,0,0,0,0,3
1,1,24.4,11.8,0,1,23.8,1,1,1,1,0
0,1,32.9,29.7,0,1,22.8,0,0,1,0,2
1,0,10.7,35.1,1,1,17.1,0,1,0,1,2
0,0,32.0,8.1,1,1,21.1,0,0,0,1,3
0,0,28.1,71.6,1,1,21.6,1,0,1,1,3
0,1,29.4,4.6,1,0,22.2,1,1,0,0,0
1,0,19.5,66.4,1,0,16.9,0,0,0,1,3
0,1,17.7,7.6,0,0,19.1,1,0,0,0,1
0,1,10.4,62.2,1,0,18.2,0,0,1,0,2
1,0,29.7,40.4,1,1,21.2,1,1,1,1,2
0,1,14.0,15.7,0,1,18.7,1,1,0,1,0
1,0,15.7,18.2,1,0,20.1,0,0,0,0,3
1,1,16.9,26.6,1,0,21.0,0,1,0,1,1
0,0,31.7,57.6,0,1,22.9,1,0,0,1,3
1,1,17.2,12.3,0,1,23.4,1,1,1,0,0
1,0,20.6,19.0,0,1,21.5,1,0,1,0,3
0,1,28.7,50.5,0,1,17.3,0,1,0,0,1
1,1,32.3,45.0,1,1,23.1,1,1,1,0,0
0,1,29.8,31.5,1,1,17.6,0,0,0,0,2
0,0,23.4,6.2,1,1,16.4,0,0,1,0,3
0,1,10.1,41.1,0,0,19.5,0,1,1,1,1
0,0,13.9,18.0,1,0,21.5,1,0,1,1,3
0,0,16.3,44.8,0,1,17.2,1,1,0,1,2
1,1,20.3,21.2,0,0,18.4,1,1,1,1,0
0,0,19.1,70.6,0,0,16.6,0,1,0,1,2
1,0,22.9,43.3,0,0,20.9,1,1,1,1,2
0,0,20.3,42.0,0,1,21.7,0,1,0,0,2
0,1,28.2,60.6,0,1,20.2,1,0,0,0,1
1,1,11.3,71.5,0,0,19.6,0,0,1,1,2
1,1,34.9,56.5,0,0,22.8,0,1,1,1,1
0,1,31.1,43.6,0,0,19.4,1,0,0,1,1
1,1,18.4,62.4,0,1,19.5,1,0,0,0,1
1,0,19.9,14.7,0,0,20.6,0,0,1,0,3
0,0,34.1,55.5,1,1,21.6,1,1,0,0,2
0,0,33.4,49.6,1,1,22.2,0,0,1,0,3
1,1,19.8,41.4,0,0,16.3,1,0,0,1,1
0,1,11.5,62.7,1,1,22.8,1,0,0,1,1
1,0,34.7,51.7,1,0,19.6,1,0,0,0,3
0,1,26.3,52.2,1,0,23.2,1,0,1,1,1
1,0,27.3,65.7,0,0,20.3,0,1,1,1,2
0,1,16.9,51.0,1,0,19.8,1,0,1,0,1
0,0,30.5,19.9,0,0,17.6,0,1,1,0,2
1,0,23.9,14.9,1,1,19.8,1,1,1,1,2
1,1,21.8,37.9,0,0,19.9,1,1,0,0,0
0,1,28.5,18.4,1,0,23.2,0,0,0,1,2
1,0,19.3,51.0,1,1,23.1,0,0,0,1,3
0,0,20.7,61.0,0,0,19.9,0,1,1,0,2
1,1,26.3,22.4,1,0,22.9,0,1,0,1,1
0,1,26.0,65.9,0,1,22.8,0,1,0,1,1
0,0,34.3,54.3,1,0,23.6,1,1,1,1,2
1,1,24.1,71.2,1,0,18.9,1,0,0,1,1
0,0,18.0,15.9,0,1,17.7,1,0,0,1,3
0,1,17.2,34.3,1,0,23.6,1,0,0,0,1
1,0,23.4,46.8,1,1,20.7,1,1,0,1,2
0,0,13.0,55.4,1,0,19.7,1,0,1,1,3
0,0,24.7,65.8,0,0,19.3,0,0,0,1,3
0,1,19.8,64.4,1,1,16.7,0,0,0,0,2
0,1,18.8,18.5,1,0,17.6,1,1,0,1,0
1,0,14.8,31.6,0,1,18.3,0,0,1,0,3
0,1,22.4,52.3,1,0,20.4,0,1,1,0,1
1,0,10.9,11.3,0,0,20.1,0,1,0,0,2
1,1,25.2,69.2,1,1,20.3,1,1,1,0,0
0,1,17.1,54.3,1,0,16.6,0,0,0,1,2
1,1,32.6,60.0,1,0,16.1,0,0,0,0,2
0,0,23.2,65.5,0,0,19.7,0,1,0,0,2
1,0,29.5,14.5,0,1,17.5,0,1,0,0,2
0,0,31.3,31.5,0,0,23.1,0,1,0,0,2
1,1,32.0,47.6,1,0,19.4,0,0,1,1,2
1,0,31.8,59.6,1,0,18.8,0,1,1,0,2
0,0,15.6,53.7,1,0,20.4,1,0,0,1,3
0,0,17.6,10.5,1,0,21.0,0,1,1,0,2
0,1,27.7,47.2,1,0,16.7,1,1,1,1,0
1,0,23.4,22.6,1,1,21.9,1,0,0,1,3
0,1,25.2,30.5,0,0,17.1,1,0,1,0,1
1,1,26.9,71.6,0,0,19.1,1,0,0,0,1
0,1,12.9,13.0,0,1,18.9,1,1,1,1,0
0,0,14.2,9.3,0,1,20.6,1,1,0,0,2
1,1,25.9,30.6,0,1,21.5,0,0,1,0,2
1,1,25.6,62.5,1,1,22.4,1,1,1,0,0
1,1,30.4,13.4,1,0,20.2,0,1,0,0,1
1,1,27.3,7.6,1,0,17.2,0,1,0,1,1
1,1,15.2,31.3,1,0,21.6,1,0,1,0,1
0,1,11.8,46.3,1,1,19.8,0,1,1,0,1
1,0,19.8,12.8,0,0,20.7,0,0,0,1,3
0,1,19.3,58.3,0,1,19.5,0,0,0,1,2
0,1,29.2,61.2,0,0,19.3,1,0,0,1,1
0,1,26.8,38.6,0,0,21.6,0,1,0,1,1
0,0,31.8,4.1,1,1,20.2,0,1,1,1,2
0,0,22.6,38.1,0,0,22.9,1,0,1,0,3
0,1,17.2,17.0,0,1,21.9,1,0,0,0,1
1,1,22.6,33.2,1,1,19.8,0,1,1,0,1
0,0,15.4,55.2,0,0,17.7,1,0,1,1,3
1,0,11.5,5.8,0,0,16.1,1,1,0,0,2
1,1,22.5,2.0,1,1,17.6,1,1,0,0,0
1,0,20.3,11.3,0,1,18.3,1,0,0,1,3
0,0,10.8,5.2,1,0,16.9,1,0,1,1,3
1,1,28.0,20.2,0,1,21.4,0,1,0,0,1
0,1,26.1,30.3,0,1,18.6,0,1,0,0,1
0,0,11.8,56.6,0,0,16.2,1,1,0,1,2
1,0,27.8,4.1,0,1,19.5,1,0,1,0,3
0,1,12.1,26.6,1,1,22.3,1,0,1,1,1
0,1,22.9,67.1,1,1,18.7,1,0,1,0,1
1,1,25.6,42.3,0,1,23.2,1,1,1,0,0
0,0,22.5,59.9,0,0,22.8,0,0,1,1,3
0,1,28.7,35.8,1,0,23.1,0,1,0,0,1
0,1,19.6,8.8,1,0,21.3,0,1,1,1,1
0,0,15.3,15.1,1,0,22.5,0,0,0,1,3
0,1,22.2,55.1,1,0,19.1,0,1,0,0,1
1,0,18.6,62.5,0,0,21.5,1,0,1,1,3
0,0,13.8,34.7,1,1,17.8,1,1,0,1,2
1,0,21.8,36.5,0,1,17.6,1,0,1,0,3
0,0,15.0,33.5,1,0,23.5,1,0,1,1,3
0,0,21.8,3.3,0,1,20.4,0,0,1,1,3
0,0,24.8,8.7,0,0,16.6,1,1,0,0,2
1,1,29.6,71.4,0,1,17.6,1,0,1,1,1
1,0,31.3,4.9,0,0,19.7,0,1,1,1,2
0,1,26.7,26.4,1,1,22.8,0,1,0,0,1
0,0,32.3,50.3,1,0,23.2,1,1,1,1,2
1,1,23.9,31.7,1,1,16.9,1,0,1,1,1
1,0,27.8,70.8,1,1,16.5,0,1,1,1,2
1,1,29.3,4.3,0,0,17.0,0,1,0,1,1
1,0,30.6,63.2,1,1,21.4,1,1,0,1,2
1,0,28.8,11.4,0,1,20.3,1,0,1,1,3
0,1,32.6,16.3,1,1,21.9,0,1,0,1,1
0,0,21.8,39.0,1,0,20.7,0,1,0,1,2
1,0,33.8,63.0,1,1,16.8,1,0,1,0,3
1,1,20.0,31.0,1,0,18.1,1,0,1,1,1
1,1,11.8,22.6,1,0,18.7,1,0,1,1,1
0,0,14.6,30.1,0,0,21.7,1,1,0,1,2
1,0,24.0,8.6,0,0,20.8,0,1,1,1,2
0,0,10.4,60.7,0,0,23.6,0,0,0,0,3
0,0,13.9,66.1,0,1,17.2,0,0,0,1,3
1,1,19.4,49.3,0,1,23.5,0,1,0,1,1
1,0,25.6,33.1,0,1,17.8,1,1,0,0,2
0,0,14.1,45.0,0,0,18.7,1,1,1,0,2
0,0,24.4,40.6,1,1,16.3,1,0,1,1,3
1,0,26.6,5.6,1,1,18.4,1,1,1,1,2
0,1,29.1,29.6,1,0,17.6,0,1,1,0,1
0,0,26.5,48.0,1,0,17.7,1,0,0,1,3
0,1,16.3,61.3,1,1,20.6,0,0,0,1,2
1,0,34.9,27.1,0,0,22.2,0,1,0,1,2
0,0,32.2,59.3,1,1,22.0,1,0,0,0,3
1,1,19.3,55.0,1,1,22.6,0,0,0,1,2
1,1,10.7,67.1,0,1,21.9,0,1,1,0,1
0,0,23.2,71.3,0,1,23.8,0,0,1,0,3
1,1,31.6,4.9,0,0,16.1,0,1,0,1,1
1,1,30.5,32.6,0,0,23.9,1,1,1,1,0
0,1,32.4,56.1,0,1,19.3,0,0,0,0,2
1,0,34.2,59.6,1,0,19.8,0,0,1,0,3
1,1,27.8,7.8,0,1,20.6,1,1,1,0,0
1,0,14.1,44.5,1,0,16.1,0,1,1,0,2
1,1,10.9,64.9,1,1,17.5,1,1,1,1,0
1,0,13.8,17.9,1,1,19.6,1,0,1,0,3
0,1,15.0,26.3,0,1,22.2,0,1,0,1,1
0,1,11.5,29.6,0,0,23.0,1,1,0,0,0
0,0,21.3,29.6,0,1,17.2,1,0,0,1,3
1,1,29.6,41.3,0,0,18.1,1,0,1,1,1
1,1,10.1,6.3,1,0,20.9,0,0,0,1,2
0,1,30.1,56.5,1,1,18.9,1,1,0,1,0
0,0,33.1,10.6,0,0,18.4,1,0,0,0,3
0,1,13.8,58.9,0,1,19.1,1,1,1,0,0
1,0,10.5,3.2,1,0,21.6,1,0,0,1,3
0,0,22.0,57.1,1,0,17.6,0,1,1,0,2
0,1,31.7,26.9,1,0,16.5,1,1,1,1,0
0,1,28.4,47.9,1,1,16.0,1,1,1,0,0
0,0,10.9,14.5,0,1,20.2,1,1,0,0,2
1,1,26.8,39.6,0,0,18.0,1,1,0,0,0
0,0,30.4,22.9,0,0,20.5,0,1,0,0,2
0,1,16.8,2.3,1,1,23.0,0,1,1,1,1
1,1,26.3,52.8,1,0,18.3,1,1,1,0,0
1,0,22.3,11.2,1,0,17.5,0,1,1,0,2
0,1,15.1,67.8,1,1,16.0,1,0,1,1,1
0,1,32.5,40.1,1,1,23.9,0,0,1,1,2
1,1,15.6,2.1,0,0,20.1,1,0,0,0,1
0,1,31.0,68.1,0,1,22.4,0,0,0,0,2
1,1,27.5,11.3,0,0,22.9,1,1,0,0,0
1,1,15.5,60.4,1,1,24.0,0,1,1,1,1
1,0,27.8,25.0,0,1,22.9,0,0,1,0,3
1,0,10.7,41.8,0,1,18.4,0,1,0,1,2
1,1,15.9,60.5,0,0,20.5,1,0,1,1,1
0,0,17.1,5.5,0,1,23.7,1,1,1,0,2
1,0,32.2,49.6,0,0,21.1,1,1,1,1,2
1,0,32.9,12.4,1,1,22.2,0,1,1,1,2
1,1,16.8,52.1,0,0,23.3,0,1,0,0,1
1,1,21.9,13.2,1,1,20.9,1,1,1,1,0
0,1,34.5,3.5,0,1,21.5,0,1,1,0,1
0,0,26.6,12.9,0,0,20.7,1,1,0,0,2
1,0,11.7,45.8,0,0,18.7,0,0,1,0,3
0,1,19.8,71.0,1,1,18.0,0,1,1,0,1
0,0,20.5,69.9,0,1,21.1,1,0,1,0,3
1,0,17.7,54.2,1,0,23.8,1,0,1,1,3
1,0,23.0,59.7,0,0,23.3,0,1,1,0,2
0,0,28.4,63.2,1,1,17.7,1,0,0,1,3
0,0,27.3,39.0,0,0,22.7,0,0,0,0,3
0,0,18.8,18.0,0,1,16.2,1,1,1,1,2
1,0,28.4,48.3,1,0,20.7,1,1,1,0,2
0,1,23.4,11.9,0,1,23.4,1,1,1,0,0
0,1,29.2,60.3,1,1,23.7,0,0,1,0,2
0,0,12.8,30.8,1,1,20.8,1,0,0,1,3
1,0,20.1,20.7,0,0,21.0,1,0,0,1,3
1,1,19.9,61.0,1,1,19.1,1,1,1,1,0
0,1,18.8,9.8,0,1,21.8,0,1,0,0,1
1,1,27.5,70.2,0,1,18.0,1,1,0,1,0
1,1,23.9,68.5,1,1,16.3,0,0,1,1,2
1,1,19.6,44.6,0,1,22.7,0,0,1,0,2
0,1,23.4,51.8,0,0,16.5,1,1,1,1,0
1,1,27.6,4.6,1,0,21.3,1,0,0,1,1
1,0,26.9,32.6,1,0,19.5,0,0,0,1,3
1,1,29.0,63.9,1,1,16.3,1,1,1,1,0
0,0,31.3,2.8,0,0,17.3,0,0,0,1,3
1,1,28.5,22.3,1,1,16.8,1,0,0,1,1
1,1,14.5,26.8,0,1,17.7,1,1,1,0,0
1,0,31.2,49.3,1,1,21.1,1,0,1,0,3
1,0,18.3,51.3,0,1,20.6,0,0,0,0,3
1,1,26.6,6.6,1,0,19.5,0,1,1,0,1
0,0,34.8,17.2,1,1,22.7,0,1,1,1,2
0,1,17.4,59.8,1,0,22.0,0,1,1,0,1
1,1,16.8,15.4,1,1,21.5,0,0,1,0,2
0,0,14.6,22.1,1,1,20.8,0,1,0,1,2
1,0,34.6,13.4,0,1,21.6,1,1,0,0,2
1,0,20.7,54.8,1,1,17.8,0,1,1,1,2
1,0,29.6,3.9,0,1,18.1,0,0,0,0,3
1,1,11.2,23.1,0,0,18.4,1,1,1,1,0
0,0,14.5,39.3,1,0,21.9,0,0,1,1,3
0,1,11.6,2.4,0,1,19.5,1,1,0,0,0
0,0,30.4,68.8,1,1,23.7,1,0,0,1,3
0,0,12.7,62.9,0,0,16.3,0,1,0,1,2
1,1,33.1,47.3,0,1,19.1,1,0,1,1,1
1,1,26.6,32.7,1,1,17.2,1,0,0,1,1
0,0,32.7,12.9,1,1,22.5,1,0,1,1,3
0,0,20.2,40.8,0,1,19.8,1,0,1,0,3
0,0,23.1,18.7,1,0,21.0,0,0,1,1,3
1,0,10.7,46.7,0,1,20.8,0,0,0,0,3
0,0,21.6,12.2,0,1,16.6,1,0,0,1,3
1,1,24.8,52.2,1,1,22.3,0,0,1,1,2
0,0,12.5,24.6,1,1,22.6,0,0,0,0,3
0,0,34.5,37.1,1,1,20.9,1,0,1,1,3
1,0,10.1,13.3,0,1,18.2,0,0,0,1,3
1,1,16.7,19.9,1,0,21.8,1,0,0,0,1
0,1,25.4,33.5,0,1,21.6,1,0,0,1,1
1,1,22.4,34.1,1,1,23.3,0,0,0,1,2
1,0,16.0,72.0,1,1,16.9,0,1,0,0,2
0,0,34.7,25.5,0,0,23.3,1,1,0,0,2
0,1,14.7,7.9,1,0,23.1,1,1,0,0,0
0,0,24.2,38.7,0,0,18.4,0,0,0,1,3
0,0,12.9,24.5,0,0,21.7,0,0,0,1,3
0,1,11.4,63.4,1,0,18.1,1,0,0,1,1
1,1,22.2,16.7,1,1,17.9,0,1,1,0,1
1,1,30.1,61.9,1,1,21.1,0,1,1,0,1
1,0,23.3,48.5,0,0,16.4,0,0,1,0,3
1,1,17.3,15.2,0,1,16.8,0,1,1,0,1
1,1,10.4,30.4,1,1,21.3,0,1,1,0,1
0,1,33.5,36.5,0,1,23.6,0,1,0,1,1
0,1,15.3,38.5,1,1,16.3,1,1,1,0,0
1,1,24.4,29.8,0,1,16.2,1,0,0,1,1
0,0,10.4,42.9,0,1,16.6,0,0,1,1,3
1,0,12.4,52.2,1,1,16.0,0,1,1,0,2
0,1,14.3,37.4,1,1,23.4,1,1,1,1,0
0,0,12.8,44.2,0,1,19.8,1,1,1,0,2
1,1,23.3,62.2,1,0,21.5,0,1,1,1,1
0,0,19.9,36.8,0,1,19.3,1,0,1,1,3
1,0,30.0,31.1,1,0,24.0,0,1,1,1,2
1,0,12.9,19.3,0,0,19.8,1,0,1,1,3
0,0,20.8,11.2,0,1,23.5,0,0,0,0,3
0,1,20.7,22.5,1,1,21.2,1,0,0,1,1
0,1,15.8,30.4,0,1,23.6,1,1,1,1,0
1,1,12.4,55.5,1,0,20.0,1,0,1,0,1
0,0,10.3,17.2,0,1,23.0,1,1,1,1,2
1,1,10.5,51.2,0,0,18.7,0,0,0,0,2
1,0,20.0,7.5,0,1,21.3,1,1,1,1,2
1,1,11.4,13.1,0,0,20.9,0,0,0,0,2
0,0,19.9,24.8,0,1,19.9,1,1,0,1,2
0,0,20.9,34.9,0,0,20.0,1,0,1,0,3
1,1,21.1,14.7,0,0,17.4,1,0,0,1,1
0,1,14.8,9.8,1,1,23.2,1,1,1,0,0
1,0,22.5,41.6,0,1,19.6,1,1,0,0,2
1,0,19.8,30.8,0,0,17.2,1,1,1,1,2
0,0,34.7,31.1,1,0,21.6,0,1,0,0,2
0,1,11.1,23.6,1,1,21.8,0,1,1,1,1
0,0,11.3,28.0,1,1,16.4,0,0,1,0,3
0,1,30.6,14.9,0,0,18.7,0,0,1,0,2
0,1,16.7,20.9,0,0,20.7,0,1,0,1,1
0,1,14.6,40.0,1,1,22.6,1,1,0,1,0
0,0,31.9,38.6,0,0,18.5,0,0,1,1,3
1,1,23.3,65.4,0,0,18.4,1,0,0,1,1
0,1,25.4,60.3,0,1,21.9,1,0,1,0,1
0,0,10.2,2.5,1,1,17.8,0,1,1,1,2
1,1,16.5,18.1,1,0,23.2,1,1,1,1,0
1,1,16.5,64.1,1,0,22.3,0,1,0,1,1
0,1,29.0,24.0,1,0,23.1,0,0,1,1,2
0,0,19.6,35.4,0,1,18.8,1,1,0,0,2
1,1,24.4,49.2,0,1,17.3,0,0,0,0,2
1,1,33.3,40.0,0,1,20.7,0,1,0,1,1
1,0,34.6,2.3,0,0,17.5,0,1,0,1,2
1,0,13.2,16.5,0,1,18.1,1,1,1,0,2
0,0,23.9,9.0,1,1,19.2,1,1,0,0,2
1,1,27.5,13.7,1,1,19.7,1,1,1,1,0
0,0,29.6,12.3,0,1,18.6,1,0,0,1,3
1,0,33.0,45.6,1,0,18.3,0,0,1,0,3
1,0,28.2,30.5,0,0,18.0,0,1,0,0,2
1,1,27.2,6.7,1,0,21.5,0,0,1,1,2
1,1,11.4,7.8,1,0,18.4,0,1,0,0,1
1,1,23.6,68.5,1,0,21.6,1,1,1,0,0
0,1,25.0,12.8,1,0,21.9,0,1,0,1,1
0,0,27.4,19.8,0,0,21.7,0,1,0,0,2
1,1,24.6,42.2,1,1,23.3,0,0,1,0,2
1,1,20.2,15.1,0,0,23.6,0,0,1,0,2
1,0,22.2,15.8,0,1,17.2,1,1,1,1,2
0,1,34.2,7.1,1,1,18.6,1,1,1,1,0
1,1,18.2,70.7,1,0,22.3,1,1,0,1,0
0,1,29.6,44.4,0,1,22.3,1,1,1,0,0
0,1,25.2,39.1,0,1,16.6,0,0,1,1,2
0,0,21.1,64.2,0,1,23.7,0,1,0,0,2
0,0,20.4,43.6,0,1,22.8,1,0,0,1,3
0,1,23.4,20.4,0,1,23.2,1,1,1,0,0
0,1,30.0,35.1,0,0,17.6,0,1,0,0,1
0,0,13.1,35.4,0,1,20.0,0,0,1,0,3
1,0,32.8,29.9,1,1,19.5,0,0,0,1,3
1,0,29.4,54.8,1,0,18.9,0,1,0,0,2
0,0,18.7,9.7,1,0,17.8,0,0,0,0,3
1,0,10.3,13.1,0,1,17.1,0,1,1,1,2
1,0,12.6,28.1,1,0,23.0,0,0,1,1,3
0,1,13.6,7.0,0,0,20.2,1,0,0,0,1
1,1,12.6,71.1,1,0,20.8,1,0,1,1,1
0,0,12.6,36.7,0,0,18.1,1,0,1,1,3
1,1,34.0,5.5,0,1,23.5,0,0,0,1,2
1,1,26.5,44.6,0,1,23.5,1,1,0,1,0
0,0,30.5,56.7,0,0,21.4,0,1,1,1,2
1,0,24.1,30.5,0,0,18.6,1,0,1,0,3
0,0,25.5,35.6,1,1,17.9,0,0,0,0,3
1,0,32.0,51.0,0,0,20.8,0,1,1,1,2
0,0,16.5,18.4,1,0,22.7,1,0,1,1,3
0,1,27.4,43.8,0,0,23.7,0,0,1,0,2
1,1,32.5,46.2,0,1,16.5,0,1,0,0,1
1,0,33.4,58.3,0,1,18.7,0,0,0,1,3
1,1,21.1,64.4,0,0,19.1,1,0,1,1,1
0,0,31.4,67.9,1,0,19.0,1,1,1,0,2
0,0,22.6,10.8,0,1,21.3,1,0,1,1,3
1,0,16.4,59.1,1,1,20.4,1,0,1,0,3
0,1,16.3,49.3,1,0,23.1,1,0,0,1,1
0,0,21.3,28.0,1,0,17.8,1,1,1,1,2
0,1,16.4,66.6,1,0,19.2,0,0,1,0,2
0,0,10.7,62.2,0,1,20.3,0,0,0,0,3
1,0,12.6,56.2,1,0,22.5,0,0,0,0,3
1,1,31.2,6.0,0,1,22.6,1,1,1,1,0
1,1,32.1,14.4,1,0,22.9,1,1,0,1,0
1,1,31.8,66.3,1,0,20.2,1,0,1,0,1
1,1,23.8,70.8,0,0,17.9,1,1,0,0,0
0,0,33.4,21.4,0,1,21.8,1,1,1,0,2
0,1,22.5,21.4,0,0,23.6,1,1,1,0,0
0,0,21.6,44.7,0,0,18.3,0,1,0,0,2
1,0,21.9,7.3,0,0,17.6,0,0,0,1,3
1,1,16.4,43.7,0,0,16.2,0,0,1,0,2
0,0,25.3,69.8,1,0,21.3,1,1,1,0,2
0,0,21.2,22.8,0,0,20.4,1,0,0,1,3
0,0,34.4,54.0,1,1,17.1,0,1,1,1,2
1,0,14.3,38.7,1,0,17.6,0,1,1,0,2
1,1,11.9,22.1,1,1,21.3,1,0,0,1,1
0,0,18.8,30.9,1,1,19.5,1,1,1,0,2
0,1,15.4,40.6,0,0,17.9,1,1,0,1,0
0,1,34.8,55.3,0,1,20.8,0,0,0,0,2
1,0,24.0,39.9,0,0,16.4,0,0,0,0,3
0,1,19.0,66.8,0,1,16.1,1,1,0,1,0
0,1,26.1,10.2,1,1,18.1,0,1,1,0,1
1,0,21.3,69.0,0,0,18.3,0,1,1,0,2
1,1,15.2,40.5,0,1,16.8,1,0,1,0,1
0,0,19.9,29.4,0,1,16.9,1,1,0,0,2
0,1,17.2,7.3,0,0,17.3,1,1,0,1,0
0,1,25.9,22.7,1,1,21.8,0,0,1,1,2
0,0,30.4,32.7,1,1,22.4,1,1,0,1,2
1,0,16.6,67.6,1,0,17.5,1,1,0,1,2
1,0,25.5,54.9,0,0,21.3,1,0,0,0,3
0,0,27.7,6.1,0,1,17.9,0,1,0,1,2
0,1,19.3,25.0,0,0,23.0,0,1,0,0,1
1,1,22.2,36.4,0,1,18.2,1,1,1,0,0
1,0,19.0,61.5,0,1,17.0,1,0,0,1,3
0,0,19.3,56.3,1,1,19.5,0,0,1,0,3
0,1,21.2,17.1,1,1,17.2,0,1,0,0,1
1,0,17.4,5.5,0,1,17.6,0,1,0,0,2
1,1,22.2,11.3,1,1,18.7,1,0,1,0,1
0,1,28.8,37.2,1,0,21.3,0,1,0,1,1
0,0,19.9,8.3,1,0,16.9,1,0,0,1,3
1,1,33.6,19.5,1,1,18.3,0,0,1,0,2
0,0,15.4,59.5,1,0,22.9,0,0,0,0,3
1,0,21.2,30.1,0,1,18.2,1,1,1,0,2
1,1,25.0,71.7,0,1,17.3,0,1,1,1,1
1,0,23.6,54.9,1,1,20.3,0,0,1,1,3
1,1,33.7,20.5,1,0,16.3,0,1,1,0,1
1,0,18.1,2.5,0,0,22.4,1,0,1,0,3
1,1,19.4,38.9,1,1,17.8,0,1,1,1,1
0,0,24.9,51.4,0,0,17.1,1,0,0,0,3
1,1,24.9,34.9,0,0,22.5,0,0,0,0,2
0,0,29.7,65.5,1,0,22.7,1,0,1,1,3
0,0,29.9,55.8,0,0,21.9,1,0,1,0,3
0,0,10.3,38.4,1,0,17.9,0,1,1,1,2
0,0,29.1,3.3,0,0,20.2,1,1,1,1,2
1,0,27.9,25.7,0,1,23.8,0,1,1,1,2
0,0,24.6,36.6,1,1,19.8,0,1,1,1,2
0,0,17.9,19.5,1,1,23.6,0,0,0,0,3
0,0,32.7,60.6,0,1,21.4,0,1,0,0,2
1,0,28.5,31.7,0,1,22.8,0,0,0,0,3
1,0,16.4,16.3,1,0,17.5,0,1,1,1,2
1,1,17.6,56.5,1,0,23.4,1,1,1,0,0
0,0,27.8,44.6,0,1,22.8,1,1,1,1,2
0,1,32.9,15.8,1,1,22.3,0,0,1,1,2
0,0,22.3,39.3,0,0,23.5,1,0,0,1,3
0,1,32.0,50.6,1,0,22.3,0,1,1,1,1
0,0,19.6,33.4,1,0,20.6,1,1,0,1,2
1,1,19.9,23.2,0,0,21.2,1,1,0,0,0
0,0,27.1,50.3,0,1,22.6,1,0,1,1,3
0,1,11.3,50.1,0,0,22.0,0,1,1,0,1
0,1,13.5,3.2,1,1,20.7,0,1,1,0,1
0,0,28.2,18.4,1,1,20.8,0,1,0,0,2
0,1,16.1,47.2,0,1,23.0,1,1,1,1,0
0,1,14.4,17.7,0,1,16.1,1,1,0,1,0
1,0,12.2,69.4,1,0,21.7,0,1,0,0,2
1,1,15.6,13.4,1,1,20.5,0,1,0,0,1
1,0,16.3,54.4,0,0,22.7,0,0,0,1,3
1,1,18.5,71.9,0,0,17.6,1,0,0,1,1
1,1,33.5,26.3,1,0,20.2,1,0,0,0,1
0,1,26.1,44.2,0,0,17.0,0,1,1,1,1
0,1,27.3,9.4,1,0,21.3,1,0,0,0,1
0,0,13.3,45.5,0,1,22.1,1,0,0,0,3
1,0,14.8,71.1,0,1,21.0,1,1,1,0,2
1,1,32.5,70.1,1,1,20.4,1,1,1,1,0
1,0,25.9,30.8,0,1,18.7,1,0,0,1,3
0,1,30.2,59.4,0,1,21.1,0,0,0,1,2
1,0,18.9,59.9,0,1,23.2,0,0,0,1,3
1,1,24.4,24.9,0,0,21.8,1,1,0,1,0
0,1,22.6,59.6,0,1,16.2,1,0,0,0,1
1,0,15.1,13.4,1,0,20.1,0,1,1,0,2
0,1,30.6,70.5,1,1,21.9,0,0,0,1,2
1,0,18.3,62.5,0,1,20.0,1,1,1,0,2
1,1,21.7,37.7,1,0,20.7,0,0,0,1,2
1,1,13.3,29.0,1,1,23.3,1,0,0,0,1
1,0,26.0,68.2,0,0,23.0,0,0,0,1,3
1,0,29.8,7.0,0,1,16.7,0,1,1,0,2
0,1,20.3,36.9,1,0,20.1,0,0,1,0,2
1,1,34.5,36.1,1,1,21.0,1,1,0,0,0
0,0,16.4,28.7,1,0,22.8,1,0,0,1,3
1,0,31.8,9.9,0,1,18.1,0,0,0,1,3
1,0,28.0,19.6,1,1,17.1,1,1,0,0,2
0,0,33.2,70.8,1,1,20.8,1,0,0,0,3
1,1,28.5,58.6,0,1,19.7,1,0,1,1,1
1,1,22.4,60.7,0,0,18.1,1,0,1,0,1
0,0,20.3,37.7,1,0,23.5,0,1,0,0,2
1,1,30.7,48.3,1,1,18.5,0,0,0,1,2
1,0,31.0,37.4,0,0,16.4,1,1,0,1,2
0,1,24.7,49.4,0,0,16.5,1,1,1,1,0
1,0,27.6,62.4,1,1,17.6,0,0,1,0,3
1,1,21.6,19.0,0,1,16.9,1,0,1,0,1
1,0,15.5,68.6,1,0,19.2,0,1,1,1,2
0,1,11.2,66.0,0,1,16.6,1,0,0,1,1
0,0,26.3,31.4,1,1,20.5,1,0,0,1,3
0,1,26.7,70.4,1,0,19.3,1,1,1,0,0
1,0,26.6,63.8,0,0,20.8,0,1,0,1,2
0,1,24.1,4.8,0,0,23.9,0,0,0,1,2
1,1,18.6,4.9,0,0,23.9,1,0,1,0,1
0,1,16.1,51.5,1,0,19.3,1,1,1,0,0
0,1,11.6,56.9,0,0,18.9,1,0,0,0,1
0,1,13.7,19.4,0,1,21.5,1,0,1,1,1
1,1,25.7,36.9,1,0,18.9,1,1,0,0,0
1,1,29.2,39.7,1,0,22.2,1,1,0,1,0
1,0,32.7,33.2,0,1,20.8,1,1,1,0,2
1,1,12.1,6.8,0,1,17.6,1,1,0,1,0
1,1,30.4,17.3,1,1,19.3,1,1,0,0,0
1,1,24.9,59.0,1,0,22.9,0,0,1,0,2
1,1,17.5,7.1,0,0,20.4,1,1,1,1,0
1,1,28.1,45.5,1,0,21.7,0,0,0,1,2
1,1,34.7,46.4,1,0,21.7,1,1,0,1,0
0,1,19.5,69.0,0,1,19.9,1,1,1,1,0
0,0,25.7,71.1,0,0,18.4,0,1,1,1,2
1,1,16.5,68.2,0,1,20.8,0,0,0,1,2
1,0,15.1,39.9,0,0,16.9,1,1,0,1,2
0,1,13.7,4.9,1,0,20.8,1,1,0,0,0
1,0,10.8,21.4,0,0,16.8,0,0,0,1,3
1,0,28.1,35.3,0,0,23.2,0,1,0,1,2
0,1,13.6,4.7,0,0,22.0,1,0,0,1,1
0,0,26.9,4.6,0,0,17.4,1,0,0,1,3
0,0,31.7,24.7,1,1,22.3,1,0,0,1,3
0,0,31.2,29.1,0,0,21.8,1,1,1,1,2
1,1,17.5,42.7,0,0,21.8,1,0,0,1,1
0,0,13.1,67.3,0,0,18.7,0,1,0,0,2
1,0,21.1,29.4,0,0,20.2,1,0,0,1,3
1,0,14.5,5.4,1,1,20.7,1,1,1,1,2
0,1,19.3,39.8,0,0,19.0,0,0,1,0,2
0,0,24.2,27.1,0,1,20.5,0,1,0,0,2
0,1,26.1,65.1,0,1,18.0,1,0,1,1,1
0,0,15.5,32.2,0,0,23.0,0,1,0,0,2
0,1,15.7,24.5,1,0,23.7,1,1,0,0,0
1,1,31.6,52.7,0,1,18.6,0,0,0,0,2
0,1,33.6,36.5,1,1,18.7,0,1,1,1,1
0,1,26.1,40.9,0,0,17.7,0,1,1,0,1
0,0,23.9,12.6,0,1,22.9,1,0,0,0,3
1,1,26.5,28.3,1,1,17.3,0,1,1,0,1
1,1,13.2,5.2,1,1,22.4,1,1,0,0,0
1,0,32.4,54.8,1,1,22.7,0,1,0,1,2
0,0,15.2,19.2,1,0,18.5,0,0,1,1,3
0,0,26.7,10.4,1,1,22.2,0,0,1,1,3
1,1,15.5,43.3,1,0,19.6,1,0,0,1,1
0,0,27.6,42.6,0,0,18.8,0,0,0,0,3
0,0,28.8,24.1,1,0,23.1,1,1,1,1,2
0,0,28.5,69.4,0,1,19.6,0,1,1,1,2
0,1,20.7,46.5,0,0,16.4,0,1,0,1,1
1,0,25.2,66.8,0,0,21.1,1,1,0,0,2
1,0,24.9,23.0,1,1,21.3,1,0,1,0,3
1,1,28.0,40.6,1,1,21.1,0,0,1,1,2
1,0,22.5,30.9,0,1,18.9,0,0,0,0,3
0,0,22.7,30.9,1,0,21.4,0,1,0,1,2
1,0,27.1,5.3,1,1,18.3,0,0,1,0,3
1,1,14.3,17.4,1,0,19.7,0,1,1,1,1
1,0,26.3,62.9,1,1,17.7,1,0,0,1,3
0,1,13.7,61.5,1,1,20.9,0,1,1,1,1
1,0,28.1,9.4,0,0,22.5,0,0,1,0,3
0,0,19.7,3.3,0,1,16.8,0,0,1,1,3
0,0,31.0,9.1,1,1,16.2,1,0,1,1,3
0,1,12.2,46.7,1,1,22.1,0,1,0,0,1
0,1,21.5,18.8,0,1,18.6,1,0,0,1,1
1,1,14.2,55.4,1,1,18.6,1,0,1,1,1
1,1,31.7,2.4,1,0,20.5,0,0,1,1,2
0,0,13.1,52.1,0,0,19.9,1,0,0,1,3
0,1,22.1,64.0,1,0,17.0,0,0,0,1,2
1,1,12.6,5.1,0,0,22.1,1,1,0,0,0
1,1,29.9,62.7,1,0,17.4,0,1,0,1,1
0,1,17.1,66.3,1,1,22.6,1,0,1,0,1
0,1,24.9,39.5,0,1,22.1,1,1,0,1,0
1,1,14.3,21.9,0,0,17.3,0,0,1,1,2
1,1,18.8,41.4,0,1,22.1,0,1,0,1,1
1,1,12.8,23.7,0,1,21.3,0,0,0,0,2
1,1,23.8,67.3,1,1,23.9,1,1,1,0,0
0,0,10.1,40.1,0,0,21.7,0,0,1,1,3
1,0,34.8,57.9,1,1,19.1,1,0,0,1,3
0,0,20.4,44.7,1,0,21.0,1,0,1,0,3
1,1,25.7,22.2,0,0,21.3,1,0,1,0,1
1,1,17.2,37.0,1,0,22.0,1,1,1,0,0
0,1,16.3,63.6,0,1,19.7,0,0,0,1,2
0,1,31.2,28.8,1,1,22.6,0,0,0,0,2
0,1,29.0,25.9,0,1,18.3,1,0,1,0,1
0,1,26.1,69.0,1,0,23.7,1,1,0,1,0
0,0,28.8,25.4,1,1,18.5,1,0,1,1,3
1,1,14.4,62.2,0,0,16.3,1,0,0,1,1
0,1,33.4,14.5,1,1,17.6,1,1,1,1,0
1,1,21.4,57.4,1,0,23.4,1,1,0,1,0
0,0,31.7,45.1,0,1,22.3,1,0,0,0,3
1,1,28.4,10.4,0,0,19.5,1,1,1,0,0
1,1,17.1,6.5,1,1,23.2,0,1,0,1,1
0,0,24.2,22.9,1,0,18.0,0,1,0,1,2
1,0,34.2,48.0,0,1,17.9,0,0,0,0,3
0,0,10.9,27.2,1,1,17.0,0,0,0,0,3
1,0,20.7,21.0,0,0,19.5,1,0,0,0,3
1,0,25.5,42.7,1,1,20.1,0,1,1,0,2
0,0,18.5,68.7,0,0,17.2,0,1,0,0,2
1,0,17.9,10.5,1,0,16.9,0,0,0,0,3
1,1,28.7,47.1,0,0,19.1,1,0,1,0,1
0,1,32.9,65.9,0,0,17.9,1,0,1,0,1
0,1,23.4,39.9,0,1,20.6,1,0,0,1,1
0,1,33.7,69.5,0,0,20.2,1,1,1,1,0
1,0,12.5,43.9,0,0,17.3,1,0,1,1,3
0,1,15.7,49.1,1,0,16.1,0,1,1,1,1
1,0,12.2,57.4,1,0,21.2,1,1,1,0,2
0,0,20.9,16.0,0,0,22.2,0,0,0,0,3
1,1,25.7,41.2,1,1,19.9,0,1,0,0,1
1,0,15.0,45.0,0,1,20.6,1,1,0,1,2
0,0,21.2,10.4,0,1,23.7,0,1,0,1,2
0,0,27.1,33.9,1,0,22.1,1,1,1,0,2
0,1,26.0,55.9,1,1,18.7,1,1,0,1,0
1,1,25.7,4.8,0,0,22.8,1,0,1,0,1
0,0,25.2,30.9,1,0,20.4,1,1,0,0,2
0,0,34.7,12.2,0,1,20.2,0,1,1,1,2
1,1,27.8,14.3,0,1,21.5,0,1,0,1,1
0,0,32.7,37.9,0,0,19.4,0,1,1,1,2
1,1,33.8,4.1,0,0,23.0,1,1,0,1,0
1,1,31.5,31.7,0,1,17.3,0,1,0,1,1
1,1,12.4,3.8,1,0,19.4,1,1,0,0,0
1,0,23.2,66.8,0,1,16.5,0,1,1,0,2
1,1,19.5,63.8,0,0,21.6,0,0,0,0,2
0,1,12.4,16.8,0,0,18.2,0,1,0,0,1
1,1,24.1,6.6,1,0,19.4,1,1,0,0,0
0,0,15.3,19.5,1,1,23.1,0,0,0,1,3
0,1,24.5,4.0,1,1,17.5,0,1,1,0,1
0,0,30.4,53.4,0,0,16.0,0,1,0,0,2
0,1,19.8,42.2,1,1,20.6,0,0,1,0,2
0,1,33.7,40.1,0,0,19.5,1,1,1,1,0
0,0,29.2,61.6,1,0,16.4,1,1,1,1,2
1,0,30.1,58.7,1,1,18.4,0,0,1,0,3
0,0,12.8,30.6,1,0,17.9,1,0,1,0,3
0,0,33.5,44.7,0,1,18.1,1,1,1,0,2
1,0,10.9,32.9,1,1,22.3,1,1,1,0,2
0,1,31.1,45.7,1,0,18.4,0,1,1,1,1
1,0,10.7,12.6,1,1,19.9,0,1,0,1,2
1,0,14.1,23.0,1,0,18.1,1,0,1,1,3
1,1,17.9,19.6,1,1,23.6,0,0,0,1,2
1,0,28.4,13.7,1,1,22.2,0,1,1,1,2
0,0,32.5,31.0,1,0,19.4,1,0,0,0,3
0,0,26.7,52.9,0,1,21.8,1,1,1,1,2
1,1,28.2,29.7,1,0,18.5,0,0,0,0,2
1,1,17.2,70.8,1,1,16.7,0,1,0,1,1
0,0,34.4,23.1,0,0,19.4,1,0,0,1,3
0,1,20.2,68.4,0,1,20.5,0,0,1,1,2
1,1,32.8,15.5,0,1,18.8,0,1,1,0,1
0,1,29.5,24.5,1,1,19.2,1,0,1,0,1
0,1,19.2,13.5,0,0,21.7,0,1,1,0,1
0,1,18.6,18.7,1,1,23.2,0,0,0,1,2
0,0,27.0,13.0,0,1,23.2,1,1,0,1,2
1,0,33.5,45.7,1,0,20.6,1,0,0,1,3
1,0,26.8,16.0,1,1,21.0,0,0,0,0,3
0,0,31.4,8.0,1,0,20.3,1,0,0,1,3
0,0,34.2,20.6,1,0,19.0,0,1,1,1,2
1,1,18.3,49.5,0,1,21.9,0,1,0,0,1
0,1,23.5,32.0,0,1,16.9,1,0,0,0,1
0,0,25.2,12.9,0,1,23.2,0,1,1,0,2
1,1,15.4,6.4,0,0,18.3,0,1,0,1,1
1,1,29.9,53.1,1,1,17.8,1,1,1,1,0
0,1,16.5,51.3,1,0,18.2,1,1,0,0,0
0,1,27.7,34.3,0,1,22.5,1,1,1,1,0
0,1,23.1,38.9,1,1,18.2,1,0,0,0,1
0,1,30.9,18.8,1,1,20.9,0,1,1,0,1
1,1,22.8,36.0,0,1,18.7,0,1,1,0,1
1,0,24.7,53.0,1,0,21.3,1,0,1,0,3
0,0,14.5,56.0,0,1,20.7,1,0,1,1,3
0,1,30.2,25.8,0,1,24.0,1,0,1,1,1
1,1,20.1,49.5,0,1,18.5,0,1,0,0,1
1,1,24.5,36.1,0,1,18.8,1,0,1,1,1
1,1,31.2,53.8,1,0,17.6,1,1,0,1,0
1,0,22.0,50.4,1,1,19.7,1,1,0,1,2
1,1,16.9,54.5,0,0,22.7,1,1,1,0,0
1,1,16.6,13.5,0,1,17.7,0,1,0,1,1
0,1,24.2,24.5,1,0,23.7,0,0,1,0,2
1,0,17.3,20.5,0,1,16.1,0,0,0,1,3
0,1,18.5,33.3,0,0,22.4,1,1,0,1,0
0,0,15.9,34.5,0,0,21.5,1,1,1,1,2
1,1,21.2,48.7,0,1,23.2,0,1,1,0,1
1,1,21.7,41.9,0,1,20.2,1,1,0,1,0
0,1,23.1,42.6,1,0,21.4,1,0,0,0,1
1,1,24.8,46.3,0,1,16.4,0,0,1,0,2
0,1,24.7,21.1,0,1,19.2,0,1,0,1,1
1,0,19.2,17.8,1,0,22.2,1,1,1,0,2
0,0,32.5,17.1,0,1,16.9,0,0,0,1,3
1,0,22.8,56.6,1,1,22.3,0,0,1,0,3
0,0,30.8,8.8,0,0,18.5,0,1,0,0,2
1,1,23.9,24.1,0,0,18.8,0,0,0,1,2
0,0,19.3,21.6,0,1,21.2,0,0,1,1,3
1,0,28.5,43.4,1,0,16.6,0,1,1,0,2
0,1,14.4,66.7,0,0,21.0,1,0,0,1,1
0,1,34.2,63.5,0,0,23.3,0,0,1,1,2
1,0,24.3,9.4,1,1,16.8,0,0,0,0,3
0,1,12.6,39.8,1,0,18.0,0,0,1,0,2
1,1,20.5,4.6,1,0,16.1,1,0,0,1,1
0,0,27.8,57.5,0,0,20.1,0,1,1,1,2
1,0,11.7,28.2,0,0,21.8,1,1,0,0,2
0,1,16.5,17.0,1,0,23.4,1,0,0,0,1
0,1,33.1,35.9,1,0,18.9,1,1,0,0,0
1,0,18.9,32.5,1,0,17.2,1,1,1,0,2
1,0,14.0,68.0,1,1,16.2,0,1,1,1,2
0,0,12.5,4.3,1,0,18.6,0,0,0,0,3
0,0,25.5,68.5,1,0,20.1,1,1,0,0,2
0,1,24.0,18.4,1,1,23.2,0,0,0,1,2
1,1,26.2,12.2,1,1,17.7,0,0,0,0,2
1,0,34.0,53.9,1,1,22.3,1,0,0,0,3
0,0,11.5,38.6,1,1,19.8,0,0,0,1,3
1,0,14.9,64.7,0,0,22.9,0,1,0,0,2
1,1,15.8,40.0,0,1,22.9,0,1,1,1,1
1,1,20.7,37.4,1,1,22.9,1,0,0,1,1
0,1,13.0,16.4,0,0,19.2,0,0,0,0,2
0,0,20.2,68.5,1,0,18.8,0,1,0,1,2
1,0,30.4,48.5,1,0,17.7,1,1,1,0,2
0,0,14.1,44.1,1,1,17.8,1,0,0,1,3
0,1,32.9,57.3,1,1,20.9,1,1,0,0,0
0,1,32.8,9.1,1,1,23.7,0,1,0,1,1
0,0,22.8,62.6,0,0,20.8,0,0,0,0,3
0,0,31.5,37.0,1,1,19.3,1,1,1,1,2
0,0,27.8,58.2,1,0,17.9,1,1,1,0,2
0,0,18.9,51.9,0,1,21.2,1,0,1,0,3
0,1,24.0,33.6,0,1,17.7,0,1,0,0,1
1,0,12.9,55.9,0,0,16.7,1,1,1,0,2
1,1,22.4,52.4,0,0,16.7,0,0,1,1,2
0,1,30.7,2.3,1,1,22.8,1,1,1,0,0
1,0,24.6,51.6,1,1,19.1,0,1,1,1,2
0,0,19.6,37.6,1,1,23.5,1,1,1,0,2
1,0,26.6,60.8,1,1,20.0,0,1,0,0,2
1,1,34.4,58.7,1,1,21.5,1,1,0,1,0
0,1,11.7,13.9,0,1,22.6,0,0,1,0,2
0,0,18.3,3.5,1,0,23.0,0,0,1,1,3
1,0,13.9,15.7,1,0,17.3,1,1,1,1,2
0,1,33.9,53.9,0,1,17.7,1,1,0,1,0
1,0,23.6,63.0,0,0,17.2,1,0,1,1,3
0,1,13.2,51.0,1,1,19.6,0,1,0,0,1
1,1,25.3,59.4,0,1,17.2,0,1,0,0,1
0,1,22.5,43.1,1,1,21.2,0,0,1,1,2
0,1,11.5,37.5,0,1,18.9,0,1,1,1,1
1,1,31.6,69.9,1,1,23.7,0,1,0,0,1
1,0,27.7,7.6,1,0,22.5,0,1,0,0,2
0,0,10.1,31.5,0,0,21.8,1,0,0,0,3
0,1,34.0,21.5,0,1,21.5,0,0,0,1,2
0,0,14.0,10.5,1,0,16.3,0,0,1,0,3
1,0,10.0,44.4,1,1,16.7,0,0,1,1,3
1,0,20.7,20.4,0,1,19.5,1,0,1,1,3
1,0,13.5,34.4,0,1,23.3,0,1,1,0,2
1,0,24.3,11.6,1,1,16.8,1,1,0,1,2
0,1,17.8,29.3,1,0,19.4,1,0,1,0,1
0,0,14.6,16.0,1,0,22.4,1,0,1,1,3
1,0,34.6,64.8,1,1,18.6,1,0,1,0,3
1,1,18.3,38.6,1,0,23.4,0,0,1,1,2
0,1,20.4,58.0,0,0,23.5,1,1,0,1,0
0,0,17.4,36.0,0,1,16.5,1,1,1,1,2
0,1,30.9,5.0,1,1,20.9,0,1,0,0,1
0,1,14.9,50.6,0,0,17.2,1,1,0,0,0
1,0,13.2,5.3,0,0,19.5,0,0,1,1,3
1,1,32.0,29.7,1,1,23.2,1,1,1,1,0
1,0,14.6,40.3,1,1,16.6,1,0,0,1,3
0,0,31.4,56.6,1,1,23.5,1,0,1,0,3
0,0,24.5,64.9,1,1,24.0,1,1,1,0,2
0,0,30.6,16.3,0,0,21.4,0,1,1,0,2
1,1,11.8,48.5,1,0,18.9,0,0,0,0,2
1,1,34.1,34.9,1,1,18.0,0,0,0,1,2
0,0,17.5,55.7,0,0,19.5,0,1,0,1,2
0,0,11.5,67.8,1,0,17.4,1,0,1,0,3
1,1,29.1,39.3,0,0,16.2,1,1,1,0,0
0,0,14.5,22.1,0,1,16.5,0,1,0,1,2
0,0,18.8,57.9,1,0,21.3,1,1,0,1,2
0,1,24.9,38.9,1,1,16.2,1,0,1,0,1
0,0,11.7,63.8,0,1,18.4,0,1,1,1,2
1,1,15.0,41.6,1,0,21.4,1,0,1,0,1
1,1,22.2,67.6,1,1,17.4,0,1,0,1,1
0,0,20.5,3.2,1,0,18.7,0,1,1,0,2
1,1,23.9,53.7,0,1,16.3,1,0,0,0,1
1,0,28.2,26.3,1,1,16.9,1,0,0,1,3
1,1,18.8,48.8,0,0,17.8,0,1,1,0,1
0,0,20.1,68.0,1,0,17.0,0,0,0,0,3
0,1,16.8,47.8,1,0,19.8,1,1,0,0,0
1,0,18.5,54.1,1,0,17.0,1,1,1,1,2
1,1,11.3,13.1,0,1,18.4,0,1,1,1,1
0,0,24.5,13.9,0,0,21.8,0,1,1,0,2
0,0,14.3,42.1,0,0,21.2,1,1,1,1,2
0,1,27.9,32.1,0,0,19.1,1,1,1,0,0
1,1,11.1,9.8,0,1,23.4,0,1,1,0,1
0,1,11.5,53.0,0,0,22.3,0,0,0,0,2
0,1,17.1,50.9,1,1,20.9,1,0,0,0,1
0,0,21.0,8.4,1,1,19.5,1,1,0,1,2
1,0,27.3,5.4,1,1,16.5,1,1,1,1,2
0,1,27.3,28.5,0,1,19.3,0,1,0,0,1
1,0,34.3,46.3,1,1,20.4,0,1,1,0,2
0,1,18.8,64.5,0,0,23.9,1,0,1,0,1
0,0,11.5,32.4,1,1,23.6,0,1,0,1,2
1,0,31.5,7.9,1,1,16.9,1,0,0,0,3
1,1,28.3,60.8,0,0,23.8,0,1,1,1,1
1,1,11.7,10.7,0,0,22.0,1,0,0,1,1
0,0,12.1,46.6,1,1,21.5,1,0,0,1,3
0,1,21.9,30.9,0,0,23.2,1,0,0,0,1
1,1,18.5,65.7,0,0,18.6,1,1,0,1,0
1,1,24.9,51.3,1,1,19.2,0,0,1,0,2
1,1,15.5,2.0,1,1,23.0,1,1,0,0,0
1,0,34.0,28.1,0,1,16.8,1,1,1,1,2
0,0,22.8,14.6,1,0,21.7,0,1,0,1,2
1,1,28.8,21.8,1,1,22.5,0,1,0,1,1
1,0,13.1,29.9,0,1,23.1,1,0,1,0,3
0,0,25.4,39.9,0,1,17.8,1,0,1,0,3
0,1,31.6,57.9,1,1,21.4,0,0,0,0,2
0,0,10.6,8.0,1,1,16.7,0,1,1,0,2
0,1,23.5,32.9,1,1,22.9,1,0,1,0,1
1,1,16.2,61.6,1,1,19.9,1,0,0,0,1
0,0,22.0,32.3,1,0,21.0,1,0,1,0,3
1,1,30.4,38.4,1,0,22.8,0,0,0,1,2
0,0,27.3,56.5,0,1,20.0,0,0,1,0,3
1,1,28.9,51.9,0,0,20.1,0,1,0,1,1
1,0,15.3,37.7,0,0,19.7,1,1,0,1,2
1,0,30.8,69.7,1,0,20.8,0,0,1,0,3
0,0,25.3,4.5,0,1,21.7,1,0,0,0,3
1,0,11.7,5.8,0,1,22.4,1,1,0,1,2
1,1,31.6,31.9,0,0,16.2,0,1,0,1,1
1,1,11.4,13.0,1,1,18.8,0,0,1,0,2
0,0,10.7,17.2,0,0,19.5,0,0,0,1,3
0,1,30.8,12.5,0,0,16.8,1,0,1,0,1
0,1,10.3,50.5,1,0,22.0,1,0,0,1,1
0,1,12.2,31.5,0,0,20.2,1,1,1,1,0
1,1,10.4,60.4,0,1,16.0,1,0,1,1,1
1,0,32.0,19.5,0,1,21.1,1,0,1,0,3
0,0,11.1,45.6,0,0,18.7,1,0,0,0,3
1,1,19.3,16.9,0,0,21.8,0,0,0,0,2
0,1,15.4,3.0,1,0,17.4,0,0,1,1,2
0,0,18.5,50.2,0,1,16.0,1,1,1,1,2
1,1,17.3,12.2,0,1,16.7,0,1,0,1,1
0,0,32.2,50.6,0,1,19.5,0,1,0,1,2
0,0,29.2,50.3,1,1,22.0,1,1,0,0,2
1,1,32.1,48.8,1,1,20.8,1,1,0,0,0
0,1,28.0,43.4,0,0,16.1,1,0,0,1,1
0,0,18.3,63.9,1,0,20.7,0,1,1,1,2
0,1,14.6,7.3,0,0,19.9,0,1,1,1,1
1,1,23.2,67.2,1,1,22.4,0,0,0,1,2
0,0,18.9,6.6,1,0,18.1,0,0,0,1,3
0,1,26.1,36.7,0,0,21.8,0,0,1,1,2
0,0,11.0,66.6,1,0,21.1,0,1,1,1,2
0,1,27.8,20.8,0,1,21.0,0,1,1,0,1
1,1,17.5,60.7,0,0,19.2,1,1,1,0,0
1,0,21.6,43.5,1,0,16.1,1,0,1,0,3
1,1,34.5,62.3,1,0,17.5,1,1,0,0,0
1,0,15.4,5.4,0,1,22.8,0,1,1,1,2
1,0,12.9,40.9,0,0,20.9,0,1,1,0,2
1,1,15.2,15.2,1,1,20.6,1,0,1,1,1
0,1,18.8,3.3,0,0,20.2,1,0,1,1,1
0,1,23.4,50.2,1,1,16.6,0,1,0,0,1
0,0,34.5,54.5,1,1,18.8,0,0,1,0,3
0,1,31.7,53.5,0,0,21.0,0,1,1,1,1
1,1,27.9,52.9,0,0,17.0,0,0,1,1,2
0,0,28.0,58.0,1,0,23.4,1,0,0,0,3
0,0,17.1,34.9,0,0,16.6,1,0,1,0,3
1,1,33.2,26.3,1,1,21.4,1,0,0,1,1
0,0,23.5,56.0,0,0,18.4,0,1,1,1,2
0,0,14.1,48.7,1,0,22.9,1,1,0,1,2
0,0,33.8,16.0,1,1,22.6,0,0,0,1,3
1,0,22.7,32.5,1,0,18.7,0,0,0,1,3
0,0,13.9,14.8,0,1,19.7,1,0,1,1,3
1,0,28.4,56.5,0,0,23.7,1,0,0,1,3
1,1,15.8,19.3,1,1,20.9,0,0,1,1,2
0,0,14.7,45.6,1,1,16.0,1,0,1,1,3
1,0,16.7,53.5,0,1,22.2,0,1,1,1,2
0,0,24.5,71.4,0,1,18.9,1,0,1,0,3
1,1,17.3,32.3,1,1,18.2,0,0,1,0,2
1,0,11.0,63.1,0,1,22.7,0,0,1,0,3
0,0,19.7,48.5,0,0,23.7,1,1,0,0,2
0,0,15.9,2.6,1,1,16.5,0,0,1,0,3
0,1,22.8,29.4,1,0,19.1,0,1,1,0,1
1,1,21.5,29.6,0,1,18.2,0,0,1,1,2
0,1,12.0,10.4,1,1,23.2,0,1,1,0,1
0,0,16.1,32.6,1,0,22.9,1,1,1,1,2
0,1,17.0,10.2,1,0,23.2,0,1,1,0,1
0,1,22.1,60.5,1,0,16.3,1,0,1,0,1
0,1,30.6,27.3,0,1,16.4,1,1,0,1,0
0,1,15.5,14.8,0,1,20.4,1,1,0,0,0
1,0,14.0,44.1,1,1,17.3,1,1,0,0,2
0,0,10.0,62.0,0,1,16.9,0,1,0,1,2
1,0,25.2,67.4,0,0,18.1,0,1,1,0,2
1,1,18.1,64.6,0,0,21.7,1,0,0,1,1
1,0,26.8,63.7,1,0,21.4,0,0,1,1,3
1,0,27.3,26.4,0,1,22.3,0,1,0,1,2
0,1,11.1,37.4,1,1,16.5,0,0,1,0,2
0,0,20.5,28.0,0,0,22.1,1,0,1,1,3
0,0,34.2,66.6,0,1,19.9,0,1,0,1,2
1,1,16.9,8.5,1,0,18.5,0,0,1,0,2
0,0,23.2,40.8,0,0,20.9,0,0,1,0,3
0,1,23.4,19.3,0,1,22.4,1,1,1,1,0
0,0,16.5,61.5,0,1,16.8,0,1,0,0,2
1,0,29.5,25.7,0,1,22.5,0,0,0,0,3
1,0,10.1,62.5,0,0,20.6,0,1,1,1,2
1,1,15.7,67.0,0,0,21.0,0,0,1,0,2
1,1,24.8,14.0,0,1,23.0,0,1,0,0,1
1,1,32.9,54.8,0,0,21.7,0,1,0,0,1
0,1,10.2,26.5,1,0,20.7,0,1,1,1,1
1,0,25.0,30.2,1,1,18.7,0,1,0,1,2
0,0,10.1,21.2,0,0,20.1,0,0,1,1,3
0,0,25.6,45.2,1,1,22.7,0,0,1,0,3
0,0,20.3,26.0,1,1,24.0,1,0,0,1,3
0,1,20.9,53.8,0,0,22.0,1,0,0,0,1
1,0,34.2,56.5,0,1,22.3,0,1,1,1,2
0,1,27.1,29.7,0,0,21.6,0,1,1,1,1
1,1,14.9,2.3,1,0,22.1,1,0,1,1,1
1,1,34.9,6.6,1,1,17.9,1,0,0,0,1
0,0,16.4,21.2,1,1,19.4,0,1,1,0,2
0,1,27.1,68.8,1,1,20.4,0,0,1,1,2
1,1,27.0,29.6,0,1,20.4,1,0,1,0,1
1,1,31.2,54.1,1,0,20.8,0,1,1,1,1
0,1,20.0,67.5,0,1,23.8,1,0,1,0,1
0,0,27.4,25.9,0,0,22.8,1,0,1,1,3
0,0,25.6,41.3,1,0,22.6,0,1,1,1,2
0,1,20.9,61.7,1,1,22.6,1,0,1,0,1
0,1,32.9,45.0,0,0,22.3,1,1,0,1,0
1,1,16.3,9.9,0,0,21.4,0,1,1,0,1
1,0,15.6,55.9,1,0,18.1,1,1,1,0,2
1,1,25.8,65.3,0,0,22.8,1,1,1,0,0
0,0,14.8,55.8,0,0,18.2,1,1,1,0,2
0,1,30.7,54.7,1,0,21.8,1,0,1,1,1
1,0,18.5,54.9,0,0,16.9,0,1,1,1,2
1,1,20.5,44.9,0,1,20.4,0,1,1,0,1
0,1,27.1,19.3,1,0,18.6,0,1,0,1,1
1,0,32.1,65.8,1,1,21.6,0,1,0,1,2
1,0,27.2,11.0,0,0,22.8,1,0,0,1,3
0,1,12.4,59.9,1,1,16.1,0,1,1,1,1
0,0,18.5,27.2,0,0,16.9,0,1,1,0,2
1,0,28.8,49.2,1,0,23.4,1,0,0,1,3
1,0,32.7,58.4,0,1,17.9,0,0,0,0,3
0,0,25.8,57.9,1,0,21.8,0,1,0,0,2
1,1,24.9,13.3,1,1,22.5,0,1,0,1,1
1,0,19.5,44.8,0,1,21.9,0,1,1,1,2
0,1,22.0,17.0,0,0,16.3,1,1,0,0,0
0,0,20.8,9.8,1,1,21.9,1,1,1,0,2
0,1,11.4,37.9,0,1,23.7,0,1,0,0,1
1,1,10.5,71.1,1,0,19.0,1,1,1,1,0
0,1,25.4,70.7,0,1,21.7,0,0,0,0,2
0,0,22.7,42.1,0,1,18.2,0,0,1,0,3
0,0,16.1,56.1,1,0,24.0,0,1,1,1,2
0,0,32.3,19.5,1,0,17.7,0,0,0,1,3
0,1,15.2,17.7,0,0,18.4,0,1,1,0,1
1,1,27.5,51.5,1,0,17.3,1,1,1,0,0
0,1,29.7,57.0,0,1,23.6,0,0,0,1,2
0,1,31.0,53.9,1,0,20.6,1,0,1,1,1
0,0,31.0,9.3,0,0,18.0,1,0,1,0,3
1,1,29.9,26.9,0,1,17.1,0,1,0,0,1
1,1,21.4,5.1,1,1,23.0,0,1,1,1,1
1,1,25.6,57.0,1,1,16.5,0,1,1,0,1
0,1,31.4,23.8,0,0,21.1,0,1,1,1,1
0,1,20.5,32.1,0,0,20.9,1,0,0,0,1
0,0,26.8,42.5,1,0,22.2,0,0,1,0,3
0,1,14.0,2.0,0,0,21.5,1,1,1,0,0
1,0,24.1,26.8,1,1,22.7,0,1,1,1,2
1,0,13.5,52.9,0,1,16.3,0,1,0,0,2
0,0,26.5,22.0,1,1,19.4,0,1,1,1,2
0,0,19.4,41.9,1,0,16.6,1,1,0,1,2
0,0,15.7,70.4,0,1,19.2,0,0,0,1,3
0,0,19.0,10.3,1,0,20.5,1,1,1,0,2
0,0,27.5,20.8,0,0,20.8,1,1,1,1,2
0,1,32.7,49.9,0,1,23.4,1,1,0,1,0
1,1,10.3,43.9,0,0,23.4,1,1,0,1,0
0,1,14.2,70.5,0,1,18.5,0,0,0,0,2
1,1,27.6,4.4,1,0,21.6,0,1,0,1,1
1,1,24.2,63.5,0,0,21.7,0,1,0,1,1
0,1,18.0,36.2,0,1,23.7,0,1,1,1,1
1,1,26.3,17.9,0,0,16.7,1,0,1,1,1
0,0,31.7,37.2,0,1,20.9,0,0,1,1,3
1,1,16.4,30.9,0,1,19.3,0,1,0,0,1
1,0,22.1,14.6,1,0,18.8,0,0,1,1,3
1,0,10.5,17.4,0,0,20.9,0,1,1,1,2
1,0,33.6,22.2,0,1,18.2,1,1,1,1,2
0,0,30.0,40.7,0,1,16.3,1,1,0,1,2
0,0,22.6,7.8,0,1,22.2,0,0,0,1,3
1,1,34.8,8.2,0,1,16.7,1,0,1,1,1
1,1,15.5,25.2,0,1,18.6,1,1,1,0,0
1,0,28.6,51.5,1,1,20.8,0,0,1,0,3
0,0,29.2,70.5,1,1,21.0,1,1,1,0,2
0,1,30.8,2.8,1,0,21.3,0,1,1,1,1
1,1,27.1,70.1,0,1,24.0,0,1,0,0,1
1,0,14.8,50.0,1,1,19.2,1,0,0,1,3
0,0,12.3,65.1,1,0,17.1,0,0,0,1,3
0,0,14.5,39.5,0,1,17.1,1,1,0,0,2
0,1,31.5,34.4,1,0,20.1,1,0,0,0,1
0,1,20.0,57.0,0,1,19.1,0,1,1,0,1
0,0,23.7,40.6,1,1,23.3,0,1,0,1,2
0,0,10.6,64.8,0,0,20.1,0,0,0,0,3
1,1,22.3,64.5,0,0,19.6,0,0,0,0,2
0,1,20.2,39.1,0,1,22.9,0,0,0,0,2
1,1,23.4,42.2,0,1,22.4,1,1,1,1,0
0,0,19.4,33.9,0,0,21.7,1,0,1,0,3
1,1,11.9,50.3,0,1,20.2,1,1,0,1,0
0,0,11.1,49.8,1,0,17.9,1,1,0,1,2
1,0,33.7,47.5,0,1,20.5,1,0,1,0,3
0,1,25.1,6.4,0,0,16.9,1,0,0,1,1
1,1,26.1,69.5,0,0,20.3,1,1,0,0,0
0,0,32.9,25.5,0,0,22.8,1,0,0,0,3
0,1,23.8,19.2,0,1,20.1,1,1,1,1,0
0,1,25.4,16.8,0,0,16.5,0,1,0,0,1
1,0,23.1,6.8,0,1,16.3,1,1,0,1,2
0,0,14.4,34.0,0,1,22.9,0,1,1,1,2
0,1,17.8,4.9,1,0,17.8,0,0,0,1,2
1,1,32.1,13.3,1,0,20.2,0,1,0,1,1
0,1,21.1,2.4,0,1,22.2,1,0,1,1,1
1,0,15.1,14.2,0,0,18.0,0,1,0,1,2
0,0,30.7,71.7,0,0,21.9,0,0,0,0,3
0,0,12.2,39.9,0,1,16.6,0,1,0,1,2
1,0,26.0,6.7,1,0,22.0,1,1,1,0,2
0,1,27.5,41.5,1,0,16.5,0,1,0,1,1
1,0,17.6,44.1,0,0,18.2,1,0,0,0,3
0,1,14.2,40.3,0,1,18.1,1,1,1,1,0
1,0,21.2,25.5,1,0,23.1,0,0,0,1,3
0,1,28.9,48.0,0,1,20.3,1,1,1,0,0
1,1,32.2,12.0,1,1,22.7,1,0,0,1,1
0,1,30.4,17.4,1,0,20.7,1,1,1,1,0
1,1,12.7,71.6,1,0,22.5,0,1,0,0,1
0,1,15.6,31.1,0,0,20.4,1,1,1,1,0
1,0,25.4,12.3,0,0,19.6,0,0,0,0,3
0,0,27.7,17.2,1,0,21.3,1,1,0,1,2
0,0,10.2,52.7,1,0,18.3,1,0,1,0,3
1,1,13.6,10.1,1,1,23.3,0,1,0,1,1
1,0,12.4,26.8,0,0,23.3,0,0,1,1,3
0,1,18.5,25.0,0,0,16.6,0,0,1,0,2
0,1,27.0,18.0,1,0,23.3,1,1,0,1,0
0,1,33.6,35.4,0,1,17.5,1,1,1,0,0
1,1,12.2,9.7,0,1,21.5,0,0,0,1,2
0,1,22.7,34.0,0,1,22.6,1,0,0,1,1
1,0,19.3,4.3,0,0,17.9,1,1,1,0,2
1,0,20.0,69.9,1,1,16.9,0,0,1,0,3
1,0,11.7,44.3,1,0,22.0,0,0,1,1,3
1,1,17.2,7.3,0,1,19.5,1,0,1,0,1
0,0,16.3,15.4,0,1,19.9,1,0,1,1,3
1,1,28.0,53.6,1,0,22.1,0,0,1,1,2
0,0,26.0,53.2,0,0,18.0,1,1,0,1,2
1,0,25.9,27.5,0,1,16.8,0,1,1,0,2
0,0,23.0,12.4,1,1,23.7,1,0,0,1,3
1,1,18.6,39.5,1,1,21.6,1,0,1,1,1
0,0,16.1,21.3,1,0,21.2,1,1,1,1,2
0,1,10.3,8.8,1,1,18.7,1,1,0,1,0
0,1,13.7,26.2,1,0,24.0,0,1,1,1,1
1,1,15.5,54.6,0,1,17.8,0,1,0,1,1
1,0,34.4,26.8,1,0,17.4,1,1,0,0,2
0,1,34.3,4.9,0,0,18.5,0,0,1,1,2
0,0,29.2,10.4,1,1,21.9,1,1,0,1,2
1,0,25.3,43.7,1,1,17.9,1,0,1,0,3
1,0,26.7,38.6,1,1,18.5,1,1,0,1,2
0,0,25.0,49.2,1,1,20.2,1,0,1,1,3
0,1,26.2,42.0,1,1,21.2,0,1,0,1,1
0,0,15.5,36.8,0,1,17.2,0,1,0,1,2
0,0,34.4,35.3,0,1,21.2,0,1,1,1,2
0,1,28.9,69.3,1,1,19.0,0,0,0,1,2
1,1,15.9,62.4,1,1,18.8,0,1,1,0,1
0,0,22.8,28.8,1,1,16.6,1,0,1,1,3
0,0,29.7,47.7,0,1,23.8,1,1,1,1,2
1,1,32.8,3.4,1,1,21.5,0,0,0,0,2
1,0,19.6,3.5,0,1,16.8,1,1,0,1,2
0,1,22.1,24.3,1,0,18.9,1,0,1,1,1
1,0,17.7,54.8,0,1,16.6,0,0,0,0,3
0,1,19.4,66.8,1,0,20.3,0,1,0,0,1
1,1,15.7,49.8,0,0,21.6,1,1,0,0,0
0,0,10.7,51.4,0,0,16.5,0,1,1,1,2
0,1,20.4,4.2,0,0,23.4,0,0,0,1,2
1,0,21.8,67.1,0,0,19.0,1,0,0,0,3
0,1,29.5,8.1,0,0,17.9,0,1,0,0,1
1,1,23.1,68.3,1,1,17.0,0,0,1,0,2
0,0,18.2,11.9,0,1,17.2,0,0,0,0,3
1,1,21.6,4.3,1,0,22.8,1,1,0,1,0
1,0,29.9,41.5,0,0,19.8,0,0,0,1,3
0,0,22.0,10.0,1,1,22.4,0,1,1,1,2
1,1,23.9,4.0,1,1,17.8,0,0,0,0,2
0,0,14.3,48.7,0,1,18.5,0,1,0,1,2
1,0,10.2,53.7,1,1,19.3,1,1,0,0,2
0,1,33.2,22.5,0,1,19.6,1,1,1,0,0
0,0,16.7,39.3,1,1,16.8,1,1,1,1,2
0,1,18.7,43.0,0,0,16.4,0,1,1,1,1
0,1,12.9,13.3,0,1,24.0,1,0,0,1,1
0,1,22.8,32.8,0,1,21.3,1,0,0,1,1
0,0,28.4,46.6,1,0,16.4,0,1,0,0,2
1,0,27.2,64.0,0,1,22.2,0,0,0,0,3
0,0,31.4,31.3,1,1,18.9,1,1,1,1,2
0,1,17.2,51.0,0,1,22.4,1,1,1,0,0
1,1,17.9,37.1,0,1,23.6,0,1,1,0,1
0,0,34.1,51.5,0,0,16.2,1,0,1,1,3
1,0,21.4,57.2,0,0,23.7,0,1,1,1,2
1,1,30.9,39.1,0,1,17.3,0,0,0,0,2
0,0,25.3,6.3,1,1,18.4,0,0,1,1,3
0,0,14.5,63.3,0,0,21.0,0,1,0,1,2
1,0,33.9,44.1,1,0,21.7,0,1,0,0,2
0,0,18.1,44.0,1,0,17.4,1,1,1,1,2
0,1,26.0,37.7,1,1,17.1,1,0,0,0,1
1,0,16.4,14.2,1,0,18.3,1,0,1,1,3
0,0,24.4,36.0,1,1,18.6,1,1,1,0,2
1,0,23.5,39.6,0,1,18.5,0,1,1,0,2
0,1,16.5,28.9,0,1,17.4,1,1,1,1,0
1,0,34.7,12.4,1,0,23.8,1,0,0,1,3
1,1,13.5,55.4,0,0,22.4,0,1,0,0,1
1,1,21.1,34.0,0,0,23.8,1,0,0,1,1
0,0,10.8,51.0,1,1,16.8,1,1,1,0,2
0,0,27.1,5.3,1,1,16.6,0,0,0,1,3
0,0,21.6,37.3,1,0,20.3,1,1,1,1,2
1,1,24.0,7.2,1,0,20.9,1,0,0,0,1
0,1,27.5,53.3,0,0,21.1,1,1,0,0,0
1,0,29.1,42.7,0,0,16.7,0,1,1,1,2
0,0,34.1,33.6,1,1,22.8,1,1,1,1,2
0,0,31.6,70.1,0,1,19.9,1,0,0,0,3
1,1,18.1,24.8,1,0,18.9,0,0,0,0,2
1,1,28.2,31.6,1,1,20.0,1,1,0,0,0
0,0,11.9,53.6,0,0,16.3,0,1,1,1,2
1,1,13.4,38.8,1,1,17.7,1,1,0,1,0
0,1,21.5,48.1,0,0,24.0,1,0,0,1,1
1,0,21.5,70.3,0,1,20.4,1,0,0,0,3
0,0,22.6,50.7,0,1,16.6,0,0,1,0,3
0,1,21.9,12.5,1,0,18.3,0,0,1,0,2
1,0,26.0,16.7,0,1,17.5,1,1,1,0,2
0,0,33.9,62.9,1,0,23.4,1,1,1,0,2
0,1,14.3,5.4,0,1,22.4,0,1,0,0,1
1,0,18.9,37.6,1,0,20.4,1,0,1,1,3
0,0,11.9,65.4,1,0,23.6,0,0,1,1,3
1,0,15.0,56.3,0,1,19.0,0,0,0,1,3
0,1,34.7,10.1,1,1,22.9,0,1,0,0,1
0,1,11.0,53.8,0,0,19.7,0,0,1,1,2
0,0,15.3,28.7,1,1,22.8,0,1,0,0,2
0,0,20.7,65.1,0,0,23.2,0,1,1,0,2
1,1,17.3,42.1,1,1,19.7,1,1,1,0,0
0,0,23.6,40.4,1,1,17.4,1,1,1,0,2
1,1,34.8,2.6,0,1,17.5,1,0,1,0,1
0,0,27.6,19.5,0,1,18.3,0,1,0,0,2
1,0,20.1,30.9,0,0,17.8,1,0,0,1,3
1,0,27.1,52.7,1,0,19.1,0,0,0,1,3
1,0,31.8,38.4,0,1,20.1,0,0,0,0,3
1,0,15.7,61.7,1,1,16.7,1,1,1,1,2
0,0,27.9,4.4,0,0,23.3,0,1,1,0,2
1,1,25.3,24.6,0,1,16.0,1,1,1,0,0
0,0,28.3,43.8,0,1,17.1,0,1,1,1,2
1,1,12.1,48.1,1,1,16.1,0,1,0,0,1
0,1,28.3,37.2,1,1,23.9,1,1,1,0,0
1,0,29.7,29.9,1,0,19.3,1,1,1,0,2
1,1,27.2,7.0,1,1,17.6,0,0,1,0,2
1,0,14.9,50.7,1,0,16.9,1,0,1,1,3
1,0,14.0,65.3,0,0,19.0,0,0,1,0,3
0,0,28.5,58.6,0,0,23.8,1,0,1,1,3
1,0,26.2,51.1,0,0,20.4,0,0,0,1,3
0,1,34.6,46.4,0,0,18.8,0,0,0,1,2
0,0,21.4,56.0,0,0,18.9,0,1,1,1,2
1,1,15.7,56.4,1,0,16.9,0,1,1,0,1
0,1,29.2,2.5,0,0,20.1,1,1,0,0,0
0,0,28.7,27.0,1,0,19.4,0,1,1,0,2
0,0,23.1,62.8,0,1,21.8,1,1,0,1,2
0,1,28.7,61.6,1,0,17.5,0,0,0,1,2
0,0,17.8,51.7,1,1,17.1,0,0,1,1,3
0,0,15.4,23.6,0,0,20.7,0,0,1,1,3
1,1,13.2,57.9,0,0,21.9,0,1,1,1,1
1,0,17.3,18.2,0,0,20.0,1,1,0,0,2
1,1,26.4,17.7,0,0,22.3,0,0,0,0,2
0,1,16.5,39.5,0,0,22.7,1,0,0,1,1
0,0,32.1,42.0,0,1,23.3,1,1,1,0,2
1,1,16.2,26.6,1,0,19.0,1,1,1,1,0
0,0,27.1,44.3,0,1,23.2,0,1,1,0,2
0,1,23.2,51.6,1,0,21.7,1,1,0,1,0
0,1,15.3,14.6,1,1,21.0,1,0,0,1,1
1,1,23.9,22.2,0,0,20.4,1,1,0,1,0
1,0,33.9,51.0,1,1,16.2,1,1,0,0,2
1,1,33.6,66.9,0,1,20.5,1,0,1,1,1
1,1,17.3,63.9,0,0,22.2,1,0,0,0,1
1,0,23.4,11.1,0,0,23.9,0,1,1,0,2
