velocidade_centrifuga_rpm,tempo_centrifugacao_min,limpeza_equipamento_pre_turno,lubrificante_grau_alimentar,vazamento_lubrificante,uso_epi,higiene_das_maos,inspecao_fragmentos_cera_pos_centrifuga,lote_identificado,probabilidade
410.0,16.8,1,1,0,0,0,1,0,0
312.0,14.0,1,1,0,1,0,1,0,0
230.0,12.3,1,0,1,0,0,1,1,0
720.0,2.2,1,1,0,0,0,1,1,1
537.0,17.0,1,0,1,0,1,0,0,2
218.0,7.9,1,1,1,2,1,0,0,2
497.0,11.9,1,1,1,1,0,1,0,0
371.0,16.8,0,0,1,0,0,0,0,2
357.0,3.0,0,1,1,2,0,0,1,2
754.0,7.7,0,0,0,2,0,0,0,3
774.0,19.2,1,1,0,0,1,0,1,3
643.0,3.7,1,1,1,0,1,1,0,1
349.0,8.6,1,0,1,2,0,1,1,0
259.0,18.2,0,0,0,1,1,1,0,0
233.0,4.2,0,1,0,2,1,1,1,0
229.0,14.3,1,0,0,2,1,1,0,0
784.0,14.4,1,1,0,2,0,0,0,3
305.0,6.4,1,0,0,1,1,1,0,0
639.0,4.6,1,0,0,1,0,0,1,3
388.0,15.7,1,1,1,2,0,0,1,2
659.0,6.1,1,1,0,1,0,1,0,1
690.0,16.0,0,1,0,0,0,1,1,1
358.0,18.3,1,1,1,1,0,1,1,0
403.0,2.8,1,1,1,0,0,0,0,2
497.0,7.0,0,0,1,2,1,1,0,0
231.0,15.1,1,0,1,2,1,1,0,0
214.0,12.2,0,0,1,1,0,0,0,2
689.0,11.3,1,0,0,1,1,0,1,3
474.0,10.4,1,1,1,2,0,0,0,2
499.0,19.2,0,1,1,1,1,0,1,2
564.0,16.0,1,1,1,0,0,1,0,0
397.0,12.0,1,0,0,1,1,1,0,0
657.0,7.9,0,0,1,0,0,0,1,3
214.0,2.4,1,0,1,2,1,0,1,2
276.0,14.2,0,0,0,2,1,1,0,0
757.0,4.8,0,1,1,1,0,1,1,1
726.0,4.8,1,1,1,2,0,0,1,3
246.0,3.9,1,0,1,0,1,0,0,2
533.0,17.9,1,1,0,0,1,0,0,2
640.0,12.4,0,0,1,0,1,0,1,3
354.0,16.5,0,1,1,1,1,0,1,2
210.0,2.3,1,0,1,0,0,1,0,0
596.0,10.6,1,0,0,0,0,1,0,0
665.0,13.2,0,0,0,2,1,1,0,1
639.0,18.5,0,1,0,0,1,0,0,3
302.0,12.8,0,0,1,2,1,0,0,2
540.0,4.4,0,1,1,2,1,1,0,0
337.0,14.8,0,1,0,1,0,1,0,0
569.0,8.4,1,1,1,2,1,0,0,2
489.0,6.4,0,1,1,2,0,0,0,2
542.0,17.3,1,0,0,1,0,0,0,2
389.0,12.1,1,1,0,0,1,1,1,0
516.0,10.9,1,0,0,0,1,0,0,2
509.0,17.1,0,0,0,2,0,1,0,0
303.0,18.9,0,0,1,1,1,1,0,0
211.0,13.5,0,0,1,1,1,1,0,0
596.0,17.2,0,0,0,1,1,0,0,3
346.0,9.6,1,1,1,1,0,1,1,0
519.0,18.3,0,1,1,1,1,1,1,0
211.0,14.9,1,0,1,0,1,1,0,0
360.0,18.4,0,1,1,2,1,1,1,0
224.0,17.6,0,0,0,1,0,1,1,0
377.0,8.4,1,0,1,2,0,0,1,2
638.0,17.9,0,1,0,0,0,1,1,1
576.0,11.8,1,1,1,0,0,0,0,2
299.0,16.3,0,0,1,0,0,0,0,2
273.0,14.8,1,1,1,0,1,1,1,0
271.0,18.6,0,1,0,1,0,0,0,2
710.0,14.7,0,0,1,0,1,1,0,1
371.0,15.0,1,0,0,0,1,0,1,2
797.0,19.9,0,1,0,0,1,0,1,3
533.0,17.6,1,0,0,0,1,1,1,0
799.0,13.0,1,1,0,2,1,0,0,3
344.0,15.5,0,1,1,0,1,1,1,0
769.0,6.6,1,0,0,0,1,1,1,1
754.0,11.9,1,1,0,1,1,0,1,3
302.0,19.7,0,0,1,0,1,0,1,2
792.0,5.1,1,1,0,0,0,0,1,3
410.0,18.1,0,1,1,0,1,0,1,2
289.0,15.4,1,0,1,2,1,0,1,2
419.0,7.2,0,1,1,1,1,0,0,2
249.0,19.0,1,1,0,2,1,1,0,0
558.0,9.7,0,1,0,2,1,1,0,0
560.0,10.5,1,1,1,0,0,0,1,2
399.0,10.7,0,1,0,0,1,1,0,0
388.0,5.5,0,1,0,1,0,1,0,0
222.0,13.5,0,0,1,1,1,0,1,2
600.0,11.4,0,0,0,1,1,0,1,3
350.0,19.7,0,1,1,0,1,0,1,2
484.0,16.0,1,0,0,0,0,1,1,0
504.0,9.9,0,0,1,0,1,1,1,0
673.0,18.0,1,0,1,1,1,1,1,1
580.0,18.6,1,0,0,0,1,1,0,0
782.0,12.3,0,1,0,1,1,1,0,1
579.0,19.3,0,0,0,0,1,0,1,2
414.0,11.4,0,0,0,0,1,0,0,2
722.0,5.9,0,0,1,0,0,1,1,1
510.0,11.5,0,1,1,0,0,1,0,0
313.0,10.8,1,0,0,2,1,0,1,2
539.0,11.2,1,0,1,0,1,1,0,0
274.0,5.2,0,0,1,1,0,0,1,2
407.0,5.7,1,0,0,2,0,0,1,2
218.0,9.1,1,0,0,2,1,1,0,0
247.0,15.6,1,0,1,1,0,1,0,0
331.0,6.2,1,0,0,0,0,0,1,2
573.0,3.5,0,0,1,0,0,1,1,0
496.0,6.8,0,0,1,1,0,0,0,2
460.0,9.1,1,1,0,1,1,1,1,0
543.0,3.0,1,0,0,2,0,1,1,0
317.0,9.4,0,1,1,1,0,0,0,2
609.0,12.6,0,1,1,1,1,0,0,3
527.0,16.8,0,0,0,1,1,1,0,0
284.0,10.7,1,0,1,0,0,0,0,2
532.0,15.2,0,1,1,0,1,0,0,2
268.0,14.2,1,0,0,2,1,0,0,2
605.0,11.7,0,1,0,1,0,0,0,3
336.0,12.1,1,1,0,2,1,0,1,2
229.0,7.2,0,1,0,2,1,1,1,0
313.0,4.6,1,1,0,2,1,0,0,2
490.0,11.5,0,0,1,1,1,0,0,2
627.0,6.9,1,1,0,0,1,1,1,1
422.0,8.7,1,1,1,0,0,0,0,2
419.0,15.5,0,1,0,2,0,0,1,2
464.0,14.1,0,1,1,0,0,1,1,0
720.0,4.7,0,0,0,2,0,0,1,3
680.0,4.3,1,0,0,0,0,0,0,3
756.0,17.4,1,0,1,0,0,1,1,1
671.0,9.0,1,0,0,2,0,1,1,1
467.0,5.3,1,1,1,1,1,1,0,0
543.0,13.0,0,0,1,1,0,1,1,0
531.0,19.4,0,0,0,1,0,1,1,0
793.0,12.9,0,0,1,2,1,1,0,2
642.0,12.8,1,1,1,0,1,0,0,3
520.0,18.0,1,0,0,0,0,1,0,0
587.0,5.6,0,1,0,2,0,1,1,0
775.0,12.1,0,0,1,2,1,1,0,1
315.0,6.3,1,1,0,1,0,1,0,0
766.0,14.3,0,1,0,2,0,0,0,3
412.0,12.2,1,0,1,1,0,1,0,0
409.0,17.4,0,1,0,2,0,0,1,2
335.0,12.5,0,0,1,2,1,1,1,0
413.0,12.8,1,1,1,0,0,0,1,2
504.0,10.7,0,0,1,1,1,0,1,2
303.0,3.0,0,0,1,2,0,0,0,2
301.0,10.5,1,0,0,0,1,1,0,0
373.0,2.8,1,0,0,1,1,0,0,2
205.0,13.1,1,1,0,2,1,1,0,0
588.0,6.2,0,0,1,2,0,1,1,0
321.0,2.2,0,1,1,1,0,0,1,2
724.0,15.7,1,1,0,0,0,1,1,1
427.0,7.9,0,0,0,0,1,1,1,0
473.0,13.7,0,1,1,0,0,1,0,0
757.0,14.4,1,0,1,0,0,1,1,1
215.0,11.0,1,0,1,2,0,1,1,0
624.0,2.0,1,0,0,2,0,0,1,3
503.0,16.4,1,0,0,2,1,1,0,0
582.0,8.7,0,0,1,2,1,0,1,2
782.0,6.6,1,0,1,2,0,0,0,3
278.0,15.4,0,0,1,2,0,1,1,0
605.0,16.2,1,0,1,0,1,1,1,0
623.0,16.6,1,1,0,0,1,0,0,3
472.0,15.8,0,1,1,1,0,0,0,2
308.0,5.3,0,0,1,0,1,0,0,2
303.0,16.0,1,0,1,1,1,1,0,0
452.0,6.4,1,1,0,2,1,1,0,0
605.0,7.5,1,0,0,0,1,0,1,3
530.0,6.7,0,1,1,0,0,1,1,0
262.0,5.9,0,1,0,0,1,1,0,0
232.0,12.4,0,1,0,1,0,1,0,0
422.0,13.1,1,0,0,0,1,1,0,0
267.0,15.5,0,1,1,2,0,1,1,0
284.0,5.6,1,0,0,0,0,0,1,2
608.0,10.5,0,0,1,2,0,1,0,1
485.0,12.7,1,1,1,1,1,1,1,0
589.0,8.6,0,1,1,2,1,1,1,0
408.0,6.0,0,1,1,0,0,1,0,0
257.0,3.4,1,1,0,0,0,0,0,2
239.0,7.0,0,1,1,1,0,0,0,2
210.0,11.4,1,1,1,1,1,1,1,0
718.0,5.0,0,0,0,1,0,1,0,1
779.0,17.8,1,0,0,2,0,1,0,1
290.0,14.7,0,1,1,1,0,0,1,2
768.0,3.8,0,0,0,2,1,1,1,1
358.0,5.6,0,0,1,1,0,0,1,2
587.0,2.9,1,0,1,2,1,0,1,3
428.0,17.4,1,0,0,0,1,1,1,0
571.0,6.2,1,1,0,2,0,1,0,0
706.0,19.4,0,0,0,2,1,0,0,3
716.0,19.6,0,0,1,0,0,1,1,1
721.0,6.4,0,0,0,0,1,0,1,3
359.0,18.7,1,1,1,0,0,1,1,0
666.0,8.4,1,0,1,1,1,0,1,3
410.0,8.0,1,1,0,1,0,0,1,2
308.0,18.4,1,0,0,2,0,1,1,0
385.0,12.7,1,0,1,1,1,1,0,0
409.0,14.3,1,0,1,2,1,0,0,2
538.0,9.5,0,0,1,2,0,0,0,2
570.0,11.4,0,0,0,2,1,1,1,0
439.0,15.9,1,1,0,2,1,0,1,2
696.0,5.1,0,0,0,2,1,1,0,1
232.0,19.8,0,1,1,1,0,0,0,2
720.0,16.4,1,0,1,2,1,1,1,1
638.0,6.8,0,1,1,2,0,1,0,1
418.0,14.6,1,1,0,0,0,1,1,0
570.0,2.2,1,1,0,2,0,1,0,0
458.0,15.5,1,0,0,2,0,0,0,2
265.0,16.4,0,1,0,2,0,0,1,2
778.0,4.5,1,1,1,2,1,0,0,3
412.0,7.5,0,1,0,2,0,0,0,2
705.0,13.7,0,1,0,0,0,1,1,1
667.0,14.7,1,0,1,0,1,0,1,3
656.0,3.2,1,1,0,0,0,0,1,3
221.0,9.7,0,0,0,0,0,0,1,2
700.0,10.6,1,0,0,1,1,1,0,1
487.0,14.3,0,0,0,2,1,0,1,2
725.0,8.3,1,0,0,2,0,1,0,1
435.0,8.5,1,1,0,0,0,1,0,0
589.0,5.9,1,1,1,1,1,0,1,3
380.0,18.4,0,0,1,1,0,0,0,2
634.0,3.7,0,1,1,1,0,0,0,3
795.0,10.8,1,0,0,2,1,0,0,3
392.0,4.6,1,1,1,0,0,1,1,0
399.0,2.5,1,1,1,0,1,1,1,0
647.0,14.5,0,1,0,2,1,0,0,3
489.0,5.0,0,0,1,1,0,1,0,0
368.0,12.5,0,1,1,1,1,0,1,2
782.0,13.2,0,1,0,0,0,0,1,3
240.0,19.6,1,1,1,0,0,0,1,2
725.0,9.8,1,1,1,1,1,0,1,3
231.0,3.4,0,0,0,2,0,1,1,0
587.0,10.3,0,0,0,2,1,0,0,3
412.0,4.4,1,0,1,0,0,0,1,2
607.0,11.3,0,1,1,1,1,0,1,3
597.0,10.6,1,0,0,1,0,1,1,0
373.0,10.2,0,0,1,2,1,1,1,0
411.0,16.3,1,1,1,2,1,1,1,0
647.0,8.7,0,0,1,0,1,1,1,1
207.0,15.7,1,0,1,2,1,0,1,2
424.0,16.1,1,1,1,2,1,1,1,0
317.0,8.6,1,1,1,0,1,1,1,0
498.0,7.7,1,1,0,1,1,0,0,2
327.0,2.4,1,0,1,2,0,1,1,0
617.0,16.0,0,0,1,1,1,0,0,3
674.0,15.2,1,0,1,0,0,0,1,3
379.0,4.7,1,1,1,2,0,0,1,2
536.0,4.8,1,1,0,2,0,0,0,2
490.0,15.8,0,1,0,0,1,1,1,0
342.0,4.3,0,0,0,1,1,0,0,2
648.0,16.3,0,0,0,2,1,0,1,3
374.0,6.0,1,0,1,0,0,0,0,2
556.0,10.7,0,1,0,1,1,1,1,0
717.0,5.4,0,1,1,0,1,1,1,1
594.0,6.6,1,0,1,0,0,1,0,0
432.0,12.4,1,0,1,0,1,0,1,2
519.0,17.3,0,0,1,1,1,1,1,0
732.0,12.6,1,0,0,0,0,0,1,3
581.0,5.8,0,1,0,2,1,0,1,2
529.0,12.0,0,0,0,2,0,1,1,0
446.0,5.2,0,1,1,1,1,1,0,0
653.0,11.3,1,1,1,0,0,1,0,1
303.0,6.0,1,1,1,0,1,1,1,0
629.0,16.1,1,1,1,1,0,1,0,1
536.0,17.4,0,1,0,2,1,0,1,2
254.0,13.2,1,1,1,0,1,0,1,2
702.0,9.1,0,0,0,1,1,0,1,3
546.0,17.1,0,0,1,0,1,1,1,0
567.0,8.5,0,0,0,2,0,0,0,2
547.0,8.3,1,1,0,1,0,0,0,2
748.0,4.2,0,0,1,1,1,1,0,1
528.0,17.6,1,0,0,2,0,1,0,0
659.0,4.5,1,1,0,0,1,1,1,1
522.0,19.1,0,0,0,0,1,0,0,2
680.0,15.2,1,0,1,1,0,1,1,1
671.0,17.1,0,1,1,1,1,1,0,1
795.0,10.7,0,0,0,1,0,0,1,3
558.0,6.5,1,1,1,1,0,1,1,0
416.0,10.8,0,1,0,2,0,1,0,0
743.0,16.4,1,1,1,0,1,1,0,1
591.0,10.5,0,0,1,1,1,0,0,3
568.0,6.9,1,1,1,1,1,1,1,0
646.0,12.1,1,0,1,1,1,1,0,1
503.0,2.6,1,1,1,1,1,1,1,0
627.0,15.4,1,1,1,1,0,0,0,3
790.0,14.0,0,1,0,2,1,0,0,3
630.0,6.0,0,1,0,0,0,1,1,1
657.0,5.9,1,0,1,2,1,1,0,1
620.0,15.9,1,1,1,0,1,1,1,1
583.0,7.3,0,0,1,1,0,1,0,0
583.0,12.2,1,0,1,1,1,0,0,2
792.0,12.0,1,0,0,0,0,0,0,3
595.0,12.9,0,0,0,2,1,1,0,0
228.0,2.7,0,0,1,1,0,0,1,2
327.0,10.3,1,0,1,0,1,1,0,0
365.0,15.9,1,1,0,2,0,1,0,0
608.0,15.5,0,1,1,1,0,1,1,1
298.0,9.8,1,0,1,2,1,1,1,0
736.0,4.1,0,1,1,0,1,0,1,3
301.0,11.6,0,0,1,0,1,0,0,2
703.0,12.9,1,0,1,1,0,1,1,1
750.0,16.7,0,0,0,0,1,0,0,3
795.0,15.8,0,1,1,2,0,0,1,3
210.0,8.7,1,1,0,0,0,1,1,0
489.0,13.3,0,1,1,1,0,1,0,0
674.0,11.5,1,0,1,1,1,0,1,3
753.0,6.0,0,1,1,2,0,1,1,1
509.0,6.8,1,0,0,0,1,1,0,0
345.0,14.8,0,0,1,2,0,1,1,0
409.0,15.0,1,0,0,0,0,1,0,0
443.0,14.9,0,1,1,2,1,1,1,0
676.0,8.1,0,0,1,1,0,1,1,1
760.0,11.2,1,1,0,0,0,0,0,3
476.0,5.5,1,0,0,1,1,0,1,2
775.0,14.4,1,0,0,2,0,0,1,3
615.0,8.4,1,1,0,2,1,1,0,1
477.0,7.8,0,0,0,0,0,1,1,0
264.0,8.3,0,1,0,1,1,1,1,0
503.0,2.9,1,1,0,1,0,0,0,2
435.0,9.9,0,0,1,2,0,0,1,2
277.0,11.6,1,0,0,2,1,1,0,0
730.0,3.3,1,1,0,0,1,1,1,1
272.0,8.7,1,1,0,0,0,0,1,2
762.0,19.8,1,0,0,1,1,0,0,3
215.0,10.3,1,1,0,2,0,0,1,2
314.0,9.2,0,1,0,1,1,0,0,2
628.0,12.6,0,1,0,0,1,0,0,3
773.0,8.6,1,1,1,2,1,1,1,1
236.0,4.2,1,1,0,0,0,1,1,0
351.0,16.4,0,1,0,2,0,0,0,2
558.0,16.3,1,0,0,0,0,1,1,0
766.0,15.1,0,0,1,2,1,0,0,3
456.0,6.9,0,0,1,1,0,0,1,2
548.0,12.1,0,0,0,2,1,1,0,0
413.0,10.5,1,0,0,1,0,0,0,2
276.0,14.2,1,0,0,0,1,0,0,2
213.0,14.9,1,1,1,1,1,0,0,2
603.0,9.1,0,0,1,2,1,1,1,0
726.0,16.0,0,0,1,1,1,0,0,3
299.0,13.2,1,1,0,2,0,0,1,2
549.0,15.3,0,0,0,2,0,0,1,2
645.0,14.8,0,1,0,2,0,1,0,1
379.0,15.9,0,0,1,1,0,0,0,2
430.0,12.3,0,1,1,1,1,1,0,0
755.0,13.1,0,1,1,1,0,0,0,3
402.0,3.9,1,1,0,1,1,1,0,0
361.0,11.5,0,1,1,1,0,0,1,2
253.0,18.3,0,0,1,0,0,1,0,0
563.0,7.1,0,0,1,2,1,0,1,2
481.0,9.2,0,0,1,1,1,1,0,0
776.0,12.7,0,1,0,1,1,1,0,1
556.0,7.4,1,0,1,1,0,1,0,0
342.0,5.8,0,1,0,0,1,0,0,2
235.0,18.3,0,1,0,0,0,0,0,2
740.0,3.1,1,1,0,0,1,0,1,3
648.0,6.4,0,0,0,2,0,0,1,3
559.0,13.4,1,0,0,2,1,0,1,2
471.0,17.1,1,0,1,2,1,1,1,0
225.0,4.4,1,1,0,2,1,1,0,0
546.0,7.6,1,1,0,2,1,1,1,0
275.0,16.7,0,0,1,2,1,0,1,2
655.0,5.0,1,0,0,0,0,0,0,3
735.0,3.1,1,0,1,1,0,1,0,1
755.0,2.7,0,1,1,0,1,0,1,3
234.0,18.1,1,1,0,0,1,0,0,2
459.0,16.7,1,1,0,2,0,1,1,0
562.0,10.4,0,1,0,1,1,1,1,0
471.0,18.3,0,1,0,0,1,1,1,0
596.0,3.7,0,1,1,1,0,0,1,3
505.0,2.7,0,0,1,1,1,1,0,0
265.0,10.8,1,1,1,2,0,1,1,0
292.0,16.0,1,1,1,1,1,0,1,2
585.0,3.3,0,1,0,1,0,1,0,0
680.0,8.3,1,0,0,1,0,1,0,1
210.0,4.5,0,0,0,0,0,1,1,0
405.0,14.9,0,1,0,1,0,0,0,2
333.0,6.8,1,0,1,0,1,0,0,2
767.0,11.8,0,0,0,0,1,0,1,3
398.0,2.1,0,1,1,2,1,1,1,0
470.0,9.7,1,1,1,0,0,1,1,0
639.0,3.5,0,0,0,1,0,0,1,3
270.0,18.2,1,0,0,2,0,0,0,2
371.0,13.7,0,0,0,0,1,1,1,0
740.0,11.9,1,1,1,1,1,0,1,3
587.0,7.9,1,0,0,0,1,1,0,0
495.0,2.5,0,1,0,0,0,0,1,2
586.0,8.9,0,1,0,2,1,1,0,0
582.0,5.7,1,0,0,0,1,1,0,0
348.0,11.0,1,0,1,1,1,0,1,2
769.0,3.9,0,0,0,1,0,0,0,3
404.0,12.0,1,0,1,0,0,1,1,0
449.0,16.9,1,0,0,0,0,0,1,2
267.0,9.5,0,1,1,0,1,0,0,2
515.0,2.9,1,1,0,1,1,1,1,0
563.0,12.5,1,0,1,0,1,1,1,0
502.0,18.8,1,0,0,2,1,1,0,0
655.0,18.9,0,1,0,0,1,1,1,1
402.0,8.8,0,0,1,0,0,1,0,0
558.0,9.7,0,0,1,2,1,0,1,2
330.0,7.2,0,0,0,2,0,0,0,2
765.0,18.3,1,1,0,0,1,0,0,3
646.0,5.8,0,1,0,0,1,1,0,1
349.0,12.0,0,1,1,1,0,1,0,0
255.0,10.8,0,1,1,2,1,1,0,0
300.0,3.6,1,0,1,0,1,1,0,0
290.0,11.1,0,1,1,0,0,0,1,2
624.0,12.1,0,0,0,1,1,1,0,1
206.0,7.0,0,0,0,1,1,1,1,0
357.0,5.1,0,0,1,2,1,0,1,2
441.0,10.0,0,0,0,0,0,0,1,2
217.0,19.4,1,1,1,2,0,1,1,0
351.0,19.2,0,0,1,1,0,1,0,0
669.0,9.0,0,1,1,0,0,0,0,3
711.0,16.3,1,1,0,2,1,0,1,3
479.0,16.0,1,0,1,0,1,1,0,0
628.0,18.9,0,1,0,1,1,0,0,3
707.0,13.9,1,1,0,1,0,0,1,3
249.0,7.3,0,0,0,2,0,1,1,0
686.0,19.7,0,1,0,0,0,0,1,3
703.0,8.2,1,1,1,0,1,0,0,3
629.0,4.4,0,0,0,1,1,0,0,3
445.0,10.7,1,1,0,1,0,1,0,0
509.0,19.3,0,1,0,2,1,0,0,2
293.0,13.6,0,1,1,1,1,0,1,2
650.0,13.1,1,0,0,1,1,1,1,1
631.0,8.0,0,1,1,0,1,0,1,3
574.0,15.2,1,1,0,1,1,1,1,0
699.0,5.2,0,0,0,1,1,1,1,1
250.0,3.7,1,0,1,0,0,0,1,2
516.0,17.7,0,1,1,1,0,1,1,0
390.0,11.3,1,0,0,1,0,0,1,2
557.0,18.0,0,0,1,0,0,1,0,0
206.0,2.6,0,1,0,1,1,1,0,0
371.0,14.7,0,1,1,0,0,1,1,0
252.0,4.3,1,0,1,0,0,1,1,0
462.0,4.7,1,0,0,0,0,1,0,0
754.0,5.7,1,0,1,2,1,0,1,3
227.0,2.7,1,0,1,0,0,1,1,0
752.0,19.8,1,0,0,1,1,1,1,1
619.0,13.7,0,1,1,1,0,0,0,3
730.0,18.3,0,0,1,1,0,0,1,3
675.0,4.6,0,1,0,1,1,1,1,1
456.0,16.3,1,1,1,0,1,0,0,2
468.0,3.7,0,0,0,0,1,0,1,2
210.0,4.4,1,1,0,1,0,1,0,0
501.0,17.7,0,1,1,2,0,1,0,0
502.0,5.2,0,1,0,1,0,1,1,0
655.0,16.5,0,1,1,1,1,1,0,1
542.0,18.4,1,1,1,0,1,0,0,2
371.0,2.7,0,0,1,0,0,1,1,0
336.0,18.9,0,0,1,1,1,0,1,2
664.0,11.9,1,1,0,0,1,0,0,3
504.0,13.1,0,0,1,0,0,1,0,0
260.0,17.1,0,0,1,0,0,1,1,0
679.0,14.1,1,1,1,0,0,1,1,1
437.0,19.3,0,1,0,1,0,1,1,0
367.0,18.5,0,1,1,0,0,0,1,2
268.0,6.5,0,1,0,0,0,0,0,2
316.0,15.3,1,1,1,1,1,1,1,0
231.0,9.0,1,1,0,0,0,1,1,0
633.0,4.1,0,1,0,2,1,0,0,3
570.0,7.5,1,1,0,2,0,0,1,2
778.0,2.9,0,0,1,1,0,0,1,3
300.0,11.4,0,1,0,2,0,1,1,0
384.0,2.1,0,1,1,0,1,1,1,0
584.0,5.1,1,1,1,1,1,1,1,0
533.0,19.9,1,0,0,1,0,1,0,0
527.0,18.9,0,0,1,2,0,1,0,0
256.0,12.8,1,1,0,0,1,0,0,2
212.0,19.7,0,0,1,0,0,1,1,0
633.0,10.3,1,0,0,1,1,1,1,1
625.0,10.7,0,0,1,2,1,1,0,1
217.0,10.0,0,1,1,2,1,0,1,2
699.0,2.6,1,0,0,2,0,1,0,1
660.0,8.2,1,0,1,0,1,0,1,3
330.0,11.5,0,0,1,2,1,0,0,2
540.0,11.2,1,1,1,0,1,0,0,2
358.0,11.1,0,1,0,1,1,1,1,0
700.0,8.4,1,0,1,2,1,0,1,3
305.0,14.9,1,0,0,2,1,1,1,0
698.0,19.1,0,0,0,0,0,0,1,3
595.0,16.4,0,0,1,0,1,1,1,0
311.0,7.8,0,1,0,2,0,0,0,2
719.0,7.2,1,1,0,1,1,0,1,3
698.0,17.9,1,1,0,2,1,1,1,1
581.0,5.9,0,0,0,2,1,1,1,0
499.0,4.1,0,0,1,1,1,1,1,0
577.0,6.8,1,0,1,1,0,1,1,0
602.0,11.7,0,1,0,0,0,0,1,3
262.0,2.1,1,1,1,0,0,0,0,2
441.0,5.5,1,0,0,1,0,0,0,2
762.0,6.6,0,0,0,2,1,0,1,3
664.0,12.0,0,1,0,1,0,1,1,1
246.0,15.1,0,0,0,1,1,0,1,2
715.0,19.7,1,0,1,1,1,1,0,1
238.0,5.6,0,1,0,1,0,1,1,0
611.0,14.5,0,1,1,2,0,1,0,1
402.0,6.1,1,0,1,1,1,1,1,0
363.0,12.8,0,1,0,2,1,1,0,0
488.0,6.6,0,0,1,0,0,0,0,2
247.0,10.4,0,0,1,0,0,1,1,0
780.0,10.6,0,1,1,2,1,0,1,3
774.0,19.2,0,1,1,1,1,1,0,1
302.0,6.7,0,0,1,0,0,1,0,0
776.0,16.8,1,0,1,0,1,0,1,3
774.0,15.1,1,1,0,1,1,1,0,1
273.0,11.8,0,1,0,1,0,0,1,2
208.0,14.8,1,0,0,0,0,0,0,2
481.0,8.4,1,0,1,2,0,0,1,2
403.0,13.3,1,0,1,0,0,1,0,0
489.0,4.6,0,0,1,2,1,1,1,0
509.0,16.2,0,1,0,1,0,1,0,0
652.0,8.0,0,1,1,0,1,1,1,1
579.0,19.7,0,1,0,2,0,1,1,0
506.0,9.8,1,1,0,2,0,1,1,0
501.0,18.7,1,0,1,0,1,0,0,2
764.0,6.7,1,1,0,1,0,0,0,3
378.0,7.3,1,1,1,0,1,0,1,2
314.0,16.4,1,1,1,1,0,0,0,2
388.0,17.9,1,1,1,1,1,1,0,0
673.0,10.8,0,1,1,2,0,1,0,1
379.0,3.2,1,1,0,1,1,0,0,2
591.0,8.3,0,1,1,0,1,1,1,0
428.0,16.5,1,0,0,1,0,1,0,0
439.0,10.6,0,1,1,1,0,0,1,2
646.0,14.9,1,1,0,1,0,1,0,1
312.0,8.8,1,0,0,1,1,1,0,0
570.0,2.6,1,0,1,1,0,1,0,0
542.0,14.2,1,0,0,0,0,0,0,2
684.0,7.4,1,1,0,0,0,1,1,1
748.0,10.8,1,1,1,2,0,0,1,3
286.0,18.4,0,0,1,0,0,0,1,2
354.0,6.0,1,1,1,2,0,1,1,0
285.0,8.3,0,1,0,0,0,1,0,0
799.0,4.8,1,0,1,2,1,1,1,2
565.0,2.7,0,0,1,0,1,1,0,0
763.0,9.4,1,0,0,0,0,1,0,1
778.0,3.8,0,0,1,2,0,0,1,3
743.0,7.4,0,0,0,2,1,1,0,1
360.0,17.3,0,0,1,0,0,1,1,0
504.0,2.8,0,0,0,1,1,0,1,2
340.0,13.4,0,1,0,1,1,0,1,2
458.0,9.0,1,1,1,2,0,0,0,2
456.0,9.0,1,0,1,1,1,0,1,2
748.0,11.0,1,1,1,2,1,0,1,3
617.0,8.2,1,1,0,1,0,0,0,3
645.0,3.5,1,1,1,0,0,0,0,3
644.0,17.9,0,0,0,1,0,1,1,1
528.0,5.5,0,0,1,0,0,0,1,2
407.0,14.3,1,0,1,1,0,1,1,0
703.0,15.6,0,0,1,0,1,1,0,1
408.0,5.7,1,0,1,0,1,1,1,0
513.0,4.9,1,1,1,2,0,0,1,2
291.0,18.4,0,1,1,1,1,0,1,2
555.0,2.5,0,0,0,2,0,0,0,2
482.0,9.9,0,1,1,0,0,0,0,2
727.0,3.3,0,0,1,2,0,0,1,3
382.0,9.7,1,1,1,1,1,0,1,2
382.0,5.4,0,0,1,1,1,0,0,2
275.0,18.5,0,1,0,1,0,0,0,2
489.0,7.7,1,0,1,1,1,0,1,2
660.0,16.4,0,0,1,2,1,1,1,1
588.0,8.7,0,1,1,0,1,1,1,0
253.0,11.5,0,0,1,0,1,0,0,2
380.0,14.2,1,1,0,1,0,0,1,2
395.0,14.1,0,0,1,1,0,0,0,2
560.0,17.3,0,1,1,2,1,0,1,2
673.0,7.7,1,0,0,2,1,0,0,3
796.0,10.8,0,0,1,1,0,0,0,3
353.0,17.0,1,0,0,2,1,1,0,0
316.0,7.8,1,1,1,0,0,1,1,0
454.0,5.8,0,0,0,2,1,0,1,2
606.0,7.0,0,1,1,1,0,0,0,3
631.0,7.9,0,1,1,1,1,0,1,3
698.0,4.8,0,0,0,2,0,1,1,1
387.0,5.3,1,1,1,2,0,1,0,0
705.0,2.9,1,1,1,0,1,0,1,3
602.0,6.0,1,1,1,2,0,1,1,0
212.0,18.3,0,0,1,1,0,0,0,2
784.0,13.0,1,1,0,1,0,0,1,3
352.0,8.0,0,0,1,0,1,0,0,2
245.0,16.4,0,1,0,1,0,1,0,0
466.0,12.8,0,0,0,2,1,1,0,0
521.0,5.4,1,1,1,0,0,1,0,0
481.0,13.2,1,0,0,1,1,1,1,0
661.0,18.8,1,1,0,1,1,0,0,3
270.0,3.4,0,1,1,2,0,1,1,0
687.0,19.8,0,0,1,0,0,0,0,3
491.0,9.6,1,0,1,2,0,0,0,2
246.0,10.8,1,1,1,0,1,1,0,0
785.0,2.4,1,0,0,0,1,1,1,1
736.0,6.8,0,1,1,1,1,0,1,3
391.0,8.8,1,0,0,1,0,1,1,0
503.0,19.4,0,1,0,0,0,1,0,0
346.0,15.3,0,1,1,0,0,1,0,0
504.0,18.9,0,1,0,0,0,1,0,0
349.0,15.2,0,1,0,0,0,0,0,2
422.0,17.3,1,1,1,1,1,0,0,2
364.0,2.6,1,1,1,1,0,1,1,0
469.0,17.6,0,0,1,0,1,0,0,2
241.0,16.6,1,0,1,0,1,0,0,2
521.0,12.7,1,0,1,2,0,0,0,2
332.0,14.6,1,1,0,2,1,0,0,2
301.0,15.9,0,1,0,2,0,0,1,2
410.0,2.9,0,0,1,2,0,1,0,0
637.0,6.5,1,0,0,2,1,1,1,1
414.0,18.9,1,0,1,2,0,1,1,0
652.0,7.4,0,1,1,0,0,0,0,3
787.0,3.9,1,1,0,1,0,0,1,3
766.0,14.3,0,1,0,0,0,1,1,1
333.0,8.8,0,0,0,0,0,0,0,2
758.0,16.9,1,0,1,0,0,0,0,3
718.0,12.4,1,0,1,0,1,1,1,1
217.0,19.9,0,1,0,2,1,0,1,2
783.0,14.9,1,0,1,0,1,1,0,1
775.0,13.7,0,0,0,2,0,1,0,1
645.0,10.9,1,1,0,0,1,1,1,1
562.0,3.2,1,0,0,0,1,1,0,0
794.0,2.6,1,1,0,1,0,1,1,2
317.0,15.5,0,0,1,0,1,0,1,2
665.0,15.7,0,1,0,0,0,1,1,1
743.0,5.8,0,0,0,0,1,1,1,1
500.0,11.9,1,1,1,0,1,0,1,2
379.0,7.9,0,1,1,0,0,1,1,0
467.0,15.2,0,0,0,0,0,0,1,2
783.0,16.8,1,1,0,0,0,0,1,3
646.0,9.9,1,1,1,1,0,1,0,1
528.0,14.4,0,0,0,0,1,0,1,2
266.0,8.5,1,0,0,2,1,0,1,2
615.0,11.4,1,1,1,2,1,0,1,3
359.0,15.3,1,1,1,2,0,0,1,2
793.0,4.2,0,0,1,1,1,0,0,3
510.0,2.3,1,0,1,1,0,1,0,0
569.0,13.6,0,1,0,1,0,1,1,0
800.0,16.2,0,0,0,0,1,0,0,3
652.0,13.3,1,1,1,0,0,1,1,1
492.0,5.3,0,0,1,0,0,0,1,2
531.0,11.1,0,1,0,1,1,1,0,0
743.0,9.3,1,0,1,1,0,0,0,3
762.0,19.0,1,1,0,1,0,0,0,3
490.0,14.4,1,0,0,2,0,0,0,2
409.0,11.4,1,1,0,0,0,1,1,0
669.0,9.2,1,0,0,2,1,0,1,3
296.0,8.1,0,0,1,0,0,1,1,0
439.0,4.4,0,1,0,2,0,1,0,0
213.0,14.7,1,0,0,2,1,0,0,2
703.0,11.7,0,1,0,2,1,0,0,3
229.0,3.4,1,0,1,0,0,1,1,0
528.0,9.4,1,0,1,2,1,0,0,2
797.0,15.8,0,1,0,2,0,1,0,2
396.0,4.6,1,1,1,1,1,0,0,2
682.0,16.0,0,1,1,1,0,1,0,1
281.0,10.2,1,0,0,1,1,1,0,0
278.0,3.2,0,0,0,1,1,0,1,2
336.0,18.9,0,1,0,1,1,1,0,0
681.0,5.3,1,1,1,0,1,1,1,1
576.0,2.8,0,0,1,0,0,0,1,2
699.0,11.5,0,0,0,2,0,1,0,1
371.0,4.7,0,1,0,0,1,1,1,0
305.0,2.9,0,1,0,1,1,0,0,2
528.0,14.1,1,0,0,2,0,0,0,2
221.0,3.9,0,0,0,0,0,0,1,2
492.0,19.4,1,0,0,0,1,1,0,0
775.0,16.6,1,0,0,2,0,0,1,3
589.0,17.7,1,1,1,1,1,0,1,3
504.0,14.0,1,1,0,2,0,1,1,0
318.0,11.8,0,1,0,2,1,1,0,0
476.0,14.3,1,1,1,2,1,1,0,0
530.0,12.6,1,0,0,1,0,1,0,0
501.0,16.5,1,0,1,0,1,1,0,0
527.0,5.3,1,0,1,1,1,0,1,2
780.0,4.4,0,1,1,0,1,1,1,1
316.0,14.2,1,0,0,0,1,1,0,0
439.0,5.6,0,1,1,0,1,1,1,0
289.0,19.6,0,0,1,1,0,0,0,2
447.0,4.7,0,0,1,0,1,0,0,2
258.0,13.9,1,1,1,0,0,1,0,0
413.0,16.4,1,0,0,2,0,0,1,2
432.0,7.1,1,0,1,2,1,0,1,2
636.0,14.1,1,1,1,1,1,0,0,3
748.0,19.2,1,0,0,0,0,1,0,1
504.0,19.2,0,0,1,0,1,0,1,2
666.0,4.7,1,0,1,1,0,0,1,3
444.0,4.1,1,0,0,1,1,1,1,0
370.0,7.5,1,1,1,1,1,0,1,2
290.0,3.1,1,1,0,2,1,0,0,2
437.0,4.5,1,1,0,2,0,0,0,2
655.0,8.9,1,0,0,1,0,0,0,3
560.0,2.2,1,1,0,2,0,1,1,0
331.0,3.3,1,0,1,2,1,1,0,0
649.0,19.4,0,0,1,1,0,1,0,1
253.0,14.9,0,1,1,2,0,0,1,2
294.0,7.6,0,0,1,2,0,0,1,2
309.0,4.2,1,0,0,0,1,0,0,2
610.0,10.6,0,1,1,0,1,0,0,3
370.0,12.8,0,0,0,1,1,1,0,0
729.0,6.9,1,1,1,2,1,0,1,3
255.0,12.2,0,1,0,1,0,0,0,2
762.0,10.2,0,1,1,1,0,0,0,3
203.0,13.5,0,1,0,0,0,0,1,2
750.0,9.5,0,0,1,2,0,1,1,1
278.0,11.0,0,1,0,2,1,0,0,2
214.0,4.2,1,1,0,2,1,1,1,0
361.0,5.8,0,1,1,1,1,1,1,0
402.0,10.4,0,0,1,0,0,0,1,2
641.0,11.5,1,0,1,2,0,0,1,3
739.0,15.9,1,0,1,1,0,1,0,1
431.0,5.3,1,0,1,2,0,0,0,2
351.0,14.5,1,1,1,2,1,0,1,2
368.0,10.2,1,0,1,0,0,1,1,0
725.0,2.5,0,0,1,1,1,1,1,1
232.0,2.9,1,0,0,1,1,0,0,2
461.0,11.4,1,1,0,1,1,0,0,2
332.0,14.1,1,0,0,2,1,1,1,0
414.0,17.5,0,0,0,1,1,0,0,2
357.0,6.2,0,0,1,2,1,0,0,2
669.0,16.7,1,1,0,2,0,1,1,1
351.0,5.2,0,0,1,1,1,1,0,0
740.0,13.7,1,0,1,1,0,0,1,3
624.0,5.1,1,1,0,1,0,1,1,1
376.0,13.3,1,1,0,1,1,0,1,2
239.0,6.9,1,0,1,1,1,1,0,0
303.0,8.8,1,1,0,1,0,0,1,2
512.0,13.6,0,0,1,1,0,1,0,0
696.0,11.5,1,0,1,2,0,0,0,3
430.0,3.6,1,0,1,0,0,0,0,2
440.0,13.1,0,1,0,1,1,0,1,2
749.0,12.1,0,0,1,1,0,0,1,3
456.0,15.3,1,0,1,1,1,0,0,2
302.0,17.3,1,0,0,2,0,0,1,2
310.0,5.5,1,1,0,1,0,0,0,2
710.0,14.1,1,1,0,2,0,1,0,1
488.0,8.4,0,1,0,1,0,1,1,0
670.0,6.2,1,0,0,0,1,0,1,3
543.0,14.8,1,1,1,2,0,1,1,0
326.0,11.3,0,0,1,0,0,0,1,2
349.0,18.1,1,0,0,1,0,1,0,0
282.0,6.3,0,0,1,0,1,1,0,0
261.0,5.1,0,1,1,2,1,1,1,0
567.0,11.1,1,1,0,2,1,0,0,2
674.0,16.2,1,1,0,0,1,1,0,1
611.0,11.3,1,1,0,0,0,1,1,1
742.0,9.7,0,0,1,1,0,1,1,1
744.0,13.6,0,0,0,1,0,1,0,1
768.0,11.6,1,0,1,0,0,1,0,1
662.0,13.5,0,0,0,1,1,0,1,3
487.0,15.6,1,0,0,0,1,0,0,2
409.0,19.7,0,0,0,2,1,0,0,2
247.0,6.4,1,1,1,0,1,0,1,2
762.0,12.8,1,0,0,0,1,0,1,3
371.0,12.8,1,1,1,2,0,0,1,2
292.0,6.1,0,0,0,0,0,0,1,2
251.0,19.3,1,0,0,0,0,1,0,0
347.0,16.2,0,0,1,0,1,1,0,0
713.0,6.0,0,1,1,0,1,0,1,3
769.0,19.7,1,0,0,0,1,1,1,1
350.0,6.1,0,1,0,0,1,0,0,2
703.0,6.5,1,0,0,0,0,0,0,3
553.0,2.2,0,0,0,1,0,1,1,0
374.0,4.0,1,0,0,2,0,0,1,2
376.0,3.4,1,0,0,1,1,0,1,2
439.0,18.8,1,0,0,0,1,0,1,2
286.0,17.4,1,0,0,2,1,0,1,2
590.0,14.3,0,0,0,1,1,0,1,3
220.0,9.0,0,0,1,2,1,0,0,2
734.0,15.5,1,0,0,2,0,0,0,3
654.0,10.7,0,1,0,1,0,1,1,1
406.0,19.3,1,1,1,1,1,0,1,2
497.0,2.6,1,0,0,0,0,0,0,2
449.0,2.1,0,0,1,2,1,1,1,0
771.0,8.8,0,0,0,2,1,0,0,3
494.0,17.1,0,1,0,1,1,0,1,2
768.0,14.3,1,1,1,2,1,1,1,1
668.0,7.8,0,0,0,1,1,0,1,3
666.0,3.8,1,0,1,0,0,1,0,1
625.0,12.1,1,1,0,0,1,0,1,3
606.0,12.1,0,0,0,2,0,0,0,3
438.0,2.6,1,1,0,1,0,1,0,0
261.0,16.9,0,1,0,0,0,1,0,0
502.0,15.6,0,1,0,2,1,1,0,0
670.0,10.9,0,1,1,2,0,0,0,3
274.0,5.1,1,0,0,0,0,0,1,2
484.0,11.6,1,0,1,0,1,1,0,0
352.0,13.3,1,1,1,1,0,0,0,2
472.0,18.4,1,0,1,0,0,1,1,0
322.0,6.2,0,0,1,1,1,0,1,2
606.0,16.1,1,1,1,1,1,0,1,3
587.0,11.1,1,0,0,2,0,1,1,0
458.0,3.0,0,0,0,2,1,0,0,2
351.0,16.4,0,1,1,0,1,1,0,0
367.0,12.4,1,0,1,1,0,1,1,0
318.0,2.9,1,0,0,1,0,0,0,2
780.0,14.3,0,1,1,0,1,0,1,3
338.0,12.0,1,1,1,1,1,1,1,0
455.0,9.2,1,0,0,2,1,1,1,0
501.0,3.6,1,1,0,1,1,1,1,0
603.0,18.0,0,1,1,1,0,1,0,0
651.0,18.7,0,0,1,0,0,1,0,1
431.0,18.9,1,0,1,2,1,1,0,0
510.0,13.4,0,0,1,0,0,1,1,0
740.0,3.1,1,1,0,0,0,0,1,3
269.0,13.5,0,1,1,1,0,1,1,0
465.0,17.0,0,0,0,0,1,1,1,0
314.0,19.9,0,1,1,0,1,1,0,0
228.0,12.1,1,0,1,2,1,0,0,2
293.0,8.4,1,1,1,0,1,1,0,0
349.0,10.1,1,0,1,0,0,1,1,0
538.0,12.3,1,1,0,2,0,1,1,0
660.0,16.9,1,1,0,0,1,0,0,3
764.0,19.0,1,0,1,1,1,1,1,1
775.0,6.0,0,1,1,2,0,1,1,1
727.0,6.5,1,0,0,2,1,0,0,3
509.0,17.1,0,0,1,2,0,0,0,2
454.0,10.3,0,0,1,1,1,1,1,0
470.0,7.0,1,1,0,2,1,1,0,0
779.0,4.2,0,1,0,2,1,1,0,1
554.0,5.3,0,1,0,1,1,0,1,2
647.0,8.0,0,0,1,2,0,0,0,3
239.0,2.5,1,1,0,0,1,0,1,2
784.0,19.5,1,0,1,2,1,0,1,3
512.0,11.8,1,0,0,0,1,1,0,0
562.0,16.8,0,1,1,2,1,1,1,0
685.0,9.9,1,0,0,0,1,1,0,1
251.0,19.2,0,0,1,2,0,1,1,0
208.0,9.6,0,0,1,2,0,1,1,0
773.0,9.2,1,1,0,1,0,1,1,1
328.0,15.1,0,0,1,0,0,0,0,2
263.0,12.1,1,1,1,2,0,1,0,0
761.0,7.5,1,0,0,2,0,1,1,1
425.0,2.0,1,0,0,0,1,1,0,0
713.0,4.2,0,0,1,2,0,1,1,1
759.0,6.7,0,0,0,0,1,0,1,3
318.0,3.9,1,0,0,1,0,0,0,2
242.0,11.3,0,1,0,1,0,0,1,2
224.0,8.1,1,1,0,1,1,0,1,2
366.0,14.6,0,0,0,2,0,1,1,0
307.0,10.5,0,1,1,2,1,0,1,2
741.0,5.8,1,1,0,0,0,0,1,3
757.0,9.9,0,1,0,2,0,0,1,3
465.0,15.1,1,1,0,2,1,0,0,2
412.0,11.4,0,0,0,1,1,0,1,2
445.0,9.7,1,0,0,1,1,1,0,0
700.0,8.5,0,0,1,1,1,1,0,1
287.0,14.5,1,1,1,2,0,0,1,2
290.0,14.9,0,1,1,1,0,0,1,2
368.0,13.3,0,1,0,1,1,0,0,2
550.0,12.3,1,0,0,2,1,0,0,2
627.0,8.5,0,0,1,2,1,0,0,3
794.0,15.4,0,1,1,0,0,0,1,3
225.0,17.8,1,1,1,2,0,0,1,2
414.0,4.3,1,0,1,2,0,0,1,2
385.0,18.6,1,1,0,2,0,1,1,0
225.0,6.2,1,0,0,1,0,0,1,2
675.0,4.4,1,1,0,2,0,1,0,1
456.0,14.0,1,1,0,2,0,1,1,0
568.0,9.9,0,0,0,2,1,0,1,2
471.0,19.6,0,0,0,0,0,1,0,0
420.0,9.5,1,0,0,1,1,1,1,0
283.0,13.8,0,0,1,2,1,0,1,2
735.0,4.7,0,1,0,1,0,0,1,3
272.0,9.6,0,1,1,1,0,0,0,2
547.0,14.3,0,0,1,1,1,1,1,0
786.0,4.2,0,0,1,2,1,1,0,1
372.0,12.3,0,0,1,0,0,1,0,0
486.0,19.2,1,0,0,1,1,1,0,0
647.0,7.4,0,0,1,1,1,0,1,3
354.0,12.8,1,0,1,2,1,1,1,0
335.0,13.3,0,1,1,0,1,0,0,2
266.0,17.0,0,0,0,0,1,1,0,0
214.0,4.7,1,0,1,0,1,0,1,2
370.0,14.9,1,0,1,2,0,1,0,0
608.0,12.0,1,0,0,2,0,1,1,1
245.0,11.8,0,1,1,1,0,1,0,0
661.0,13.5,1,1,0,0,0,0,1,3
456.0,16.3,1,0,1,1,1,1,0,0
532.0,14.9,0,1,1,2,0,1,1,0
387.0,3.0,0,1,0,2,1,1,1,0
596.0,10.6,0,1,1,0,0,0,1,3
654.0,14.1,0,1,1,2,1,1,0,1
251.0,2.2,0,1,1,0,1,1,1,0
733.0,7.4,1,1,0,2,0,1,1,1
553.0,4.0,0,0,0,2,1,1,1,0
590.0,7.7,0,1,0,1,0,1,1,0
516.0,15.7,1,1,0,2,1,0,0,2
256.0,16.1,0,1,0,1,0,1,0,0
467.0,14.1,0,0,1,0,0,1,1,0
306.0,4.4,0,0,1,1,0,1,0,0
507.0,15.0,0,0,1,2,0,0,1,2
741.0,15.1,1,0,1,1,0,0,1,3
483.0,2.8,0,1,0,2,1,1,0,0
325.0,11.9,1,0,0,1,1,1,0,0
503.0,11.0,1,0,0,1,1,1,0,0
403.0,13.7,0,1,0,2,1,0,1,2
757.0,14.4,1,0,0,2,1,1,0,1
456.0,3.2,1,1,0,2,1,0,0,2
678.0,6.5,1,1,1,1,1,1,0,1
489.0,16.9,1,0,1,1,0,1,0,0
342.0,11.3,0,1,1,0,0,1,1,0
598.0,16.7,1,0,0,2,1,0,1,3
211.0,6.6,0,0,0,0,1,0,0,2
690.0,18.9,0,0,1,0,0,0,1,3
735.0,10.3,1,1,0,0,1,0,1,3
529.0,10.8,0,0,0,0,1,0,1,2
349.0,7.3,1,1,0,1,1,1,1,0
305.0,16.3,1,0,0,0,0,1,0,0
633.0,14.5,1,1,1,2,0,0,1,3
329.0,17.6,1,1,1,0,1,0,0,2
507.0,9.6,1,1,1,0,1,0,1,2
718.0,16.7,0,1,1,2,0,1,1,1
658.0,9.9,1,1,1,2,1,1,0,1
209.0,7.5,1,1,1,2,1,1,1,0
622.0,19.8,1,1,0,1,1,1,0,1
207.0,6.9,1,1,0,0,1,0,0,2
394.0,5.6,1,0,0,1,1,1,0,0
425.0,12.5,1,0,0,0,1,1,0,0
483.0,15.8,1,1,1,2,1,1,0,0
593.0,4.5,1,0,0,1,0,0,0,3
795.0,16.4,0,1,0,2,0,1,1,2
306.0,19.5,0,1,1,0,1,0,1,2
603.0,11.2,0,0,1,1,1,0,1,3
309.0,19.4,1,0,1,1,1,1,0,0
399.0,4.5,1,0,1,2,1,1,1,0
688.0,12.3,0,1,1,1,0,1,1,1
243.0,17.9,1,1,1,0,0,1,0,0
212.0,10.2,1,1,1,2,0,0,1,2
416.0,16.9,0,0,1,2,1,1,1,0
464.0,13.8,1,0,1,2,0,0,1,2
447.0,6.7,0,0,0,2,0,1,1,0
552.0,18.2,0,1,0,1,1,0,0,2
641.0,8.7,0,1,0,2,1,1,0,1
586.0,2.8,1,0,0,2,0,0,1,3
643.0,6.2,1,0,0,0,0,0,1,3
512.0,16.4,0,1,0,0,0,1,0,0
465.0,14.9,0,1,1,0,0,0,1,2
279.0,14.0,1,0,1,2,1,0,0,2
791.0,3.6,1,0,1,2,0,0,0,3
594.0,15.8,0,0,1,2,1,1,1,0
338.0,13.0,1,0,1,1,0,0,0,2
612.0,4.3,1,1,1,2,0,1,1,1
523.0,10.0,0,0,1,1,0,0,0,2
442.0,7.7,1,0,0,1,1,1,1,0
569.0,14.8,0,1,1,2,1,1,1,0
334.0,9.5,1,0,1,1,1,0,0,2
783.0,14.3,1,0,1,2,0,0,0,3
463.0,18.5,0,0,1,1,0,1,0,0
543.0,9.7,1,0,0,0,1,0,1,2
262.0,17.8,0,1,0,2,0,0,0,2
728.0,8.3,1,1,1,0,1,0,0,3
608.0,7.7,1,0,1,1,1,1,0,1
260.0,4.8,1,1,1,1,0,1,0,0
457.0,15.1,0,1,0,2,1,1,0,0
356.0,15.4,1,1,1,2,0,1,1,0
490.0,4.4,0,0,0,1,1,1,1,0
450.0,18.7,1,1,1,2,0,0,0,2
666.0,8.8,0,0,0,2,1,1,0,1
541.0,13.7,0,0,0,0,1,0,0,2
465.0,17.5,1,1,1,1,0,1,1,0
304.0,11.1,1,1,0,1,1,1,0,0
767.0,17.9,0,1,0,0,0,0,1,3
382.0,15.7,1,0,1,2,0,1,0,0
237.0,8.7,1,1,0,0,0,1,0,0
378.0,10.1,0,0,0,2,1,0,0,2
310.0,13.5,1,0,0,1,0,0,1,2
420.0,17.8,1,1,0,2,0,1,1,0
690.0,19.8,0,0,0,2,0,0,1,3
427.0,4.9,0,1,1,2,1,0,0,2
475.0,13.2,0,1,0,1,1,1,0,0
677.0,18.3,1,1,1,0,1,0,0,3
505.0,6.9,1,0,0,1,0,0,1,2
635.0,11.0,1,0,0,1,1,1,1,1
490.0,14.6,0,0,0,0,1,1,1,0
407.0,10.5,1,1,0,1,0,0,0,2
502.0,5.1,1,0,0,1,1,0,0,2
787.0,5.4,0,0,1,0,0,1,0,2
265.0,12.7,1,0,1,2,1,1,0,0
732.0,19.8,0,0,1,1,1,1,1,1
575.0,4.0,1,0,0,1,1,1,0,0
781.0,10.8,1,1,0,0,0,1,1,1
350.0,3.6,1,0,0,0,1,0,0,2
429.0,15.6,0,1,1,0,1,0,0,2
266.0,16.6,1,0,1,0,1,0,0,2
231.0,14.6,1,0,0,2,1,0,0,2
479.0,13.9,1,1,0,0,0,1,1,0
254.0,16.8,1,1,0,2,0,0,0,2
562.0,14.9,1,1,1,0,0,0,0,2
538.0,13.0,1,0,0,0,0,1,1,0
767.0,14.9,1,0,0,1,0,0,1,3
747.0,3.9,0,1,1,2,1,0,1,3
377.0,8.2,0,1,0,0,0,1,1,0
755.0,13.9,1,1,0,1,0,1,0,1
233.0,16.4,0,1,1,1,1,1,1,0
640.0,5.8,0,1,0,1,1,1,1,1
548.0,7.9,0,1,0,1,0,0,0,2
413.0,10.0,1,1,0,1,0,0,0,2
693.0,18.4,1,1,1,0,0,0,0,3
412.0,8.6,1,1,0,0,0,0,1,2
518.0,4.5,1,1,1,0,1,0,0,2
611.0,17.7,0,1,0,2,0,0,1,3
361.0,9.2,1,0,1,1,1,0,0,2
270.0,17.5,1,0,0,2,0,0,0,2
617.0,3.5,1,1,0,2,1,0,1,3
311.0,19.0,1,0,0,0,0,0,0,2
327.0,19.2,1,1,1,0,0,1,0,0
320.0,7.1,0,0,1,0,1,0,1,2
648.0,2.7,1,1,1,2,0,1,0,1
389.0,9.2,0,0,1,2,1,0,0,2
644.0,6.2,0,1,1,1,0,1,1,1
540.0,15.9,0,0,1,2,0,0,1,2
504.0,2.8,1,0,0,1,0,0,0,2
742.0,4.1,1,1,1,2,1,1,0,1
547.0,13.9,0,1,0,0,0,1,0,0
342.0,16.7,1,1,1,1,0,0,0,2
790.0,2.6,1,0,1,0,0,0,1,3
386.0,6.6,1,1,0,1,0,1,0,0
484.0,13.0,1,0,0,0,0,1,0,0
426.0,7.1,1,0,0,1,0,0,0,2
644.0,13.7,0,0,1,0,1,0,0,3
479.0,13.1,1,1,1,2,0,0,0,2
410.0,11.1,1,1,0,2,0,0,0,2
588.0,16.1,0,0,1,2,0,0,0,3
495.0,3.3,1,1,0,2,0,1,1,0
211.0,3.9,0,1,1,0,0,0,1,2
587.0,4.3,1,1,0,1,1,1,1,0
295.0,19.6,0,1,1,0,0,1,0,0
776.0,7.0,1,1,1,0,0,1,0,1
647.0,9.1,0,0,0,2,0,1,1,1
424.0,6.9,0,0,1,2,1,1,0,0
236.0,15.3,1,1,1,2,1,0,1,2
397.0,6.8,1,0,1,2,0,1,1,0
591.0,12.2,0,1,1,2,1,0,1,3
739.0,4.0,1,1,1,2,1,0,1,3
649.0,16.6,1,1,1,1,0,1,1,1
662.0,19.2,0,1,1,0,0,1,0,1
278.0,8.4,1,0,1,2,0,1,0,0
338.0,3.8,1,0,0,1,1,1,0,0
674.0,8.3,0,1,1,2,0,0,1,3
426.0,4.9,0,1,0,2,1,1,1,0
715.0,18.0,0,1,1,2,1,1,1,1
224.0,19.4,0,0,0,0,1,1,1,0
570.0,7.3,0,0,1,2,1,1,1,0
505.0,15.7,0,1,1,2,0,0,0,2
683.0,15.7,1,0,0,1,0,1,1,1
302.0,16.0,0,1,1,2,0,1,1,0
319.0,3.7,0,0,0,1,0,0,1,2
496.0,17.3,0,0,1,2,1,1,1,0
563.0,9.9,0,1,0,2,1,0,0,2
297.0,16.8,1,1,1,1,1,1,0,0
744.0,8.0,1,1,1,2,0,0,1,3
706.0,18.5,0,1,1,2,0,1,0,1
275.0,6.0,0,1,1,1,0,0,1,2
710.0,5.3,1,0,1,0,0,1,1,1
749.0,2.2,0,0,0,0,0,0,1,3
347.0,7.2,0,1,0,0,0,1,1,0
719.0,9.6,0,0,0,0,1,0,1,3
538.0,15.8,0,0,1,2,0,1,1,0
681.0,3.2,0,1,0,2,1,1,1,1
562.0,6.1,1,0,0,1,1,1,1,0
379.0,12.8,1,0,1,1,0,0,0,2
615.0,15.8,0,1,1,2,0,0,0,3
620.0,14.4,0,1,0,2,0,0,0,3
633.0,15.8,1,1,1,1,1,1,1,1
656.0,16.0,1,0,1,0,1,0,0,3
588.0,5.0,0,1,0,1,0,1,0,0
460.0,7.1,0,1,1,2,1,1,0,0
399.0,18.2,1,1,1,2,0,1,0,0
746.0,15.1,1,0,0,1,1,1,1,1
688.0,19.3,1,1,0,0,0,0,0,3
701.0,19.4,1,1,1,0,0,0,0,3
255.0,2.1,0,0,1,2,1,1,1,0
444.0,12.7,0,1,0,1,0,1,1,0
413.0,16.4,0,1,0,2,0,1,1,0
725.0,13.7,0,0,0,0,1,0,1,3
399.0,3.2,1,1,0,1,0,1,1,0
764.0,14.3,1,0,1,1,1,1,1,1
686.0,10.5,1,0,1,0,1,0,1,3
721.0,12.3,1,0,1,2,0,0,1,3
264.0,16.3,1,1,0,0,0,1,0,0
786.0,5.0,1,1,1,2,1,0,1,3
422.0,8.4,0,0,1,0,1,1,1,0
248.0,2.9,1,1,0,1,0,1,0,0
574.0,12.3,0,1,1,2,1,1,0,0
719.0,3.6,0,1,0,2,1,1,0,1
637.0,6.5,0,1,1,0,0,0,0,3
623.0,15.5,0,1,1,2,1,0,1,3
765.0,4.0,0,1,0,1,1,0,1,3
780.0,8.2,0,0,0,0,0,0,1,3
694.0,15.5,0,0,0,1,0,1,0,1
670.0,15.9,0,1,0,0,0,1,0,1
410.0,15.5,1,0,1,2,0,1,1,0
478.0,12.8,0,1,1,2,0,0,0,2
518.0,14.5,1,1,0,0,1,0,0,2
487.0,14.0,0,0,0,1,0,0,1,2
684.0,11.8,1,0,0,1,1,1,0,1
796.0,9.0,1,0,0,2,0,0,1,3
323.0,4.0,1,0,0,1,1,1,0,0
673.0,17.0,1,0,1,1,1,0,1,3
567.0,11.0,0,0,0,1,1,1,1,0
636.0,16.1,0,1,1,0,0,1,1,1
500.0,10.5,1,0,1,2,0,1,1,0
618.0,13.5,0,1,0,1,1,0,1,3
575.0,19.7,1,0,0,0,0,0,0,2
593.0,3.7,0,0,1,1,1,1,1,0
771.0,7.2,1,1,1,2,0,0,0,3
227.0,6.6,0,0,0,2,0,1,1,0
378.0,18.1,0,1,0,2,0,0,0,2
587.0,4.2,0,1,1,0,0,0,0,3
429.0,17.1,1,0,1,1,0,0,0,2
470.0,3.9,0,1,1,1,1,0,1,2
456.0,19.7,0,0,0,1,1,0,1,2
667.0,4.6,0,0,1,0,1,0,0,3
234.0,2.7,1,0,1,1,0,0,0,2
470.0,18.5,1,1,1,2,0,1,1,0
600.0,18.7,0,0,0,0,1,0,0,3
446.0,10.2,1,0,0,1,1,1,0,0
239.0,13.1,0,0,1,2,1,1,1,0
770.0,5.5,0,1,0,2,1,1,1,1
427.0,19.2,1,0,1,1,1,1,1,0
764.0,17.1,1,0,1,2,1,1,0,1
753.0,18.0,0,1,0,2,0,1,1,1
282.0,17.2,1,1,0,2,1,0,0,2
583.0,12.0,1,1,1,2,0,1,0,0
372.0,8.0,0,0,0,2,1,0,1,2
324.0,19.9,0,0,1,0,1,1,1,0
537.0,9.2,0,0,0,0,0,1,0,0
522.0,19.5,1,1,0,0,0,0,0,2
731.0,6.2,1,1,1,0,1,1,1,1
606.0,12.8,1,0,0,1,1,1,0,0
640.0,11.9,0,1,1,0,1,1,1,1
675.0,6.8,0,1,0,1,1,0,0,3
241.0,6.7,0,1,1,1,0,0,0,2
418.0,16.1,0,1,0,0,1,0,1,2
567.0,8.0,0,0,0,1,1,1,0,0
666.0,14.0,1,1,1,2,1,0,0,3
683.0,11.5,0,0,0,2,1,1,1,1
723.0,5.4,1,1,0,2,0,0,0,3
605.0,7.1,1,0,0,2,1,1,1,0
285.0,7.8,0,1,1,1,1,0,0,2
367.0,6.9,0,1,0,1,0,1,0,0
564.0,3.8,0,0,1,2,1,0,0,2
579.0,2.2,0,0,1,2,1,0,0,2
203.0,16.4,0,0,1,0,1,0,0,2
498.0,6.8,1,0,0,0,0,1,0,0
787.0,18.2,0,1,0,0,1,0,0,3
235.0,2.5,0,1,1,0,1,0,0,2
421.0,16.1,1,0,1,1,0,0,1,2
552.0,7.4,1,1,1,2,1,1,0,0
762.0,14.1,0,0,0,1,0,0,1,3
245.0,14.5,1,0,1,1,1,0,1,2
702.0,5.9,1,0,1,1,0,1,0,1
385.0,5.6,1,1,0,2,1,0,1,2
379.0,17.3,1,0,1,2,1,0,1,2
363.0,6.1,0,0,0,2,0,0,1,2
732.0,4.2,1,1,1,1,1,0,0,3
299.0,14.4,1,1,0,1,1,1,0,0
244.0,5.9,1,0,1,0,1,0,1,2
678.0,15.0,0,1,1,2,1,0,1,3
724.0,10.3,1,1,1,2,1,0,1,3
354.0,8.5,0,1,1,0,1,0,1,2
784.0,3.1,0,0,1,0,1,1,1,1
760.0,7.3,1,1,0,0,0,1,1,1
273.0,6.7,0,1,0,2,0,1,1,0
293.0,15.4,1,0,1,1,0,1,0,0
428.0,11.0,0,1,1,0,0,1,1,0
603.0,18.4,0,0,0,2,0,1,0,0
204.0,3.5,0,1,1,0,1,1,1,0
567.0,11.2,1,0,1,1,0,1,0,0
714.0,6.3,1,0,0,0,1,1,0,1
487.0,10.3,1,0,0,2,0,1,0,0
248.0,5.6,1,0,0,0,1,0,1,2
314.0,7.5,1,1,0,2,1,0,1,2
569.0,14.3,0,1,1,1,1,0,0,2
570.0,16.8,0,1,1,2,0,0,0,2
287.0,12.0,0,1,0,0,0,1,0,0
575.0,7.7,0,0,1,1,0,1,0,0
385.0,8.6,1,0,1,0,0,1,0,0
262.0,11.3,1,0,0,2,0,1,1,0
533.0,11.9,1,0,0,0,1,1,1,0
611.0,16.7,0,0,0,1,1,0,1,3
357.0,19.2,0,1,1,2,0,1,0,0
666.0,5.6,1,1,1,1,0,1,0,1
239.0,18.6,1,0,1,1,1,1,1,0
362.0,12.4,0,0,1,2,0,0,1,2
467.0,8.4,0,1,1,0,1,1,1,0
490.0,5.4,0,1,1,1,0,1,1,0
571.0,13.8,0,0,1,2,1,0,0,2
388.0,14.2,0,0,1,2,0,0,1,2
297.0,18.2,0,1,0,2,0,0,1,2
781.0,7.9,0,1,0,2,1,0,0,3
269.0,11.7,1,1,0,0,0,1,1,0
203.0,13.5,1,0,1,0,0,0,1,2
526.0,16.0,0,1,0,2,1,1,0,0
292.0,17.4,0,0,1,1,0,1,1,0
597.0,15.3,1,0,0,2,0,0,0,3
594.0,7.4,1,0,0,1,0,1,1,0
502.0,11.1,1,1,0,2,0,0,1,2
402.0,11.6,1,1,1,1,1,1,1,0
614.0,19.6,1,0,0,0,1,0,0,3
555.0,11.7,0,1,1,2,1,1,1,0
367.0,2.7,0,0,1,2,1,0,1,2
269.0,15.5,1,0,0,0,1,0,1,2
279.0,9.1,1,1,0,2,0,1,1,0
543.0,11.3,1,0,1,1,1,1,0,0
472.0,15.3,1,1,1,1,1,0,1,2
606.0,19.3,0,0,0,0,1,0,1,3
227.0,16.5,1,1,1,0,1,1,0,0
783.0,6.6,1,0,1,1,0,1,1,1
534.0,5.9,0,0,0,1,0,1,1,0
327.0,19.6,0,1,0,2,1,0,0,2
322.0,5.8,1,0,0,0,1,0,0,2
725.0,4.5,0,0,0,1,0,1,0,1
250.0,18.1,1,1,1,1,1,1,1,0
264.0,10.0,1,0,1,1,0,1,0,0
669.0,2.9,0,0,1,2,0,0,0,3
768.0,12.7,0,0,1,1,1,1,1,1
465.0,8.6,1,0,0,1,1,0,1,2
258.0,9.9,0,1,1,0,0,1,0,0
614.0,12.8,1,0,1,1,1,0,0,3
363.0,19.9,1,1,0,1,0,1,1,0
770.0,4.0,1,0,0,0,1,1,0,1
741.0,6.3,1,0,1,2,0,0,1,3
728.0,17.1,1,1,1,1,1,1,0,1
202.0,4.5,1,1,0,2,1,0,1,2
764.0,19.5,0,0,0,0,0,1,1,1
611.0,7.9,0,1,0,0,1,0,0,3
229.0,13.3,1,1,1,1,1,0,1,2
631.0,5.5,1,0,1,0,1,1,1,1
752.0,7.7,0,1,1,0,0,1,0,1
407.0,12.0,0,1,1,0,1,1,0,0
608.0,19.4,1,0,0,2,1,1,1,1
399.0,8.8,1,0,0,1,0,0,1,2
593.0,18.3,0,1,1,0,1,1,0,0
516.0,5.8,0,0,1,2,1,1,0,0
278.0,2.6,1,1,0,1,1,1,0,0
204.0,17.1,1,1,1,1,1,1,1,0
658.0,14.7,0,0,0,0,1,1,1,1
333.0,4.1,1,1,1,0,0,1,0,0
446.0,2.4,0,1,1,2,1,1,1,0
736.0,16.8,1,0,0,1,0,1,0,1
708.0,5.1,1,0,0,2,0,1,1,1
582.0,10.6,1,1,0,0,0,1,1,0
366.0,17.4,0,1,0,0,1,0,1,2
275.0,12.3,0,0,1,1,1,1,1,0
307.0,18.2,0,1,0,1,0,1,1,0
769.0,2.7,0,0,0,1,1,1,1,1
578.0,9.6,0,0,0,1,0,1,0,0
448.0,5.5,0,1,1,0,1,0,1,2
767.0,9.2,0,0,0,2,0,1,1,1
520.0,15.7,0,0,0,0,1,0,0,2
442.0,18.1,0,1,1,2,0,1,1,0
276.0,4.7,0,0,1,0,0,1,0,0
251.0,8.2,0,0,1,1,1,1,0,0
602.0,10.0,0,0,0,0,0,1,1,0
233.0,6.5,0,0,1,1,0,1,0,0
249.0,5.6,0,1,0,0,0,0,1,2
777.0,16.8,1,0,0,0,1,1,1,1
556.0,17.6,1,0,1,2,0,0,1,2
737.0,2.5,1,1,1,0,0,0,0,3
302.0,18.6,0,1,0,1,0,1,0,0
770.0,16.2,0,1,1,2,1,1,0,1
624.0,7.2,1,0,0,1,0,0,1,3
389.0,13.5,0,1,0,1,1,1,1,0
743.0,10.3,1,1,1,1,0,1,0,1
263.0,5.7,0,1,1,1,0,1,0,0
737.0,4.0,0,1,0,0,0,1,1,1
597.0,12.6,0,0,0,1,0,0,0,3
505.0,2.6,0,1,1,1,0,1,0,0
728.0,16.4,0,0,0,1,1,1,0,1
208.0,13.9,1,1,1,1,1,0,0,2
534.0,13.7,1,1,0,2,1,1,0,0
505.0,11.8,1,0,1,0,0,1,0,0
293.0,13.1,1,1,1,2,0,1,1,0
356.0,18.5,1,1,0,2,0,0,0,2
310.0,12.0,1,0,1,2,0,1,1,0
348.0,7.0,1,0,1,0,1,1,0,0
622.0,15.0,1,1,1,2,0,0,1,3
779.0,8.0,0,0,1,2,0,0,0,3
590.0,17.6,0,1,0,0,0,1,1,0
531.0,9.9,0,1,1,0,1,0,0,2
495.0,6.8,1,0,0,1,1,0,0,2
284.0,3.4,1,1,0,1,0,0,0,2
650.0,8.0,0,0,1,1,0,1,0,1
747.0,11.3,0,1,0,2,0,1,0,1
424.0,3.4,1,1,0,1,0,0,1,2
270.0,19.6,0,0,1,2,0,1,0,0
619.0,12.9,1,0,1,0,0,0,0,3
648.0,15.8,1,1,0,2,0,1,0,1
285.0,3.4,1,1,0,1,0,0,0,2
345.0,9.3,1,0,1,1,1,0,0,2
404.0,9.0,1,1,1,2,1,0,1,2
394.0,14.1,0,0,0,1,0,1,1,0
365.0,10.5,0,1,1,1,0,1,1,0
552.0,6.5,0,1,0,2,1,0,0,2
711.0,15.5,1,0,0,1,0,0,1,3
552.0,14.5,1,1,0,0,1,0,0,2
296.0,9.4,0,1,0,0,1,1,1,0
285.0,17.8,1,0,1,1,1,0,1,2
780.0,4.5,1,1,1,2,0,1,1,1
205.0,11.3,1,1,1,2,1,0,0,2
761.0,17.3,0,0,1,0,0,0,1,3
479.0,14.7,1,1,1,0,0,1,0,0
203.0,11.5,1,1,1,1,1,0,0,2
347.0,3.7,0,0,0,1,1,0,1,2
570.0,2.6,1,1,1,0,1,1,1,0
324.0,14.1,1,0,1,0,0,0,0,2
754.0,9.9,0,0,1,1,1,1,1,1
219.0,9.5,0,0,1,2,1,0,0,2
403.0,9.0,0,1,1,0,1,0,1,2
407.0,5.1,1,0,0,2,0,1,0,0
621.0,12.1,0,0,0,2,1,1,0,1
792.0,8.8,0,0,1,2,1,1,0,2
770.0,3.3,0,1,1,0,1,1,1,1
451.0,18.7,1,0,1,0,0,0,1,2
582.0,11.0,1,0,0,1,1,1,0,0
751.0,6.5,1,0,1,1,1,0,0,3
650.0,14.7,1,0,1,2,0,0,0,3
291.0,17.3,0,0,1,0,0,1,0,0
752.0,7.4,1,0,1,2,1,1,1,1
470.0,18.7,1,1,1,2,0,1,1,0
454.0,12.6,1,1,0,2,0,0,0,2
240.0,6.7,0,0,0,2,1,0,1,2
716.0,14.7,0,0,1,2,0,0,1,3
749.0,13.2,1,1,1,2,1,0,1,3
737.0,18.6,0,0,1,0,0,0,1,3
316.0,17.9,0,1,1,1,0,0,1,2
266.0,12.9,1,0,0,2,1,1,1,0
333.0,13.4,0,1,0,0,0,0,0,2
351.0,5.9,0,1,1,0,0,1,1,0
401.0,15.4,1,0,0,0,1,1,0,0
506.0,16.8,0,1,0,2,0,1,0,0
792.0,19.9,0,1,1,2,0,0,0,3
421.0,6.0,0,0,1,0,0,1,1,0
334.0,12.0,1,1,1,0,1,0,1,2
324.0,19.5,0,1,1,1,1,0,1,2
555.0,15.0,1,0,0,0,0,0,0,2
613.0,8.0,1,1,1,1,0,0,1,3
476.0,2.8,0,1,0,0,0,0,1,2
689.0,19.6,1,1,0,1,1,1,0,1
209.0,13.5,0,1,0,1,1,0,1,2
566.0,16.8,1,0,1,0,0,0,1,2
563.0,3.4,1,1,1,0,0,1,1,0
739.0,12.4,0,0,1,2,0,1,1,1
323.0,18.6,0,0,0,0,1,1,1,0
424.0,13.3,1,0,0,0,1,0,1,2
496.0,8.8,0,1,0,0,0,1,0,0
514.0,7.4,0,0,0,0,0,1,1,0
370.0,3.8,0,1,1,2,0,0,0,2
506.0,2.1,1,1,0,0,1,1,0,0
298.0,8.2,1,0,0,2,0,0,1,2
423.0,12.2,0,1,1,2,1,1,1,0
767.0,18.2,1,0,1,0,0,0,0,3
311.0,19.7,0,0,1,2,0,1,0,0
282.0,3.8,1,0,0,1,1,0,1,2
218.0,7.2,1,0,1,2,0,1,0,0
639.0,2.6,1,1,1,1,0,1,0,1
572.0,8.2,1,0,0,0,1,1,1,0
321.0,13.8,1,1,1,1,1,0,0,2
442.0,9.5,0,0,1,0,1,1,0,0
315.0,16.6,0,0,0,2,1,1,1,0
619.0,3.2,0,1,0,1,1,1,1,1
283.0,13.5,0,0,0,2,0,1,1,0
653.0,20.0,1,0,1,2,0,1,1,1
404.0,5.4,1,1,0,0,1,0,0,2
485.0,19.4,1,1,1,1,0,1,0,0
684.0,15.8,1,0,0,2,1,1,1,1
519.0,7.8,1,0,0,2,1,1,0,0
432.0,9.6,0,1,0,0,0,0,1,2
430.0,3.9,0,1,1,1,0,1,1,0
514.0,14.3,1,0,1,1,1,0,1,2
299.0,12.1,1,0,1,0,0,0,0,2
367.0,5.3,0,0,0,0,1,1,1,0
534.0,11.5,0,1,0,1,0,0,1,2
322.0,19.2,1,0,1,1,0,1,0,0
568.0,19.4,0,1,0,1,0,1,1,0
354.0,16.3,0,1,1,1,0,1,1,0
582.0,4.6,0,0,1,0,0,1,1,0
274.0,8.5,1,0,0,0,1,0,0,2
501.0,13.0,0,0,1,2,1,0,0,2
650.0,5.2,1,0,0,1,0,1,1,1
389.0,17.7,1,1,1,2,0,1,0,0
658.0,14.4,1,0,1,0,0,0,1,3
398.0,6.9,0,1,0,1,1,1,0,0
664.0,17.8,0,1,1,1,0,1,1,1
720.0,14.4,1,0,0,2,1,1,1,1
229.0,16.8,0,1,0,2,1,0,1,2
359.0,13.5,0,1,0,1,1,1,1,0
780.0,19.3,0,0,0,1,1,1,0,1
256.0,17.5,0,1,1,2,1,1,0,0
278.0,19.0,1,1,1,2,1,1,0,0
209.0,18.7,1,1,1,0,0,1,1,0
360.0,13.1,0,1,1,0,1,1,1,0
554.0,17.3,1,0,1,2,1,0,1,2
353.0,8.6,1,1,0,1,0,0,0,2
781.0,3.8,0,0,0,0,0,1,0,1
476.0,10.8,0,1,0,1,1,1,1,0
567.0,4.3,1,1,0,0,1,0,0,2
337.0,5.7,0,1,1,1,0,0,1,2
578.0,12.6,1,1,1,0,0,1,0,0
363.0,6.6,0,0,1,2,1,1,0,0
764.0,2.3,0,0,1,0,1,0,0,3
693.0,7.3,0,1,1,0,0,0,1,3
207.0,12.1,1,0,0,2,0,0,0,2
447.0,10.8,1,0,0,2,1,0,0,2
449.0,7.7,1,1,1,0,0,1,1,0
527.0,14.9,1,1,0,0,0,1,1,0
682.0,6.6,0,1,1,0,0,0,1,3
722.0,14.9,1,0,1,0,1,0,0,3
547.0,5.7,1,1,1,0,1,0,1,2
618.0,3.3,1,1,0,0,1,1,1,1
371.0,8.5,0,0,1,2,1,1,1,0
252.0,17.5,0,0,0,0,0,1,0,0
204.0,15.3,0,1,1,1,0,0,1,2
214.0,14.7,0,0,0,1,0,0,0,2
637.0,3.4,0,0,0,2,1,1,1,1
325.0,5.2,1,1,1,1,0,1,1,0
625.0,13.8,0,0,0,1,1,0,1,3
255.0,14.3,0,1,0,0,0,1,1,0
687.0,9.4,1,1,1,1,1,0,0,3
575.0,18.5,1,1,1,0,0,1,0,0
427.0,19.5,1,0,1,0,1,1,1,0
694.0,4.8,1,1,0,0,1,0,1,3
617.0,6.0,1,1,0,0,1,0,0,3
701.0,19.6,1,1,1,2,0,1,1,1
626.0,16.5,1,1,1,1,0,1,1,1
230.0,6.2,0,0,0,2,0,0,0,2
541.0,18.2,0,1,0,2,0,0,1,2
526.0,13.5,0,1,1,0,0,0,0,2
693.0,11.9,1,0,0,2,0,0,0,3
307.0,15.4,1,1,0,2,0,1,0,0
335.0,6.0,0,0,0,2,1,1,0,0
257.0,9.3,0,0,0,0,1,1,1,0
471.0,9.7,1,1,1,2,1,1,1,0
203.0,9.2,0,1,0,1,1,0,1,2
572.0,3.7,1,0,0,2,1,0,1,2
291.0,9.5,0,0,0,2,0,1,1,0
291.0,4.7,1,0,0,0,1,0,0,2
259.0,13.3,0,0,0,1,1,0,0,2
474.0,18.3,0,0,0,0,0,0,1,2
329.0,15.4,0,0,0,0,0,0,0,2
221.0,10.0,1,1,1,0,1,1,1,0
333.0,10.5,1,0,1,2,0,0,1,2
635.0,12.9,1,1,0,0,0,1,0,1
203.0,19.1,0,1,1,2,0,0,0,2
351.0,19.2,0,1,0,2,1,1,1,0
336.0,14.7,1,0,0,0,0,1,1,0
355.0,9.9,1,1,0,1,0,0,0,2
332.0,6.0,1,0,1,0,1,1,0,0
412.0,5.1,0,1,0,0,1,1,1,0
661.0,2.1,0,1,0,2,0,1,1,1
583.0,8.6,1,0,0,0,1,1,0,0
397.0,3.1,1,0,1,0,0,1,0,0
630.0,14.5,0,1,0,1,0,0,0,3
400.0,4.7,0,1,0,0,0,0,0,2
484.0,16.6,0,1,0,0,0,1,0,0
560.0,7.4,0,1,0,1,1,0,0,2
534.0,17.5,0,0,1,2,0,1,1,0
426.0,2.3,0,1,1,1,0,1,1,0
358.0,3.9,0,0,0,1,1,0,1,2
593.0,16.1,1,1,0,1,0,1,1,0
438.0,13.5,1,1,1,1,1,1,0,0
548.0,4.5,1,1,0,0,0,0,1,2
448.0,18.2,0,1,0,0,1,1,1,0
675.0,14.1,1,0,1,1,0,0,1,3
764.0,11.0,0,1,1,1,0,0,0,3
766.0,15.1,0,1,0,2,1,0,0,3
222.0,13.3,1,1,0,0,1,0,0,2
484.0,2.0,1,1,1,2,0,1,0,0
418.0,18.1,1,1,1,1,1,1,1,0
254.0,17.0,0,0,1,0,1,1,1,0
703.0,12.4,0,1,1,0,0,0,0,3
601.0,11.5,1,1,0,2,1,0,0,3
542.0,16.5,0,0,1,1,1,0,1,2
752.0,4.6,0,0,0,1,1,1,1,1
586.0,19.0,1,0,0,2,0,1,0,0
752.0,18.8,1,0,1,0,0,0,0,3
602.0,9.8,0,1,1,0,0,1,0,0
247.0,12.7,1,0,1,2,0,1,0,0
211.0,13.9,0,1,0,1,0,1,1,0
725.0,16.2,1,0,1,0,1,1,1,1
521.0,16.9,1,0,0,2,0,0,1,2
399.0,14.7,0,0,0,0,0,1,1,0
560.0,16.7,1,1,1,1,1,0,1,2
462.0,7.0,0,0,1,0,0,1,0,0
377.0,10.8,1,1,0,0,0,0,0,2
410.0,18.0,0,1,0,2,1,0,0,2
574.0,14.4,0,1,0,0,1,1,0,0
583.0,15.7,0,1,0,2,1,0,1,2
760.0,10.2,0,1,1,0,1,0,0,3
678.0,11.4,1,0,0,2,1,1,1,1
648.0,4.5,0,1,0,2,0,0,1,3
676.0,13.8,0,1,1,1,0,1,1,1
210.0,12.7,0,1,0,2,0,0,1,2
788.0,19.6,1,1,1,1,1,0,1,3
774.0,11.0,0,0,0,2,0,1,1,1
339.0,10.6,0,0,1,1,1,1,0,0
705.0,11.4,1,1,0,1,1,1,1,1
428.0,17.7,1,0,1,0,0,0,0,2
630.0,12.2,0,0,0,1,0,1,0,1
359.0,10.4,1,0,0,2,0,1,0,0
765.0,7.1,0,1,0,2,1,1,1,1
738.0,20.0,0,0,1,2,0,1,0,1
690.0,14.5,0,0,1,1,0,0,1,3
235.0,4.1,1,0,0,0,0,1,0,0
241.0,4.3,0,0,0,0,0,0,1,2
517.0,12.0,0,1,0,2,0,1,1,0
728.0,13.8,0,1,1,2,0,0,1,3
332.0,7.9,0,0,1,1,1,0,0,2
278.0,2.2,1,1,0,0,0,0,1,2
475.0,13.3,1,0,0,0,0,0,0,2
760.0,4.5,1,0,1,0,0,0,1,3
767.0,11.7,0,0,1,0,1,0,1,3
759.0,18.4,0,0,0,0,0,0,0,3
506.0,10.8,0,0,0,2,0,0,1,2
763.0,4.9,1,1,0,2,1,1,0,1
789.0,11.6,0,0,1,1,1,0,1,3
746.0,3.8,1,1,1,0,0,1,1,1
462.0,16.4,0,0,0,1,1,0,0,2
350.0,11.5,1,1,0,0,0,1,1,0
651.0,8.9,0,1,0,0,1,1,1,1
358.0,11.9,0,1,0,0,0,1,0,0
412.0,5.5,1,0,1,2,1,0,0,2
522.0,7.4,1,0,1,2,1,1,0,0
717.0,8.2,1,0,1,1,1,1,1,1
488.0,13.3,1,1,0,2,0,0,0,2
247.0,12.7,0,1,0,1,0,0,1,2
548.0,4.2,0,0,0,0,1,0,0,2
247.0,18.0,0,1,0,1,0,0,0,2
342.0,6.5,1,1,0,2,1,0,0,2
267.0,17.6,1,1,1,0,1,1,1,0
548.0,8.2,1,1,0,0,0,1,1,0
348.0,11.3,1,0,0,1,1,1,1,0
569.0,10.5,0,1,1,1,0,0,0,2
597.0,14.0,0,1,1,0,1,1,0,0
485.0,6.7,1,0,1,1,1,1,1,0
201.0,13.8,1,0,0,0,1,0,1,2
218.0,9.8,0,1,1,0,0,1,1,0
489.0,15.3,1,0,0,2,1,1,0,0
326.0,12.0,0,0,0,0,0,0,0,2
489.0,16.1,0,1,1,0,0,1,1,0
546.0,17.9,1,0,0,0,1,1,1,0
480.0,9.5,0,1,0,0,0,1,0,0
523.0,5.5,1,1,1,1,0,0,1,2
780.0,3.3,0,0,1,0,1,0,1,3
579.0,8.3,0,1,0,1,1,1,0,0
318.0,12.4,0,1,0,1,0,0,1,2
297.0,14.7,1,0,1,2,0,0,0,2
771.0,13.6,1,1,1,0,1,0,0,3
788.0,5.3,0,1,0,1,1,0,1,3
475.0,10.8,1,0,1,1,0,0,1,2
717.0,15.9,0,1,0,2,0,1,1,1
582.0,16.2,0,1,1,1,1,0,0,2
226.0,12.8,1,0,0,0,1,0,0,2
664.0,4.4,1,0,1,1,0,1,1,1
422.0,10.0,1,0,0,0,0,0,0,2
546.0,2.0,0,1,0,2,1,0,1,2
734.0,14.3,0,0,1,2,0,0,0,3
516.0,8.8,0,0,0,0,1,0,0,2
551.0,5.5,1,0,1,2,0,1,1,0
685.0,6.1,0,0,0,0,1,1,1,1
684.0,2.1,0,1,0,2,0,1,1,1
577.0,17.1,0,0,1,0,1,0,1,2
223.0,2.1,1,0,1,0,0,0,0,2
725.0,8.4,1,1,0,2,0,0,0,3
575.0,13.4,0,1,0,1,0,1,1,0
527.0,16.7,0,0,1,1,0,0,1,2
709.0,19.2,1,1,0,0,1,0,1,3
426.0,7.1,1,0,0,2,1,1,1,0
259.0,2.0,1,1,0,1,1,0,1,2
354.0,15.3,1,0,0,0,1,0,0,2
748.0,11.1,0,0,0,0,0,0,0,3
674.0,9.5,0,0,1,1,0,1,1,1
494.0,14.7,0,0,1,1,1,1,0,0
693.0,19.9,1,0,1,0,1,1,0,1
723.0,6.1,1,0,1,0,0,0,0,3
680.0,13.3,1,1,0,2,1,0,0,3
798.0,12.7,1,0,1,2,1,1,0,2
775.0,13.1,0,1,0,1,0,0,1,3
537.0,11.5,1,1,0,0,0,1,1,0
601.0,19.5,0,0,1,0,0,1,0,0
794.0,6.6,0,0,0,0,0,1,1,2
745.0,17.7,1,1,1,0,1,0,0,3
489.0,13.9,0,0,1,2,1,1,0,0
334.0,18.3,1,0,0,1,1,1,1,0
300.0,16.3,0,0,0,0,0,1,0,0
284.0,13.9,0,0,1,0,0,1,0,0
212.0,2.8,1,0,1,1,1,0,1,2
651.0,12.9,1,1,1,0,0,1,1,1
520.0,6.0,1,0,1,2,1,0,1,2
472.0,8.1,1,1,0,0,0,0,1,2
201.0,9.2,0,0,1,2,0,0,1,2
484.0,17.7,0,1,0,1,1,1,0,0
209.0,18.9,0,1,1,1,1,1,0,0
614.0,15.9,0,0,1,0,1,0,1,3
792.0,4.7,0,1,1,1,1,1,0,2
734.0,9.1,0,0,0,1,0,1,1,1
316.0,2.1,1,1,0,0,0,1,1,0
584.0,17.4,1,1,1,1,1,1,0,0
360.0,4.5,1,0,0,0,1,1,1,0
525.0,13.7,0,1,1,0,0,1,1,0
475.0,11.6,0,0,0,2,1,0,0,2
355.0,6.6,0,0,1,1,1,1,1,0
524.0,12.4,0,1,0,2,0,1,0,0
607.0,7.5,0,0,0,1,1,1,0,0
612.0,7.7,0,0,0,2,0,0,0,3
309.0,4.4,1,1,0,1,0,0,0,2
212.0,11.9,1,0,1,1,1,0,1,2
678.0,18.1,0,0,0,2,0,0,0,3
596.0,8.2,1,1,0,0,1,0,0,3
472.0,12.4,0,1,1,2,0,0,0,2
580.0,8.8,1,1,1,0,1,0,0,2
731.0,7.1,0,0,0,2,1,0,1,3
419.0,10.9,0,1,0,1,1,0,0,2
468.0,6.6,1,0,1,0,0,0,0,2
513.0,14.4,1,0,1,0,0,0,1,2
612.0,18.4,0,0,0,2,0,0,1,3
495.0,9.5,0,1,0,1,1,0,1,2
628.0,14.2,1,1,1,2,0,0,1,3
364.0,6.4,1,0,1,2,1,1,0,0
273.0,11.3,0,1,0,2,1,1,0,0
238.0,12.7,1,0,0,2,0,0,1,2
250.0,17.1,1,1,0,0,0,0,0,2
213.0,14.4,0,0,0,1,0,1,1,0
789.0,7.3,1,0,0,1,1,1,0,2
655.0,16.0,0,0,0,2,0,1,0,1
523.0,17.3,1,0,1,2,1,1,1,0
357.0,11.9,1,1,1,1,1,1,1,0
638.0,12.2,0,1,1,2,1,1,1,1
798.0,14.2,1,0,0,2,0,1,0,2
417.0,10.4,0,1,0,1,0,1,1,0
429.0,12.4,1,1,1,0,0,1,0,0
711.0,14.5,1,1,1,2,0,0,1,3
432.0,6.9,0,1,0,1,1,0,0,2
727.0,3.5,1,1,1,1,1,1,0,1
302.0,7.6,1,1,0,2,1,0,1,2
748.0,9.2,1,0,0,0,1,0,1,3
282.0,18.1,1,0,1,1,0,1,0,0
641.0,18.3,0,0,1,2,0,1,1,1
391.0,13.1,1,1,0,2,1,0,1,2
686.0,3.7,1,0,0,0,1,1,1,1
301.0,4.5,0,1,1,2,1,1,0,0
581.0,2.0,1,1,1,0,0,1,1,0
504.0,10.0,1,0,1,0,1,1,1,0
373.0,14.1,1,1,0,2,0,1,1,0
492.0,18.9,0,0,0,2,1,1,0,0
776.0,6.0,1,0,1,2,0,1,0,1
655.0,4.5,0,1,1,2,1,0,1,3
235.0,6.8,0,1,0,1,1,1,0,0
787.0,11.8,0,1,1,0,0,0,1,3
632.0,2.7,0,0,1,2,1,0,0,3
352.0,16.9,0,1,0,1,1,1,0,0
776.0,13.1,1,0,1,0,1,1,1,1
497.0,15.8,1,0,1,1,0,0,0,2
526.0,19.2,1,0,0,1,0,0,0,2
349.0,15.1,1,0,1,1,0,1,1,0
798.0,16.6,1,0,1,0,1,1,1,2
383.0,13.8,1,1,1,1,0,0,1,2
585.0,7.0,0,0,0,1,0,1,0,0
550.0,5.8,1,1,0,2,1,1,0,0
628.0,19.6,1,1,0,0,0,0,1,3
244.0,9.4,0,0,1,1,1,0,0,2
498.0,11.1,1,1,1,2,1,0,0,2
338.0,5.7,1,0,0,0,1,0,1,2
273.0,4.1,0,1,1,1,0,0,0,2
515.0,10.1,1,1,0,0,1,1,1,0
472.0,13.4,0,0,0,2,0,1,1,0
473.0,17.7,1,0,0,2,0,0,0,2
428.0,7.9,0,1,1,2,0,1,0,0
387.0,9.2,1,1,1,1,1,1,1,0
217.0,17.7,0,0,1,2,1,0,1,2
556.0,14.8,0,0,0,1,1,0,1,2
746.0,7.1,0,1,1,2,1,1,1,1
494.0,18.5,0,0,1,0,1,0,0,2
376.0,2.9,1,1,1,1,1,0,0,2
385.0,13.6,0,1,1,1,1,0,1,2
357.0,19.5,1,0,0,2,1,0,0,2
463.0,3.1,1,1,1,0,0,1,1,0
232.0,11.9,0,0,0,0,1,1,1,0
342.0,8.6,1,1,1,0,1,1,1,0
766.0,9.4,0,0,1,2,0,1,0,1
473.0,6.3,0,0,0,1,1,1,0,0
228.0,18.3,0,0,1,2,0,0,1,2
207.0,4.9,0,0,1,2,1,0,1,2
788.0,3.5,1,1,1,0,0,0,1,3
669.0,3.8,0,1,1,2,0,1,0,1
359.0,2.7,0,1,0,2,0,0,1,2
398.0,12.2,0,1,1,2,0,0,0,2
653.0,6.6,0,0,1,1,0,0,1,3
585.0,18.2,0,0,1,0,1,1,0,0
596.0,16.0,0,1,0,1,0,0,1,3
424.0,13.0,0,0,1,2,1,1,1,0
703.0,6.9,0,1,0,0,1,1,0,1
625.0,19.3,0,0,1,2,1,1,1,1
636.0,5.0,1,0,0,1,0,0,0,3
318.0,18.8,1,0,0,1,1,1,0,0
382.0,7.9,0,1,1,1,0,0,1,2
417.0,14.7,0,1,0,0,0,1,1,0
383.0,14.7,0,0,1,2,1,0,1,2
321.0,11.6,0,1,1,2,1,1,0,0
604.0,8.0,0,0,0,1,0,1,1,0
590.0,6.6,1,0,0,2,1,0,1,3
530.0,9.8,1,1,1,1,1,1,0,0
568.0,18.4,1,1,1,0,1,0,1,2
784.0,7.7,1,0,0,1,1,0,1,3
241.0,13.0,1,1,1,2,1,1,0,0
604.0,3.5,1,1,0,0,0,0,1,3
686.0,5.1,0,0,1,1,1,1,0,1
462.0,2.3,1,1,0,1,0,1,1,0
386.0,18.4,1,1,0,1,0,1,1,0
529.0,13.1,1,0,0,2,1,0,1,2
657.0,15.4,1,1,1,1,1,1,1,1
719.0,15.0,1,0,0,0,1,1,0,1
597.0,2.4,1,0,0,1,1,1,1,0
586.0,10.5,0,0,1,2,0,1,0,0
737.0,18.1,0,1,1,2,1,0,1,3
520.0,15.2,0,0,0,1,0,1,0,0
417.0,14.7,0,0,0,1,0,1,0,0
313.0,13.2,1,0,0,0,0,1,0,0
280.0,7.3,0,1,0,0,1,0,0,2
423.0,8.5,1,1,0,2,1,0,1,2
217.0,2.0,0,1,0,1,0,1,0,0
583.0,14.2,1,0,1,1,0,0,0,2
725.0,6.7,1,1,1,2,0,1,1,1
585.0,8.5,1,0,0,2,1,0,0,3
789.0,3.5,0,1,1,2,1,1,0,2
755.0,17.8,1,1,1,1,0,1,1,1
556.0,5.1,1,1,1,2,0,1,1,0
278.0,10.0,0,0,0,1,0,0,1,2
318.0,8.5,0,1,1,0,0,1,0,0
413.0,5.7,1,1,1,2,0,0,0,2
302.0,17.3,0,1,1,2,0,1,0,0
449.0,6.6,0,1,0,0,1,1,0,0
797.0,7.7,1,0,0,0,0,0,0,3
798.0,16.9,1,0,0,2,1,1,0,2
651.0,9.5,0,1,1,2,1,1,1,1
568.0,12.2,0,1,1,2,0,0,0,2
711.0,15.9,1,0,0,1,0,0,0,3
777.0,8.4,1,1,0,1,0,0,1,3
709.0,10.2,1,1,1,0,1,1,0,1
591.0,7.9,0,0,0,1,1,0,1,3
492.0,3.6,0,1,1,0,0,0,0,2
425.0,14.3,0,1,0,0,0,0,0,2
463.0,8.7,0,0,0,0,0,0,1,2
296.0,3.0,0,0,1,2,0,0,0,2
358.0,19.2,0,0,1,0,0,1,0,0
659.0,10.1,1,0,0,1,0,0,1,3
584.0,2.3,1,1,1,2,0,1,1,0
389.0,8.5,1,1,1,1,0,0,0,2
508.0,15.3,1,0,0,0,0,1,0,0
424.0,6.8,1,1,1,1,1,0,1,2
343.0,2.6,1,1,0,0,1,0,0,2
264.0,19.8,0,1,1,2,0,0,1,2
519.0,13.2,0,0,1,0,0,0,1,2
577.0,10.9,0,1,0,0,0,1,1,0
201.0,16.1,0,0,0,1,0,0,1,2
223.0,7.4,1,1,0,1,0,1,1,0
312.0,13.5,1,0,0,2,1,0,1,2
650.0,2.6,0,0,1,2,0,1,1,1
640.0,7.2,0,0,1,0,1,1,1,1
451.0,2.8,0,1,1,2,1,1,0,0
799.0,5.9,1,0,1,0,1,1,1,2
503.0,17.1,0,1,0,2,0,0,1,2
594.0,8.7,0,0,0,2,1,1,1,0
521.0,3.5,0,0,0,1,0,1,1,0
759.0,19.6,0,0,1,0,1,1,1,1
277.0,10.0,1,0,1,1,0,1,1,0
233.0,5.3,1,0,0,2,1,1,1,0
530.0,8.4,1,0,0,0,1,0,0,2
593.0,2.7,0,0,1,0,1,1,0,0
703.0,9.5,0,1,1,1,0,0,0,3
494.0,8.5,0,0,1,2,0,1,1,0
301.0,18.5,0,1,1,2,0,1,0,0
417.0,13.6,0,0,0,0,1,0,0,2
669.0,13.3,1,1,1,1,1,1,1,1
372.0,19.1,0,1,1,1,1,1,1,0
715.0,4.6,1,0,1,2,1,0,1,3
272.0,11.5,0,1,0,1,1,1,1,0
455.0,13.6,1,1,1,0,0,1,1,0
627.0,10.5,1,1,0,0,1,0,0,3
414.0,5.5,0,0,0,1,0,1,0,0
598.0,6.8,1,1,0,1,0,0,0,3
790.0,2.3,0,1,0,2,1,0,0,3
226.0,6.6,0,0,0,1,1,0,0,2
220.0,12.1,1,0,0,2,1,0,0,2
561.0,17.1,1,1,0,2,1,0,0,2
771.0,14.5,0,0,0,0,1,1,0,1
494.0,19.0,1,1,0,2,0,1,1,0
479.0,19.9,0,0,0,0,0,0,1,2
336.0,6.9,0,0,1,2,0,0,0,2
419.0,13.7,1,0,0,1,1,0,1,2
203.0,15.3,0,1,0,1,0,1,1,0
515.0,2.9,1,0,0,2,1,1,1,0
689.0,11.2,0,1,0,0,0,1,1,1
668.0,15.9,1,0,0,0,1,1,1,1
464.0,10.4,1,0,1,0,1,0,1,2
462.0,9.5,0,0,1,1,0,0,1,2
607.0,11.9,1,0,1,2,1,1,1,0
761.0,3.9,1,1,1,0,1,0,1,3
645.0,3.3,0,0,0,2,1,1,1,1
499.0,2.2,1,0,0,2,0,0,1,2
746.0,9.4,0,1,1,2,0,0,0,3
793.0,10.3,0,1,1,0,0,0,0,3
630.0,19.0,0,0,1,0,0,1,0,1
742.0,18.4,1,0,1,0,1,0,0,3
764.0,8.9,0,1,0,0,1,0,1,3
542.0,19.5,1,0,1,1,1,0,0,2
376.0,4.8,1,0,0,1,1,0,1,2
640.0,6.3,1,1,0,0,1,1,1,1
299.0,11.3,1,0,0,2,0,1,0,0
400.0,8.7,0,1,1,2,1,1,1,0
439.0,11.5,1,1,0,0,1,1,0,0
709.0,2.1,0,0,0,1,0,0,1,3
460.0,14.2,1,1,0,2,0,1,0,0
574.0,6.9,1,0,1,1,1,1,0,0
719.0,7.5,1,1,0,2,1,0,0,3
282.0,18.4,1,0,0,0,1,0,1,2
606.0,18.0,1,0,1,0,1,1,1,0
605.0,9.3,1,0,1,1,1,1,0,0
530.0,8.8,1,0,0,2,0,1,1,0
744.0,16.2,1,0,1,0,0,1,0,1
518.0,15.1,1,0,1,1,0,0,1,2
295.0,4.5,1,1,1,0,0,1,1,0
603.0,9.2,0,1,0,0,0,0,1,3
450.0,11.0,1,0,0,1,0,1,1,0
795.0,10.5,0,1,1,0,1,1,1,2
688.0,3.8,0,0,0,1,1,0,1,3
282.0,13.4,0,0,1,0,0,0,0,2
424.0,13.5,0,0,0,2,0,1,0,0
294.0,16.1,0,1,1,0,0,0,1,2
743.0,12.9,1,1,0,1,0,0,0,3
218.0,2.8,0,1,1,1,1,1,1,0
442.0,6.4,1,1,0,2,1,0,0,2
324.0,11.6,0,1,0,2,0,0,1,2
472.0,9.5,0,0,0,1,0,0,0,2
675.0,13.0,0,0,0,2,1,1,0,1
214.0,3.3,0,1,0,1,0,0,0,2
358.0,7.5,0,0,1,0,1,0,0,2
702.0,5.9,0,0,0,0,1,0,0,3
376.0,12.5,0,0,1,0,0,0,0,2
386.0,4.2,0,0,0,1,0,0,1,2
370.0,8.1,1,1,0,0,1,0,1,2
610.0,17.3,0,0,1,2,1,0,1,3
731.0,14.7,1,1,0,0,0,1,1,1
425.0,10.0,1,0,1,2,1,0,0,2
783.0,11.0,0,0,1,2,0,0,1,3
292.0,2.3,1,1,0,0,1,1,0,0
723.0,16.7,1,0,1,1,0,0,0,3
413.0,7.7,1,1,0,0,0,1,1,0
302.0,6.5,0,0,1,2,0,1,1,0
607.0,7.8,0,1,1,2,1,1,0,0
351.0,5.6,0,1,1,1,1,1,0,0
284.0,16.7,1,0,1,1,1,0,0,2
494.0,3.0,0,0,0,2,0,1,0,0
306.0,10.5,0,1,1,2,0,0,0,2
513.0,13.8,1,1,0,1,1,0,1,2
761.0,2.9,1,0,0,2,0,0,0,3
202.0,11.5,0,1,1,2,1,0,1,2
420.0,9.3,0,0,1,0,0,1,0,0
570.0,15.1,0,0,1,2,1,0,1,2
493.0,17.9,0,1,0,0,1,1,0,0
554.0,2.6,0,0,1,2,0,1,1,0
214.0,6.8,0,1,0,2,1,1,0,0
520.0,13.7,0,1,0,1,0,1,1,0
596.0,19.2,0,1,0,2,1,1,0,0
559.0,19.1,0,0,0,0,0,0,0,2
226.0,19.9,0,1,1,1,1,1,1,0
263.0,17.3,0,0,1,0,0,0,0,2
613.0,4.1,0,0,0,2,0,0,1,3
287.0,16.6,0,1,0,2,1,0,1,2
386.0,5.0,1,0,1,1,1,0,0,2
467.0,11.2,0,0,0,0,1,1,1,0
464.0,12.3,1,0,1,0,0,1,0,0
233.0,13.3,1,0,1,0,0,1,0,0
471.0,4.2,0,0,1,0,0,1,0,0
453.0,15.7,0,1,1,0,1,1,0,0
369.0,3.3,0,1,1,2,0,0,0,2
510.0,19.2,0,0,1,1,1,1,1,0
638.0,11.3,0,0,0,2,1,1,1,1
795.0,7.9,1,0,0,0,0,0,0,3
781.0,5.6,1,0,1,0,1,0,0,3
613.0,18.6,0,0,0,1,0,0,0,3
341.0,14.9,1,1,1,0,0,0,1,2
698.0,12.0,0,1,1,2,0,1,0,1
400.0,15.0,1,1,1,0,1,0,0,2
315.0,17.6,0,0,0,1,1,1,1,0
395.0,10.5,0,1,0,0,0,1,0,0
234.0,19.3,0,1,0,2,0,1,1,0
437.0,6.1,1,0,1,0,1,1,0,0
681.0,16.1,1,0,1,2,1,1,1,1
205.0,13.4,0,0,0,2,0,1,0,0
200.0,20.0,0,1,0,0,1,1,0,0
306.0,17.4,0,1,1,0,1,0,0,2
318.0,19.8,1,0,0,1,0,0,0,2
586.0,14.5,1,1,0,0,0,0,1,3
296.0,12.4,1,0,1,2,1,1,1,0
439.0,10.0,1,0,0,2,1,0,0,2
583.0,9.7,1,0,1,2,1,1,1,0
346.0,14.9,1,1,0,0,0,0,0,2
302.0,4.7,0,0,1,2,1,0,0,2
732.0,6.9,1,1,1,0,0,1,0,1
332.0,9.8,1,0,1,0,0,0,1,2
736.0,17.2,0,1,1,1,1,1,1,1
768.0,2.3,0,1,1,1,0,1,1,1
757.0,5.1,1,0,0,0,0,0,0,3
489.0,17.4,1,1,1,2,0,1,1,0
633.0,11.2,0,0,1,1,0,1,1,1
348.0,9.3,0,0,1,2,1,0,1,2
239.0,2.7,1,1,1,1,0,1,1,0
512.0,12.5,0,0,1,1,1,0,1,2
261.0,14.1,0,0,0,1,0,0,0,2
667.0,4.3,0,0,0,2,0,0,1,3
504.0,13.9,0,0,0,0,1,1,1,0
238.0,19.2,0,0,1,0,0,0,0,2
632.0,11.9,0,0,1,2,1,1,0,1
492.0,6.0,0,0,0,0,0,0,1,2
478.0,15.9,1,1,0,1,0,1,0,0
538.0,4.7,0,1,1,1,0,1,1,0
673.0,5.6,1,1,1,2,0,0,0,3
284.0,15.4,1,1,0,2,0,1,1,0
268.0,17.6,0,0,0,2,0,1,1,0
303.0,7.6,0,0,1,1,0,0,0,2
383.0,12.0,0,0,0,0,0,1,0,0
650.0,12.1,1,1,0,0,1,1,1,1
556.0,15.3,0,1,0,2,0,1,1,0
237.0,5.0,1,1,1,1,1,0,0,2
692.0,3.4,1,1,1,0,0,1,1,1
227.0,15.2,0,1,1,0,1,1,0,0
324.0,19.1,1,0,0,0,1,1,1,0
733.0,19.2,1,0,1,1,1,1,1,1
410.0,16.8,0,0,0,0,0,1,1,0
404.0,18.6,1,1,1,0,0,0,0,2
313.0,6.3,1,1,1,2,0,0,0,2
307.0,2.5,1,1,1,1,1,1,0,0
218.0,5.3,0,0,1,1,0,1,0,0
709.0,12.9,1,0,1,1,0,1,1,1
638.0,11.5,0,1,1,0,1,1,0,1
426.0,19.4,0,1,0,2,0,1,1,0
653.0,3.9,1,0,0,2,1,1,0,1
370.0,5.9,1,0,0,1,1,0,1,2
405.0,2.3,1,0,1,2,0,0,1,2
730.0,6.4,1,1,0,0,0,0,0,3
335.0,9.2,0,1,0,2,1,1,0,0
713.0,8.7,0,1,1,1,0,0,1,3
348.0,2.9,1,1,0,2,1,1,0,0
747.0,12.4,1,0,1,1,0,0,0,3
337.0,7.0,0,1,1,0,1,1,1,0
375.0,3.0,0,1,0,1,1,0,1,2
531.0,9.2,0,1,0,1,0,1,1,0
320.0,18.7,1,1,1,2,0,1,1,0
215.0,18.5,1,1,0,0,1,0,0,2
381.0,5.7,1,0,0,0,0,0,0,2
459.0,5.3,0,0,0,1,1,0,0,2
207.0,13.8,0,1,0,1,1,1,1,0
671.0,18.0,1,0,0,2,0,1,1,1
367.0,11.7,1,1,1,1,1,0,0,2
305.0,12.6,0,1,1,2,1,1,0,0
576.0,12.9,0,1,1,2,1,0,1,2
727.0,13.8,1,1,1,1,0,1,1,1
471.0,18.3,0,0,0,2,0,1,1,0
456.0,13.7,1,0,0,2,1,0,1,2
498.0,4.2,1,1,1,1,1,1,0,0
295.0,18.6,0,1,0,2,0,0,1,2
386.0,9.4,1,0,0,1,1,0,1,2
473.0,2.1,0,0,0,1,0,1,1,0
797.0,12.8,0,1,0,0,1,1,0,2
434.0,17.8,0,1,1,1,1,1,1,0
230.0,13.5,1,1,0,1,1,1,1,0
354.0,2.4,0,0,1,2,1,1,0,0
758.0,11.5,1,0,0,0,0,1,0,1
704.0,15.8,0,0,0,1,1,0,1,3
573.0,9.8,1,1,1,0,0,0,1,2
521.0,6.1,1,0,0,1,1,0,1,2
584.0,19.1,0,1,0,1,1,1,1,0
777.0,3.0,0,1,1,2,1,0,0,3
464.0,2.8,0,1,0,0,0,1,0,0
680.0,13.5,1,0,0,2,1,0,0,3
726.0,7.7,1,0,1,2,1,0,0,3
326.0,18.5,1,1,1,2,0,0,0,2
432.0,16.6,0,0,0,0,1,0,1,2
632.0,10.7,1,0,1,1,0,1,1,1
341.0,10.5,0,1,1,1,0,1,0,0
391.0,16.6,1,0,1,1,1,0,0,2
411.0,15.7,0,1,0,2,1,1,1,0
784.0,13.4,1,1,1,0,0,1,1,1
617.0,14.3,0,0,0,0,1,1,1,1
513.0,18.2,1,0,0,0,1,1,0,0
468.0,3.6,1,1,0,0,1,0,1,2
610.0,5.7,0,1,0,0,0,1,0,1
736.0,7.7,0,0,1,2,1,1,0,1
338.0,8.6,1,1,1,0,0,0,1,2
645.0,4.3,1,1,1,0,0,1,1,1
347.0,13.7,0,1,1,2,0,0,1,2
666.0,9.5,0,1,1,2,1,0,1,3
643.0,6.4,0,1,0,1,0,0,0,3
615.0,17.4,0,1,0,1,0,0,1,3
360.0,11.6,1,1,0,0,0,0,1,2
795.0,7.7,0,0,1,2,1,0,0,3
400.0,16.9,0,1,1,0,1,1,0,0
728.0,10.5,1,0,1,0,0,0,1,3
308.0,9.5,0,0,1,1,0,1,0,0
426.0,15.0,0,1,0,0,1,0,1,2
214.0,18.8,1,1,1,1,0,1,0,0
260.0,14.9,0,0,0,1,1,0,1,2
468.0,18.5,0,0,0,2,1,1,0,0
