temperatura_mel,desvio_peso,pressao_vedacao,limpeza_equipamento,calibracao_ok,teste_vedacao,experiencia_operador,turno_trabalho,temperatura_ambiente,umidade_relativa,manutencao_recente,qualidade_rotulo,risco
38.99,-0.35,23.83,2,1,1,4.0,2,22.3,49.2,2.0,4.7,1
26.55,3.8,22.86,3,1,1,1.0,2,20.8,48.7,7.2,5.0,1
37.49,-2.06,22.0,2,0,1,0.6,2,25.8,54.9,0.3,4.5,1
40.29,-4.88,18.36,5,1,1,1.1,3,23.6,62.4,0.9,4.8,0
31.09,-0.86,26.72,2,1,1,5.3,1,17.7,60.8,13.1,5.0,1
36.17,-2.49,17.46,2,1,0,0.4,1,26.3,63.1,21.8,5.0,2
40.89,1.99,41.86,3,1,0,2.5,1,20.2,40.8,7.1,5.0,2
34.86,-3.74,23.94,2,1,1,4.2,3,21.7,64.2,16.3,4.9,1
42.49,0.21,23.72,3,1,1,6.8,3,21.9,28.4,2.5,4.9,1
36.35,1.01,26.29,5,1,1,2.2,1,22.8,35.8,3.4,5.0,0
36.74,1.38,32.17,4,1,1,0.1,2,26.2,76.6,0.8,4.2,0
38.42,-0.09,22.79,4,1,1,1.5,2,24.1,50.8,2.5,5.0,0
34.86,4.39,27.14,4,1,1,0.3,2,15.6,46.6,7.8,5.0,0
34.5,-0.63,25.31,5,1,1,12.1,1,24.5,64.6,18.8,4.5,0
40.68,-0.27,28.27,4,1,1,5.7,1,26.3,45.1,6.6,3.9,0
31.68,-0.1,20.2,4,1,1,1.4,2,26.3,41.8,8.9,4.4,0
36.44,3.49,29.25,3,1,1,1.3,2,24.2,69.8,0.4,3.2,0
39.43,-0.87,28.03,4,1,1,4.1,3,17.2,52.8,2.1,4.4,0
31.63,-1.95,19.26,3,1,1,5.6,1,27.2,63.8,1.5,4.0,0
34.33,-6.77,19.08,2,1,1,0.9,1,24.5,39.4,11.1,5.0,1
37.6,0.56,26.77,3,0,1,0.9,3,17.4,67.1,2.2,3.2,1
31.77,-4.98,33.91,2,1,1,4.1,2,21.0,51.8,2.0,4.9,2
38.08,5.61,19.08,2,1,1,3.2,1,23.7,52.2,38.9,4.7,2
34.8,4.39,23.38,1,1,1,1.9,2,24.6,74.3,9.6,3.3,2
38.38,2.32,19.83,4,1,1,4.8,3,23.6,66.4,10.5,4.0,0
35.33,-0.28,19.22,4,1,1,2.9,1,27.7,54.7,11.8,3.7,0
36.64,-0.61,33.39,4,1,1,10.3,2,17.4,51.3,8.7,4.7,0
30.86,0.91,21.87,4,1,1,3.4,2,19.0,39.6,1.1,4.6,0
38.57,-0.31,20.73,2,1,1,3.4,2,23.0,51.6,26.7,5.0,1
38.3,4.19,29.44,5,1,1,3.7,3,24.5,40.6,5.1,4.1,0
30.67,0.2,23.41,5,1,1,2.6,2,24.4,68.3,6.6,3.5,0
33.83,-4.69,32.22,4,1,1,1.7,3,17.3,60.5,11.4,5.0,1
33.61,-0.11,15.52,1,1,0,2.3,3,24.8,63.4,0.8,4.2,2
33.41,3.81,20.62,3,1,1,4.0,1,22.3,42.9,2.6,5.0,0
31.7,-3.08,21.77,4,0,1,1.8,1,18.2,53.8,8.7,5.0,1
32.07,0.76,26.7,3,1,1,1.6,2,23.0,66.5,8.4,4.2,2
36.57,-0.07,32.58,5,1,1,6.0,3,23.9,51.9,1.4,3.4,0
39.85,-2.81,26.66,4,1,1,2.9,3,20.8,66.8,8.0,3.0,0
39.58,3.42,30.29,3,1,1,3.7,2,17.7,52.3,7.2,5.0,0
43.51,-1.66,16.48,3,1,0,5.9,3,22.8,34.3,10.0,4.6,2
32.59,1.95,35.28,2,1,0,1.3,1,22.0,49.7,1.9,4.6,2
36.57,-4.14,34.82,1,1,1,0.7,2,23.1,63.5,13.8,4.7,1
34.81,-4.91,21.87,4,1,1,2.0,1,16.4,63.5,22.6,4.5,0
33.11,0.32,20.95,3,1,1,1.8,1,20.3,44.4,4.0,4.7,0
37.87,2.28,20.63,4,1,1,3.4,2,23.0,50.6,1.4,5.0,0
42.58,-3.27,25.14,3,1,1,2.5,1,23.4,50.4,1.8,4.7,1
33.69,-1.36,12.49,5,0,0,6.8,1,25.1,58.9,20.1,5.0,2
34.1,-1.33,35.22,3,1,0,3.3,3,27.9,49.4,5.5,3.5,1
30.9,1.99,38.92,2,1,0,2.6,1,18.2,65.1,2.9,3.2,2
34.11,9.74,25.85,2,1,0,1.6,2,23.3,66.7,1.5,3.4,2
35.73,-0.38,13.96,5,1,0,5.1,1,24.1,52.5,4.7,5.0,1
41.21,-2.11,23.8,4,1,1,2.1,3,25.5,46.2,28.1,4.6,1
38.35,-1.04,25.91,2,1,1,2.9,1,23.7,70.1,20.9,4.2,1
35.92,-2.45,28.78,4,0,1,4.8,2,20.2,59.1,2.9,5.0,0
29.89,5.98,26.4,4,1,1,1.9,2,19.6,56.1,11.9,5.0,1
33.84,1.18,32.97,5,1,1,2.6,3,21.5,45.1,41.9,4.2,1
47.15,2.1,30.35,1,0,1,1.5,1,21.3,63.2,4.3,5.0,2
35.66,6.68,23.77,3,1,1,0.8,2,22.2,52.7,8.7,5.0,0
35.92,-4.43,37.87,2,1,0,0.3,1,23.2,53.9,2.1,5.0,1
38.21,4.67,37.15,3,1,0,1.0,2,28.8,51.4,4.1,4.9,2
39.06,-0.74,23.72,4,1,1,2.2,1,26.1,55.3,9.0,3.8,0
37.57,2.45,25.07,4,1,1,3.8,3,23.2,38.1,0.9,4.0,0
38.32,2.18,17.51,4,1,0,3.7,1,26.4,66.9,4.5,2.5,2
35.58,0.64,18.33,3,1,1,2.5,2,22.6,63.7,5.2,5.0,0
33.0,7.42,30.52,4,1,1,0.4,2,26.5,54.9,0.7,5.0,1
34.75,1.26,29.56,3,1,1,0.5,2,20.3,82.6,18.2,3.8,0
29.58,-1.19,25.74,2,1,1,9.6,2,22.3,57.3,9.4,5.0,2
39.08,-0.47,26.49,2,1,1,0.4,3,17.8,50.2,4.2,5.0,1
40.07,6.4,23.46,4,0,1,1.8,3,21.0,61.6,7.4,5.0,1
39.77,3.22,25.2,5,1,1,4.3,2,23.0,52.2,11.1,5.0,2
29.19,-1.12,24.04,3,1,1,0.4,3,22.5,68.6,10.3,1.7,2
41.08,-0.13,32.22,4,1,1,2.3,2,17.3,67.3,7.3,4.3,0
32.62,-5.93,22.81,5,0,1,13.9,1,19.4,81.0,3.2,3.6,2
38.15,-5.21,15.69,5,0,0,4.0,2,22.1,39.1,24.1,5.0,2
43.2,-3.99,29.92,5,1,1,0.7,2,22.4,43.8,47.3,5.0,1
37.67,1.23,21.81,3,1,1,2.8,1,21.4,48.6,0.6,5.0,0
42.68,-1.43,22.24,3,1,1,3.6,2,24.9,70.5,1.0,4.1,1
39.17,2.71,16.26,3,0,0,2.4,2,19.2,46.6,2.5,5.0,2
23.08,-2.18,31.62,4,1,1,2.7,1,19.6,57.4,10.7,5.0,1
38.62,0.86,30.04,4,1,1,5.4,1,27.6,51.3,13.6,4.3,0
37.11,5.11,25.96,4,1,1,0.0,1,23.1,61.5,15.1,5.0,0
38.0,1.89,28.04,2,1,1,9.9,2,23.6,53.1,12.3,4.8,1
29.76,2.41,26.84,1,0,0,2.9,1,21.4,70.7,11.5,3.8,2
32.08,-0.44,30.61,3,1,1,4.8,3,26.9,52.8,28.8,3.3,1
40.59,-0.83,25.37,3,1,1,0.8,3,22.3,60.1,2.1,4.3,1
39.28,1.12,25.98,4,1,1,4.3,2,25.1,48.2,2.2,5.0,0
37.51,-2.72,22.77,1,1,0,0.9,1,17.3,79.7,3.4,3.2,2
33.13,-0.19,24.98,4,1,1,0.8,2,19.5,52.8,4.0,5.0,0
36.01,-2.73,19.99,4,0,1,0.1,2,22.2,49.3,1.8,5.0,0
42.6,3.7,25.3,4,1,1,0.1,3,21.1,64.0,4.1,4.6,1
37.46,1.14,27.01,4,1,1,5.1,1,29.5,44.7,15.6,4.0,0
43.91,1.75,25.19,2,1,1,0.8,1,23.4,65.9,13.0,3.3,2
32.1,-3.66,26.12,3,0,1,13.2,2,26.1,65.8,23.1,3.4,1
42.91,3.45,27.47,2,0,0,4.0,3,23.8,58.2,6.8,4.5,2
40.09,-11.39,23.19,5,1,1,1.3,1,19.6,42.1,14.8,5.0,1
36.81,1.91,25.38,3,0,1,0.8,3,19.2,39.4,9.6,4.2,1
40.39,4.89,26.81,5,1,1,1.9,1,26.9,51.7,0.6,4.1,1
39.93,-0.32,29.58,3,1,1,1.1,2,24.0,75.9,1.5,4.4,0
33.25,1.61,26.38,3,1,1,3.4,3,21.0,60.5,18.2,3.8,0
46.61,-0.07,30.53,3,1,1,6.1,2,26.6,71.3,1.1,1.9,0
35.66,0.82,31.12,5,0,1,1.0,2,25.1,62.9,4.7,4.8,0
31.64,2.91,14.9,4,1,0,3.0,2,26.2,33.5,0.1,5.0,2
42.08,1.74,16.85,3,1,0,2.1,1,23.5,71.2,12.6,3.9,2
40.67,-0.64,19.07,2,1,1,0.2,1,27.6,58.9,7.4,3.7,1
46.82,3.92,26.58,4,1,1,0.3,2,22.8,49.6,3.5,5.0,1
33.71,-0.18,19.99,1,1,1,5.1,2,23.2,68.3,10.4,4.4,2
37.71,0.66,30.35,5,1,1,2.4,2,20.3,60.9,1.6,5.0,0
35.21,-0.7,18.44,3,1,1,6.1,1,23.4,60.6,3.0,4.4,0
39.67,-3.87,33.54,1,1,1,3.4,3,21.8,38.5,23.6,4.9,1
41.52,6.86,30.81,3,1,1,1.5,3,18.3,49.8,10.2,4.7,1
32.62,2.93,24.28,3,1,1,1.8,3,21.4,35.5,8.7,4.4,0
42.24,2.78,31.25,1,1,1,0.6,3,22.1,31.6,1.3,4.0,0
37.3,3.07,22.36,4,0,1,2.9,3,24.1,44.3,4.5,4.3,0
29.66,2.03,26.94,5,1,1,1.5,2,30.5,55.8,4.8,4.0,1
39.27,2.4,19.06,4,0,1,1.1,1,21.9,55.5,17.3,5.0,0
46.86,-0.75,12.37,2,1,0,4.3,1,23.2,55.6,33.8,5.0,2
37.26,-7.9,18.95,4,0,1,1.7,2,24.8,52.9,0.6,5.0,1
37.59,-0.4,21.93,4,1,1,12.3,1,22.1,56.6,16.8,5.0,0
40.8,-3.71,18.17,3,1,1,2.2,2,22.3,60.4,14.7,5.0,1
36.07,-2.62,20.03,4,1,1,4.7,1,24.7,59.2,2.2,5.0,0
36.51,-1.74,16.29,2,1,0,0.9,3,23.0,62.3,16.6,3.8,2
38.98,-0.47,27.33,4,0,1,0.4,1,23.5,58.3,2.9,4.9,0
36.93,5.25,26.83,3,1,1,1.5,3,22.2,49.0,0.4,4.3,0
36.51,0.38,21.15,5,1,1,0.1,3,16.2,44.2,8.0,3.4,0
33.81,-0.36,21.58,5,1,1,2.2,2,25.1,52.9,32.1,4.9,1
35.77,2.75,24.82,5,1,1,0.4,2,20.0,44.3,0.4,5.0,0
33.68,0.81,19.43,3,1,1,1.4,3,21.9,54.5,0.1,5.0,0
39.98,-1.44,18.79,5,1,1,0.9,2,24.8,42.1,0.6,5.0,0
33.69,2.27,26.61,2,1,1,2.3,2,21.0,50.8,5.3,4.5,1
39.64,5.74,25.81,5,1,1,0.3,2,20.4,57.1,16.7,4.4,0
35.58,2.44,18.53,4,1,1,0.6,3,26.2,70.4,4.7,2.8,1
40.31,1.99,24.47,4,1,1,3.4,1,26.7,70.6,15.2,3.2,1
35.34,-4.72,33.96,2,1,0,1.5,2,23.2,54.8,9.1,4.7,2
33.03,0.96,25.41,3,1,1,3.6,1,26.9,46.2,4.6,5.0,0
40.09,3.53,24.68,2,1,1,1.1,3,29.8,63.5,30.0,4.5,2
39.05,-2.14,27.14,4,1,1,2.6,1,23.6,50.9,4.7,5.0,0
26.14,-0.96,22.57,5,1,1,8.3,3,23.4,52.3,25.6,4.0,1
33.09,-3.57,20.8,4,1,1,0.9,2,20.2,49.7,0.6,5.0,0
37.41,-4.52,26.24,4,1,1,1.6,3,23.3,53.9,3.0,4.1,0
40.18,-5.02,27.33,4,1,1,0.7,1,22.9,47.7,19.0,4.6,1
32.94,0.07,25.88,4,1,1,5.9,1,21.9,44.3,1.8,3.5,0
38.75,3.62,28.1,2,1,1,1.9,3,29.2,48.5,15.4,4.3,1
41.65,-1.92,23.2,3,1,1,2.2,3,24.5,54.4,24.0,4.1,0
38.2,-0.9,25.57,3,1,1,5.2,3,18.7,73.7,16.0,3.7,0
38.94,-2.12,23.33,2,1,1,4.7,2,21.8,53.0,9.6,4.4,1
37.77,0.6,26.33,4,1,1,2.1,2,22.9,43.1,0.1,4.9,0
44.17,0.56,20.97,5,0,1,6.6,3,24.8,73.1,3.8,3.3,2
36.64,-2.69,27.73,4,1,1,5.3,1,20.5,49.3,4.3,4.8,0
40.05,3.14,24.48,5,1,1,2.9,2,26.7,58.7,3.9,3.9,0
38.13,-1.04,29.36,4,1,1,0.8,2,19.0,45.0,0.3,4.7,0
39.06,0.22,28.17,3,1,1,6.1,3,26.3,61.7,1.2,4.9,0
28.31,2.12,22.32,4,0,1,11.3,3,22.7,62.1,3.5,4.0,1
40.55,-2.11,26.7,4,1,1,1.0,1,21.1,36.1,9.1,4.9,0
41.2,-3.46,27.14,4,1,1,0.1,3,25.7,62.3,0.4,4.1,1
37.28,4.65,20.36,2,1,1,0.2,2,23.7,61.5,5.6,5.0,1
42.9,-0.88,35.53,4,1,0,2.8,2,19.7,44.9,7.2,5.0,2
35.97,-6.01,32.4,4,1,1,3.2,2,24.8,53.9,4.5,4.9,0
36.12,-8.27,20.53,4,1,1,0.7,1,21.0,65.8,8.5,3.4,1
36.36,2.69,23.4,4,1,1,0.3,3,20.6,74.0,49.4,3.9,1
29.79,-1.9,17.09,4,1,0,7.1,3,25.7,50.2,3.0,4.8,2
34.17,1.37,20.56,3,1,1,1.5,3,22.1,60.1,11.0,4.3,0
36.61,0.05,29.77,4,1,1,3.0,1,23.9,43.6,0.1,5.0,0
36.49,-4.7,25.8,3,0,1,2.6,2,19.9,64.7,11.8,5.0,1
32.23,3.68,31.96,4,1,1,1.1,3,22.2,53.7,3.8,4.9,0
43.34,1.95,23.73,2,1,1,3.5,1,19.4,68.1,4.2,5.0,2
41.44,-2.96,34.46,2,1,1,2.8,1,21.6,60.5,4.8,5.0,1
36.41,2.95,24.8,2,1,1,1.5,1,19.5,50.3,5.9,3.9,1
33.55,0.24,38.16,2,1,0,2.8,3,17.6,65.6,12.3,3.5,2
39.54,-1.27,26.62,3,1,1,2.4,3,21.9,46.0,3.9,4.9,0
34.22,0.55,33.32,3,1,1,5.7,2,27.7,48.2,11.4,4.5,1
36.5,-1.41,26.28,3,1,1,11.9,1,26.1,61.4,4.9,4.0,0
41.22,0.27,27.61,4,1,1,11.8,3,24.9,53.0,19.2,4.5,0
36.46,2.51,34.79,4,1,1,2.1,2,22.3,50.9,4.4,4.6,0
33.42,-1.71,22.32,1,0,1,9.5,3,25.6,48.6,14.0,4.6,2
39.34,1.12,20.9,3,0,1,2.9,2,22.9,53.1,1.2,4.7,0
37.12,2.43,32.28,4,0,1,1.1,1,23.0,53.4,3.5,4.6,0
40.49,-0.76,23.61,3,1,1,7.9,1,24.9,55.8,9.3,5.0,0
33.58,0.4,35.94,4,1,0,6.6,1,19.1,43.9,12.5,5.0,2
37.95,3.42,21.31,3,0,1,2.2,1,25.7,58.4,0.6,4.5,0
34.5,0.06,20.71,2,1,1,1.0,1,26.4,50.2,15.6,4.5,1
36.09,1.89,24.67,3,0,1,10.0,2,28.9,60.2,11.0,3.6,0
37.35,0.79,28.08,1,0,1,1.1,3,26.6,26.7,6.1,4.2,1
41.94,-0.38,23.15,5,1,1,5.7,1,29.3,64.7,3.5,5.0,0
33.52,2.81,20.5,5,1,1,3.1,1,24.9,49.6,1.2,4.9,0
39.96,-2.05,23.86,3,1,1,0.0,2,20.0,79.1,0.1,4.2,0
45.07,0.87,25.6,5,1,1,1.1,1,27.6,52.6,3.1,4.9,1
37.41,6.2,25.82,4,1,1,1.3,1,23.2,56.7,15.2,5.0,0
30.6,-3.31,24.48,4,1,1,0.2,2,18.1,55.2,32.9,5.0,1
31.96,-2.47,31.41,4,0,1,0.7,1,24.7,60.0,4.9,5.0,1
33.76,-1.51,29.94,4,1,1,7.5,1,22.8,46.6,1.4,5.0,0
30.57,0.46,24.05,4,1,1,2.1,2,21.9,32.9,0.4,5.0,0
31.3,-1.07,22.85,5,1,1,0.2,1,24.8,39.0,5.7,5.0,0
37.76,-0.79,27.13,4,1,1,11.9,1,23.1,73.0,2.8,3.4,0
37.93,-3.01,28.09,3,1,1,4.4,2,22.4,48.0,18.8,4.5,0
36.38,-3.49,21.02,3,1,1,0.1,1,24.0,41.6,14.0,4.2,0
37.4,2.35,27.03,3,1,1,1.3,2,18.3,47.9,25.0,4.7,0
30.89,0.13,26.07,3,0,1,0.1,3,22.4,39.6,8.7,5.0,1
33.4,-1.6,24.05,4,1,1,6.7,2,25.8,40.5,8.9,5.0,0
40.55,-1.68,11.98,4,0,0,0.7,3,23.6,67.4,14.7,2.7,2
29.89,1.28,26.74,1,0,1,1.7,2,21.5,47.7,3.6,4.5,2
41.87,0.98,19.69,4,1,1,5.7,3,19.4,50.4,23.2,3.7,0
34.61,3.56,25.43,4,1,1,2.7,1,20.6,59.2,30.4,5.0,0
38.9,-0.37,32.28,4,0,1,3.0,1,23.9,54.5,1.7,5.0,0
35.33,3.77,23.16,4,0,1,0.1,1,21.6,58.1,11.1,4.8,0
29.48,1.97,28.97,1,1,1,2.0,1,22.3,59.9,18.5,5.0,2
37.22,7.31,13.34,3,1,0,3.7,2,27.0,59.2,16.5,4.1,2
40.87,-1.4,27.13,5,0,1,2.1,3,22.5,41.5,1.8,5.0,0
32.88,-3.38,21.85,2,1,1,2.9,1,27.6,73.1,4.0,3.6,2
42.55,2.87,32.6,2,1,0,3.0,1,21.5,58.4,0.7,5.0,2
36.08,-2.31,15.77,3,1,0,4.0,1,20.2,54.2,3.1,4.3,1
37.83,0.17,22.27,4,0,1,2.8,2,22.2,42.0,0.2,5.0,0
40.25,-2.87,19.39,4,1,1,3.7,3,20.2,60.5,2.3,4.6,0
33.54,6.78,23.36,5,1,1,0.0,1,18.1,51.1,11.2,5.0,1
33.54,-0.35,16.97,3,1,0,4.1,2,21.7,55.2,9.5,5.0,2
40.23,-3.89,26.8,1,1,0,0.3,1,24.7,45.8,0.6,4.6,2
39.73,3.72,27.5,5,0,1,3.4,2,24.4,59.8,13.6,4.4,0
33.95,0.15,30.36,3,1,1,1.4,1,30.1,58.0,15.5,4.8,0
40.32,-4.07,27.69,2,1,1,1.7,1,23.6,51.1,3.6,5.0,2
36.94,-1.72,22.53,4,0,1,7.9,1,27.3,52.2,0.7,4.5,0
37.54,0.41,19.96,3,0,1,3.5,2,19.6,33.6,4.4,5.0,0
34.33,1.21,19.27,4,1,1,7.4,3,18.9,65.6,7.0,2.4,0
37.7,0.41,19.48,4,1,1,4.1,1,24.1,44.6,1.3,5.0,0
37.45,6.98,23.59,3,0,1,0.5,1,24.3,56.1,9.4,4.2,1
36.42,-2.37,25.56,4,1,1,0.8,2,24.3,68.4,11.9,2.3,0
26.46,0.0,19.93,4,1,1,6.1,1,23.3,46.0,11.8,4.8,1
40.43,-0.94,23.5,4,1,1,0.7,1,22.8,81.2,9.9,2.9,0
41.98,0.16,14.57,4,1,0,5.2,2,22.4,58.3,21.4,4.9,2
36.26,-1.75,23.62,4,1,1,4.9,3,25.8,56.9,0.8,4.3,0
29.49,2.48,21.88,3,1,1,0.7,2,22.4,64.0,12.3,5.0,2
38.26,1.22,25.52,3,1,1,1.4,2,21.3,33.3,11.3,5.0,0
33.8,3.77,19.5,3,1,1,3.3,2,21.9,69.7,19.1,3.5,1
34.01,-4.25,18.72,4,1,1,3.7,3,24.1,59.0,13.7,4.8,0
36.34,-4.33,32.76,4,1,1,1.8,2,16.5,46.9,7.5,5.0,0
29.94,-0.73,24.22,5,1,1,3.2,3,26.9,62.4,1.6,4.6,1
40.74,-0.24,26.86,3,1,1,5.2,1,24.4,72.3,5.7,3.6,1
39.98,1.47,37.25,3,1,0,3.7,1,19.5,52.0,0.1,5.0,1
32.87,4.45,16.24,3,1,0,0.4,1,18.4,68.5,11.3,4.7,2
41.22,0.8,32.58,3,1,1,1.4,2,27.1,66.4,6.2,2.5,1
35.25,2.65,26.01,2,0,1,6.0,3,25.0,56.0,13.8,3.9,1
31.72,5.59,24.1,3,0,1,8.9,2,19.2,57.4,30.7,5.0,2
41.74,0.75,22.9,4,0,1,3.1,2,23.7,57.1,2.8,5.0,1
37.17,3.08,31.06,5,1,1,11.2,1,21.5,49.0,11.8,4.7,0
39.33,0.39,20.9,3,0,1,4.5,2,17.2,51.8,8.0,5.0,0
32.23,-1.21,31.16,5,0,1,1.9,1,15.4,50.9,10.0,4.8,1
31.34,-5.2,29.26,2,1,1,1.1,3,27.5,44.2,0.0,3.4,2
36.84,0.47,19.27,3,1,1,3.8,2,21.5,56.7,14.5,4.5,0
37.07,-1.41,34.21,4,1,1,1.9,1,24.8,52.0,12.0,5.0,0
40.7,0.04,33.65,4,1,1,6.6,3,23.2,58.9,26.9,4.3,1
37.93,-0.55,26.07,4,1,1,2.0,2,25.5,67.5,2.9,2.8,0
41.95,-2.19,25.68,4,1,1,2.6,2,18.0,61.7,9.2,5.0,0
31.72,-2.43,21.82,3,1,1,0.9,3,20.2,56.4,25.8,4.6,1
40.46,3.8,26.8,3,1,1,4.3,2,23.5,75.2,14.4,4.3,1
39.81,-4.51,26.53,3,1,1,1.9,3,20.3,61.5,2.4,5.0,0
37.52,0.35,29.41,2,1,0,0.6,2,27.7,43.4,8.1,4.4,2
36.21,2.53,20.83,3,1,1,1.1,2,22.6,45.0,3.5,4.4,2
39.78,-3.66,26.66,3,1,1,3.4,1,24.6,64.9,9.7,5.0,0
32.65,-5.12,20.9,4,1,1,0.2,3,19.2,50.3,26.4,4.2,2
38.3,-4.59,25.43,3,1,1,0.5,2,14.0,67.1,14.0,4.0,0
39.26,2.8,28.18,3,0,1,0.2,2,19.6,52.3,11.7,5.0,0
34.99,-1.97,26.15,3,1,1,1.3,2,28.1,62.8,5.7,3.9,0
40.65,0.42,27.72,4,1,1,1.3,2,23.6,62.3,5.1,5.0,0
36.51,0.23,32.58,1,1,1,2.6,2,24.8,37.6,27.9,5.0,1
36.74,1.8,25.65,3,0,1,1.3,1,22.1,40.8,8.6,5.0,0
38.72,1.73,30.77,3,1,1,1.9,1,21.4,54.3,6.6,4.6,0
34.78,-3.25,21.04,3,1,1,5.0,3,16.3,58.4,0.3,5.0,0
38.81,-1.18,23.29,3,1,1,10.6,1,23.5,61.1,10.8,5.0,0
39.86,-8.2,27.13,3,1,1,1.5,1,26.6,52.1,5.3,3.9,1
36.34,-2.72,19.0,5,1,1,0.6,2,22.1,55.1,13.1,4.2,0
38.41,-0.31,31.85,3,1,1,8.2,3,27.3,74.9,5.6,2.4,1
41.8,0.56,24.07,4,1,1,1.7,2,23.9,35.5,8.5,5.0,0
36.62,1.05,30.21,5,1,1,3.9,2,24.8,47.9,46.4,5.0,2
27.65,-5.47,24.48,5,1,1,1.1,3,14.9,56.9,5.8,3.8,1
32.7,3.21,22.7,2,0,0,4.9,3,20.1,53.8,3.1,4.8,2
35.45,-5.56,21.54,3,1,1,0.0,2,26.1,64.6,0.1,3.8,0
43.26,1.64,19.19,3,1,1,0.4,1,22.1,51.3,0.9,4.9,1
37.57,-2.02,31.06,5,1,1,1.0,3,19.2,53.8,11.8,5.0,0
34.32,-1.15,20.82,3,1,1,7.3,1,26.8,58.9,8.8,4.3,0
31.82,-4.94,26.53,5,0,1,1.1,3,20.6,56.4,1.1,4.2,1
33.66,0.28,24.73,4,1,1,0.1,1,21.6,50.4,14.3,4.5,0
35.53,5.99,25.05,4,1,1,1.8,1,29.3,38.3,1.4,4.5,0
30.32,0.64,27.76,4,1,1,1.9,3,19.7,57.8,0.6,5.0,0
32.97,-1.38,24.19,4,1,1,0.1,2,24.2,62.6,2.4,4.4,0
34.37,0.41,17.03,2,1,0,17.3,2,28.1,59.3,6.6,4.4,2
36.76,4.47,31.28,4,1,1,3.0,1,21.7,54.4,7.9,4.9,0
38.05,-0.39,29.41,5,1,1,6.0,2,25.1,63.7,9.5,4.8,0
40.37,-3.24,20.99,3,1,1,0.3,1,21.9,61.3,18.2,5.0,0
37.81,-0.29,14.94,5,1,0,7.7,2,23.0,44.9,22.2,4.5,2
31.81,-3.03,28.04,2,1,1,0.0,1,31.3,39.4,2.7,5.0,1
36.87,0.69,22.19,3,1,1,2.3,2,26.0,67.1,3.8,4.2,0
43.93,1.76,25.0,4,1,1,3.6,2,26.3,50.4,9.6,3.3,1
36.78,-2.46,25.98,4,1,1,2.6,1,20.3,66.0,0.4,4.0,0
33.65,-2.7,26.73,4,1,1,2.9,1,26.9,49.8,2.1,5.0,0
39.82,-0.97,19.87,4,1,1,0.1,1,26.7,52.2,5.3,4.8,0
37.87,-1.17,24.09,4,1,1,10.5,1,21.5,34.4,5.1,4.7,0
36.15,3.84,34.96,2,1,1,1.5,3,20.7,59.0,1.6,4.6,1
29.81,5.96,19.41,4,0,1,1.2,1,21.9,55.8,9.0,4.7,2
29.62,2.3,25.62,5,1,1,4.9,1,20.6,47.3,1.6,4.8,1
33.97,0.21,31.01,2,1,1,8.4,2,24.0,59.9,3.2,5.0,1
38.74,-6.33,23.89,4,1,1,2.6,3,29.1,48.3,5.8,3.7,0
40.36,0.83,21.96,4,1,1,1.4,3,22.8,37.2,16.1,5.0,0
41.96,1.43,25.26,4,1,1,2.7,1,24.7,66.0,2.0,5.0,0
37.56,6.35,24.44,2,1,0,0.8,1,20.6,49.6,5.1,4.9,2
27.49,-0.85,21.36,2,0,1,5.5,2,23.0,56.6,32.1,5.0,2
39.43,0.63,15.19,4,1,0,7.0,2,21.3,62.1,41.4,5.0,2
40.14,4.47,30.53,1,0,1,0.5,1,25.8,64.7,1.9,4.4,2
41.59,-2.91,23.24,5,1,1,1.6,1,23.2,55.5,33.0,5.0,1
31.86,-0.15,27.02,2,1,1,0.2,3,19.0,75.1,10.4,2.3,2
46.23,-0.45,21.98,4,1,1,4.0,1,25.5,47.4,2.0,5.0,1
38.22,3.14,30.69,2,1,1,1.8,3,28.9,60.1,5.7,5.0,1
41.3,-2.29,24.11,3,1,1,3.6,2,24.6,48.8,2.5,4.5,0
34.85,2.86,19.79,4,0,1,1.9,2,26.7,55.6,1.4,3.7,0
33.29,2.27,23.99,2,1,1,1.2,1,24.0,57.1,0.6,4.5,0
33.44,-1.31,24.78,2,1,1,0.9,1,17.6,66.8,9.5,4.3,1
33.22,-1.94,19.4,4,1,1,0.6,2,16.9,60.6,14.8,4.6,0
35.98,0.17,29.99,3,1,1,1.3,1,22.1,46.4,8.2,4.4,0
41.26,0.67,23.01,4,1,1,6.5,1,22.1,36.9,24.3,4.5,2
33.77,-6.77,27.8,3,1,1,0.7,3,23.6,62.6,33.7,5.0,2
41.78,2.24,15.11,3,1,0,2.6,2,23.1,46.7,5.2,5.0,2
39.39,-0.76,27.11,4,1,1,7.2,1,23.8,53.8,4.1,5.0,0
33.04,-0.14,26.29,3,1,1,0.9,3,23.6,59.1,1.6,4.7,1
32.46,3.07,19.77,3,1,1,2.1,3,23.1,53.7,10.9,4.5,0
36.43,0.85,30.15,4,0,1,5.9,1,25.6,54.4,0.6,5.0,0
41.77,-0.33,25.89,2,1,1,1.5,2,26.7,46.4,17.6,5.0,1
41.87,4.23,22.14,3,1,1,1.4,3,24.0,65.7,3.2,4.1,1
34.9,5.41,27.12,3,0,1,0.4,1,23.1,57.8,5.8,3.9,1
49.97,9.23,24.09,4,1,1,0.4,2,22.7,38.6,15.4,4.1,2
38.99,4.28,29.29,4,1,1,1.6,1,20.5,62.9,4.2,4.9,0
35.52,-5.39,21.43,2,0,0,0.7,2,24.6,53.8,1.3,5.0,2
32.07,-3.72,24.47,4,1,1,2.9,1,21.6,74.0,7.1,2.9,0
38.11,-0.09,20.93,4,1,1,2.0,3,25.5,45.2,0.1,5.0,0
34.9,2.57,19.68,3,0,1,5.3,1,20.6,57.4,3.4,4.3,0
40.68,-0.36,21.39,5,1,1,7.1,1,22.1,44.4,3.9,4.5,0
35.46,0.72,27.43,4,0,1,3.0,1,21.6,53.0,19.2,5.0,0
37.04,5.04,25.27,4,1,1,0.0,3,23.7,76.4,12.1,3.1,1
32.96,4.4,31.57,3,0,1,3.3,1,21.7,64.0,19.2,5.0,2
37.13,2.26,22.84,3,1,1,5.3,3,30.0,69.3,6.0,2.9,0
44.56,0.82,27.69,4,1,1,7.8,1,25.8,59.6,10.7,5.0,1
37.55,1.73,20.56,3,1,1,2.2,2,24.8,58.3,5.3,3.8,0
34.11,-0.37,20.8,2,1,0,2.6,2,27.1,57.1,2.6,3.4,2
39.88,-2.35,34.38,4,0,1,1.3,1,27.9,37.7,0.8,3.9,0
40.23,-6.45,38.39,4,1,0,0.7,1,23.2,54.9,2.4,4.0,2
36.89,-2.18,30.54,2,1,1,3.5,2,24.3,49.0,3.7,4.1,1
39.03,0.54,16.68,4,1,0,12.8,1,26.1,51.4,0.2,5.0,1
32.88,6.0,19.29,2,1,1,2.9,2,25.0,54.2,1.1,4.8,2
43.39,-3.68,25.21,4,1,1,4.9,2,24.6,56.4,5.6,5.0,1
36.88,-0.41,27.09,5,1,1,1.2,3,21.1,74.1,19.3,3.5,0
34.44,14.63,26.81,3,0,1,0.6,1,26.3,76.1,2.3,3.7,2
32.37,1.11,23.32,2,1,0,5.3,2,23.8,61.8,12.2,5.0,2
33.48,4.33,31.57,2,1,1,0.9,3,23.4,48.1,1.9,4.4,2
37.74,3.56,20.83,3,0,1,0.4,2,24.8,39.1,1.5,4.7,0
34.64,1.91,30.83,4,1,1,4.5,3,23.1,52.5,3.4,4.8,0
35.35,2.03,25.69,2,0,1,5.7,2,21.5,44.8,3.3,4.7,1
42.99,-0.33,28.59,3,1,1,4.2,3,21.4,69.5,5.1,3.3,1
39.68,0.29,32.92,5,0,1,0.9,1,18.7,42.2,9.6,5.0,0
34.99,-1.69,28.54,3,1,1,15.0,2,31.2,59.6,3.4,5.0,0
33.2,-0.79,19.68,4,1,1,0.6,1,20.9,58.6,13.6,5.0,0
38.69,3.14,22.93,1,1,1,0.0,3,25.8,56.4,2.1,3.8,1
40.5,-1.87,16.94,4,1,0,1.9,1,20.7,42.6,11.9,4.7,2
36.95,0.5,23.02,5,1,1,0.9,1,24.4,49.1,0.1,5.0,0
26.77,0.35,23.84,3,1,1,3.0,3,19.0,53.4,9.9,4.2,1
33.55,-6.49,24.34,3,1,1,0.8,1,21.9,69.5,19.0,4.1,1
31.86,2.18,23.1,3,1,1,2.7,3,21.4,47.4,4.6,3.9,0
44.19,3.19,28.18,3,1,1,0.1,3,18.1,57.9,7.1,4.2,1
41.64,0.19,33.93,3,1,1,1.9,3,23.9,52.8,14.1,3.5,0
39.5,1.52,20.73,4,1,1,0.7,3,18.1,66.9,1.9,3.9,0
36.22,-1.68,15.1,2,0,0,5.2,1,21.5,68.4,7.4,3.8,2
42.11,2.61,28.38,3,0,1,0.2,1,22.6,45.3,9.4,5.0,1
37.26,-2.0,28.39,2,1,1,7.2,1,22.9,64.7,3.0,5.0,1
38.3,-0.15,31.16,3,1,1,5.2,2,24.0,46.8,0.7,5.0,0
44.29,-0.95,30.69,4,1,1,1.5,3,21.2,62.1,9.4,5.0,1
37.12,-1.08,27.09,5,1,1,3.5,1,22.0,54.2,1.1,4.9,0
38.06,-2.59,25.89,4,1,1,0.4,1,16.7,46.0,13.9,5.0,0
35.81,-1.35,29.86,5,1,1,0.6,1,26.9,62.8,10.8,4.4,0
39.15,-3.93,30.53,4,0,1,3.8,2,29.6,50.2,22.0,5.0,0
34.7,-1.41,23.64,4,0,1,0.8,1,23.7,55.8,0.1,5.0,0
43.09,0.19,22.76,1,1,1,2.2,1,27.0,52.5,6.8,4.0,2
43.43,-1.08,26.97,4,1,1,5.1,1,22.5,54.7,2.5,4.6,1
33.03,2.34,25.02,2,1,1,4.3,3,22.3,40.7,3.6,3.3,1
35.09,-6.54,22.22,4,1,1,0.3,3,21.0,48.0,1.9,4.6,1
41.56,10.0,34.07,1,1,0,1.8,2,17.6,47.0,7.9,5.0,2
35.24,-0.21,22.75,3,1,1,1.8,2,23.5,50.9,1.8,4.1,0
31.02,1.1,22.34,3,1,1,6.9,3,22.8,63.1,2.9,4.0,0
36.99,4.46,23.59,4,1,1,1.1,2,22.4,75.6,3.1,3.3,1
38.52,-1.46,18.56,3,1,1,3.1,3,24.7,52.0,17.2,3.7,0
48.06,0.32,23.81,3,1,1,8.1,3,19.3,71.6,63.2,4.6,2
38.09,-0.74,16.73,4,1,0,6.3,3,23.8,41.4,1.0,5.0,1
38.08,0.98,28.37,3,1,1,1.9,3,22.5,60.7,12.0,5.0,0
42.15,-4.84,27.15,5,0,1,0.3,3,20.8,66.0,13.3,3.2,2
36.28,2.13,19.01,4,1,1,1.8,1,20.6,56.1,9.3,5.0,0
47.06,2.06,28.2,2,1,1,3.5,3,24.2,45.3,7.5,4.6,2
36.75,1.96,29.91,5,1,1,0.9,2,26.4,64.8,3.7,3.6,0
37.1,-3.28,16.82,4,1,0,1.3,1,25.8,65.7,11.2,4.0,1
35.1,-0.08,28.28,3,1,1,9.2,2,25.1,54.8,0.1,4.7,0
39.66,-3.06,15.6,4,1,0,0.9,2,25.8,38.3,21.1,4.9,2
31.7,1.36,25.46,3,1,1,2.4,1,18.9,49.7,8.5,5.0,0
33.08,0.13,28.61,4,1,1,1.7,1,24.5,48.7,1.3,4.8,0
34.13,-2.75,27.11,2,0,1,0.2,1,14.7,74.4,2.6,4.1,2
33.39,-0.88,21.94,3,1,1,5.8,1,14.2,46.1,6.0,5.0,0
35.08,2.75,18.32,4,1,1,6.3,2,19.7,51.1,1.0,4.1,0
36.33,0.76,24.24,4,1,1,0.1,1,20.8,56.0,9.9,4.9,0
34.97,-0.45,28.27,3,1,1,4.0,1,21.0,53.0,5.4,4.6,0
39.14,1.1,31.31,4,0,1,0.4,1,25.6,53.3,0.7,4.0,0
37.0,6.61,29.82,3,1,1,0.4,1,24.1,45.2,24.1,5.0,1
35.79,0.2,14.92,2,1,0,3.1,3,21.0,64.4,4.2,5.0,2
37.62,2.08,28.17,4,1,1,1.7,1,20.7,51.4,40.3,5.0,0
35.04,-4.26,34.19,4,0,1,1.7,1,27.4,48.5,12.1,4.8,1
37.28,7.61,28.53,5,0,1,1.7,1,21.8,70.8,9.6,4.7,1
39.76,-2.07,25.91,5,1,1,1.9,2,24.7,41.8,3.6,4.9,0
41.67,-0.13,23.53,1,1,1,8.1,1,20.2,69.1,5.6,4.5,2
38.87,-0.08,25.11,1,1,1,0.0,1,20.2,56.5,16.1,5.0,1
35.37,0.48,21.0,4,1,1,0.7,1,22.2,52.3,39.3,5.0,0
38.25,-1.06,24.61,4,1,1,6.9,1,23.2,57.4,11.7,4.7,0
39.42,-2.19,15.11,5,1,0,0.7,1,26.3,57.3,7.7,4.4,1
37.49,-2.22,26.42,4,1,1,1.3,2,24.6,58.4,2.4,4.8,0
37.6,1.59,21.24,4,1,1,5.9,3,23.6,39.3,0.3,5.0,0
39.51,1.0,22.07,3,1,1,2.2,1,25.3,53.7,5.9,5.0,0
37.12,-0.15,22.05,3,1,1,9.7,1,23.9,62.1,4.9,5.0,0
32.97,-0.51,21.15,2,1,1,1.8,1,23.4,59.5,8.8,3.9,1
41.33,-2.26,35.69,5,0,0,1.2,2,27.0,61.3,8.2,5.0,2
37.88,-1.24,28.32,5,1,1,0.6,1,20.0,52.6,11.2,4.8,0
33.67,-1.46,23.33,4,1,1,2.1,1,23.5,36.6,12.8,5.0,0
37.63,3.15,20.16,4,1,1,1.9,2,24.7,49.0,3.1,4.6,0
35.13,-1.32,20.6,1,1,0,0.4,3,26.5,24.5,0.4,3.5,2
35.96,-1.04,32.59,2,1,1,5.4,2,25.1,57.8,2.2,4.9,1
43.04,3.29,25.56,3,0,1,3.6,3,26.6,49.6,14.1,4.7,1
33.11,1.29,19.84,4,1,1,3.9,3,24.9,54.2,25.7,5.0,1
31.35,-0.6,23.11,3,1,1,2.5,1,17.4,36.5,12.8,5.0,0
33.01,-0.01,23.89,2,1,0,1.5,1,21.9,45.4,25.3,5.0,2
37.48,1.99,16.43,4,1,0,0.0,3,23.5,35.1,15.6,4.3,2
32.74,2.0,25.76,4,0,1,8.0,1,17.8,48.9,5.2,5.0,1
35.03,-0.52,24.0,4,1,1,0.6,2,21.2,55.0,4.8,4.9,0
35.28,-4.02,19.42,3,1,1,1.6,2,25.0,28.4,1.9,5.0,0
40.82,0.55,23.69,1,1,1,1.0,2,20.3,74.4,2.1,2.5,2
39.89,-0.34,22.14,4,1,1,8.5,3,29.0,60.8,9.3,4.2,0
34.08,0.06,20.74,3,1,1,1.5,2,23.2,65.1,12.1,3.3,2
43.11,-0.32,17.64,4,1,0,1.4,3,18.9,58.9,11.1,3.5,2
37.58,0.7,25.42,4,1,1,2.6,2,22.0,48.3,2.1,4.9,0
33.49,-9.62,26.56,4,0,1,0.2,1,28.3,47.9,2.1,4.7,2
39.93,-3.19,21.33,3,1,1,3.2,3,22.6,71.0,0.1,3.9,0
28.58,2.45,24.71,3,1,1,8.7,2,20.8,77.8,4.4,3.6,1
38.96,3.95,26.16,4,1,1,1.2,1,25.7,52.4,9.9,4.2,0
33.5,2.41,32.54,4,0,1,2.5,3,21.4,54.9,4.0,3.6,1
39.92,1.4,18.92,4,1,1,0.7,3,19.6,53.6,19.4,4.4,0
29.39,-1.5,26.53,3,1,1,7.4,1,23.0,50.6,1.7,4.2,1
33.91,2.22,32.72,4,1,1,2.7,2,23.3,37.7,0.2,5.0,0
37.35,-1.06,21.32,4,1,1,2.3,3,22.9,61.3,2.1,4.3,0
36.54,-1.38,21.17,5,1,1,0.9,3,23.2,65.3,10.4,2.7,0
32.88,0.12,22.6,4,0,1,2.3,1,30.6,54.6,30.1,3.8,1
40.0,6.2,23.37,1,1,0,1.1,3,20.2,52.3,0.9,4.3,2
35.65,0.34,25.2,3,1,1,4.6,3,27.3,50.6,2.4,3.6,0
35.3,1.27,28.99,5,1,1,5.5,2,19.5,42.8,16.3,5.0,0
36.84,-7.02,19.16,3,1,1,0.3,1,23.0,80.5,0.1,3.7,1
34.99,-0.38,21.17,2,1,1,4.2,1,19.6,68.7,8.2,3.4,1
36.5,0.06,26.09,5,1,1,0.2,1,21.7,65.4,21.3,2.1,0
38.02,-2.49,23.86,3,1,1,1.6,1,27.3,59.4,3.2,5.0,0
37.6,1.93,30.8,4,1,1,2.3,1,21.5,56.1,27.6,4.5,0
38.44,2.02,26.45,2,0,1,0.9,2,21.5,49.3,5.2,5.0,1
42.28,0.68,27.66,4,1,1,0.6,2,28.5,59.0,7.4,3.9,1
37.72,3.35,28.75,3,1,1,0.3,3,25.0,49.0,22.9,3.5,1
35.4,3.26,17.36,3,1,0,0.6,1,21.5,61.1,5.8,4.1,1
38.84,0.72,21.71,2,1,1,4.2,3,24.4,41.6,8.1,4.8,1
39.06,-1.51,28.05,2,1,1,1.1,1,16.8,65.3,8.3,3.7,1
41.48,-2.1,21.57,3,1,1,1.0,2,27.2,75.1,23.4,4.2,1
38.14,1.03,17.5,3,0,0,1.6,3,22.0,74.1,0.9,3.0,2
36.28,5.49,20.08,4,1,1,0.8,3,21.6,56.8,19.8,4.0,1
34.93,0.26,27.38,3,1,1,14.8,1,17.8,57.6,71.4,5.0,0
33.91,-1.99,23.26,2,1,1,0.5,2,25.3,52.5,3.4,4.4,1
38.04,-0.1,28.1,3,1,1,0.2,2,12.3,59.1,8.0,5.0,0
33.68,-6.42,21.86,4,1,1,1.1,1,22.1,52.6,6.2,4.8,1
39.57,3.22,30.36,2,1,0,1.7,3,20.8,44.0,2.7,4.2,2
36.37,4.63,22.38,3,1,1,2.2,2,24.6,61.9,0.9,4.9,0
35.4,-2.58,23.22,3,1,1,2.9,2,19.1,65.9,3.2,2.4,0
29.43,1.25,27.67,4,1,1,1.5,1,23.3,39.7,19.4,5.0,1
34.89,-1.31,21.45,3,1,1,4.4,2,24.9,49.3,1.6,4.4,0
40.7,-0.11,29.82,4,1,1,8.0,1,22.9,47.3,2.6,4.1,0
37.43,-1.38,28.44,5,0,1,0.9,2,21.2,58.4,2.2,5.0,0
33.6,-2.16,18.25,5,1,1,1.4,1,28.3,58.2,9.6,4.1,0
42.35,2.52,24.23,2,1,1,3.0,2,20.4,65.9,6.9,3.7,2
38.56,3.3,22.34,3,1,1,0.1,3,24.2,28.8,0.1,3.7,0
44.84,1.13,13.08,5,1,0,3.6,2,25.2,47.9,18.5,4.8,2
35.48,8.33,24.36,4,1,1,0.7,2,21.0,62.0,14.8,5.0,1
44.22,0.28,30.26,1,1,1,1.3,1,22.8,58.4,4.3,5.0,2
32.79,-5.66,28.62,3,1,1,3.7,1,19.5,45.8,4.2,5.0,1
38.2,-2.71,26.82,4,0,1,0.9,1,19.6,62.5,3.7,4.6,0
33.84,6.45,28.79,3,1,1,0.2,3,19.0,61.0,7.0,4.0,1
37.92,-1.29,24.21,4,1,1,4.6,1,19.7,37.5,6.2,4.9,0
45.69,-6.98,34.97,3,1,1,1.6,1,20.2,41.1,25.8,4.7,2
36.3,0.1,15.77,1,1,0,0.9,2,21.9,54.9,14.1,5.0,2
36.69,-0.75,18.58,5,1,1,1.2,1,25.6,49.1,6.7,4.5,0
38.98,0.07,26.57,2,1,1,3.9,1,21.0,48.4,14.8,5.0,1
38.64,5.55,24.81,2,1,1,0.3,3,20.7,68.0,14.4,5.0,2
39.69,4.72,25.65,4,1,1,1.9,3,21.6,46.8,3.7,4.4,0
40.32,-1.42,30.73,3,1,1,2.6,2,20.3,26.0,9.4,5.0,0
38.51,-2.17,22.43,4,1,1,1.0,1,26.2,49.1,5.1,5.0,0
35.38,-3.19,18.47,2,1,0,2.0,3,22.7,58.0,14.2,4.1,2
33.57,-2.95,28.93,5,1,1,1.9,1,27.1,52.6,6.7,4.7,0
39.54,-0.14,23.64,2,1,0,7.0,1,23.6,59.4,5.8,5.0,2
37.58,2.82,21.19,4,1,1,2.5,1,23.3,52.1,1.5,5.0,0
39.01,-0.8,25.32,4,1,1,10.3,3,22.1,54.7,7.7,4.4,0
41.92,-0.26,17.73,5,1,0,8.0,3,21.1,65.0,5.3,4.3,2
29.05,-4.76,20.96,4,0,1,6.8,3,28.7,50.9,1.1,3.7,2
37.3,2.49,21.39,4,1,1,1.3,2,23.2,57.9,4.3,5.0,0
39.06,4.76,22.33,3,1,1,1.0,2,23.6,30.1,1.6,4.7,0
33.98,3.47,25.39,2,1,1,0.0,3,24.0,60.5,5.2,4.0,2
40.25,4.89,32.47,2,0,0,0.8,1,29.4,67.9,4.3,3.6,2
43.12,2.6,26.12,2,1,1,4.5,2,21.4,47.2,10.6,4.6,2
39.49,-3.28,20.14,4,1,1,0.5,2,23.1,48.4,3.5,4.1,0
35.29,-4.19,25.1,4,1,1,0.9,3,29.0,73.6,3.3,3.2,1
42.53,5.14,19.4,4,1,1,4.0,1,26.2,59.7,8.8,2.7,1
34.86,-0.84,26.24,3,1,1,0.3,2,16.4,50.8,2.1,5.0,0
32.95,8.38,25.89,4,1,1,0.6,2,19.5,45.2,2.0,5.0,1
38.52,0.88,25.54,3,1,1,2.2,3,23.5,59.7,1.8,4.6,0
36.59,2.42,23.62,5,1,1,3.4,3,21.4,58.5,0.4,4.8,0
37.37,0.12,20.08,3,1,1,5.4,1,19.2,72.0,19.2,4.6,0
37.11,-0.21,27.61,4,1,1,0.3,3,22.0,59.3,1.9,5.0,0
37.35,3.01,25.86,5,1,1,6.1,1,15.3,48.6,11.4,5.0,0
37.64,3.97,27.82,4,1,1,0.6,2,23.0,61.0,13.8,4.0,0
41.74,-2.35,20.21,4,1,1,3.2,2,25.8,47.6,18.1,4.3,0
34.86,-12.26,26.92,3,1,1,0.1,3,24.1,50.6,13.8,4.9,1
33.51,0.57,25.5,3,1,1,2.6,2,26.5,39.5,8.5,4.3,0
38.35,-1.48,28.43,2,1,1,2.1,1,16.5,57.9,12.5,4.4,1
41.05,4.85,25.47,4,0,1,1.5,2,19.9,56.7,0.8,5.0,1
38.99,1.88,29.69,2,0,1,6.8,3,19.3,66.5,2.1,2.6,1
33.23,-0.66,23.39,3,1,1,7.0,2,18.2,54.4,19.7,5.0,0
38.92,-2.15,24.26,5,1,1,2.2,3,25.9,79.9,3.9,2.3,1
40.78,0.34,19.06,4,0,1,11.0,2,21.2,54.5,11.6,4.5,1
42.23,0.73,26.63,2,1,1,4.9,2,21.3,50.1,3.8,5.0,2
35.81,2.94,25.04,5,1,1,4.3,2,24.0,44.8,26.5,4.5,0
42.86,5.25,21.14,4,1,1,4.0,2,21.4,71.1,1.5,3.4,2
36.56,-1.28,29.52,2,1,0,5.6,2,20.0,64.8,4.2,5.0,1
41.89,0.54,23.45,2,1,1,0.1,1,18.4,53.6,42.4,5.0,2
38.59,0.98,28.52,4,0,1,0.5,2,22.6,62.1,2.3,5.0,0
37.72,-2.93,23.28,4,1,1,0.5,1,17.4,46.3,10.9,5.0,0
33.95,1.54,20.77,5,1,1,1.7,3,25.6,59.6,0.9,3.9,0
41.69,5.99,26.51,4,1,1,1.0,2,21.4,47.0,4.1,4.4,2
42.37,2.81,17.94,4,1,0,1.7,1,25.7,47.3,19.1,4.2,2
33.14,6.4,28.28,3,1,1,0.9,1,23.5,59.3,2.1,5.0,1
36.14,3.48,25.21,4,1,1,3.3,1,18.0,73.0,6.6,3.1,0
44.17,3.12,27.31,4,0,1,3.2,2,23.4,66.4,26.5,4.3,2
31.09,-6.71,25.16,4,1,1,0.4,1,21.4,30.4,2.7,4.6,1
38.57,-0.96,18.61,4,1,1,5.5,2,25.2,57.1,5.2,4.5,0
36.09,3.83,15.6,3,0,0,1.0,1,27.3,57.9,3.5,4.3,2
33.79,2.92,24.8,3,1,1,2.8,1,22.1,70.3,1.0,3.5,1
44.01,-0.18,38.42,4,1,0,1.5,1,20.9,57.1,6.6,4.8,2
36.81,0.92,30.43,4,1,1,1.6,2,21.0,54.1,3.5,4.9,0
41.81,3.5,31.83,3,1,1,1.7,2,24.7,47.0,5.7,5.0,0
36.8,-0.5,26.34,2,1,0,1.1,2,20.5,54.4,1.2,4.7,2
37.34,-1.5,28.14,3,1,1,3.1,1,26.3,57.3,15.4,3.9,0
40.19,-1.94,29.44,5,1,1,2.6,1,27.8,53.0,0.2,4.6,0
32.74,-7.06,27.32,4,1,1,0.1,2,26.7,53.2,3.9,3.2,1
33.48,0.97,30.7,5,1,1,3.5,2,29.2,46.2,12.2,3.7,0
36.17,-3.48,26.36,2,1,1,0.2,3,21.1,60.4,5.1,3.4,1
40.75,-3.84,29.76,3,1,1,0.7,2,17.8,61.1,0.6,5.0,0
41.97,-0.62,21.34,4,1,1,6.2,2,25.6,54.4,28.5,4.7,1
38.1,-1.12,34.16,3,1,1,4.9,1,22.3,60.1,10.6,5.0,0
32.59,-1.23,15.04,5,1,0,3.1,1,19.2,49.9,2.8,5.0,2
35.62,0.69,33.4,4,1,1,1.2,3,24.2,53.6,15.0,4.6,0
42.88,-10.04,21.28,3,1,1,1.6,1,20.7,44.2,3.9,5.0,2
43.0,-2.19,27.99,3,1,1,0.4,3,25.1,41.6,9.9,4.2,1
28.73,-0.53,26.73,4,1,1,4.0,3,26.6,54.6,1.1,3.8,1
39.09,1.6,22.81,3,1,1,10.6,3,23.5,37.0,1.3,4.5,0
38.97,-0.55,23.83,3,1,1,0.1,2,24.6,60.7,4.9,4.6,0
36.14,-4.07,22.55,4,1,1,2.0,2,22.6,60.2,16.2,4.8,0
40.83,-5.58,22.8,5,1,1,1.0,2,21.2,64.0,5.0,4.8,1
34.92,-4.98,28.09,2,1,0,1.1,2,18.0,53.3,10.9,5.0,2
33.6,-1.93,25.19,3,1,1,0.6,2,22.1,36.7,3.5,5.0,0
36.02,1.18,28.47,3,1,1,0.3,1,16.9,62.0,2.3,5.0,0
38.61,5.28,29.79,4,1,1,0.3,1,25.0,65.0,0.2,5.0,0
41.91,-4.84,30.33,3,1,1,0.7,3,22.2,67.7,0.9,3.8,2
42.22,-3.95,27.95,4,1,1,3.6,2,30.6,36.4,0.3,3.8,1
35.53,2.02,23.3,2,1,1,2.7,3,22.9,50.5,2.1,4.4,1
43.16,5.02,21.57,4,1,1,0.1,1,25.5,49.8,5.4,4.5,1
30.0,-0.71,17.1,5,1,0,0.1,2,20.5,54.8,1.4,5.0,2
35.88,-5.61,24.46,4,1,1,0.2,2,26.3,52.0,15.4,5.0,0
25.04,-2.72,18.53,3,1,1,4.6,3,23.7,62.3,0.3,4.8,1
37.64,4.62,26.27,2,1,0,0.7,3,17.6,51.3,6.0,4.2,2
42.72,-0.65,23.92,3,0,1,2.9,2,19.5,36.6,1.9,5.0,1
29.94,4.35,29.56,3,1,1,2.2,2,24.3,46.9,9.3,5.0,1
39.73,2.41,28.84,4,1,1,2.7,2,23.0,40.6,0.0,4.9,0
27.49,0.77,21.73,2,1,0,1.8,3,16.9,70.1,1.6,3.5,2
34.18,-0.42,23.62,4,1,1,12.8,1,22.0,51.9,0.2,4.2,0
30.68,-2.37,18.79,4,1,1,0.7,2,22.0,61.6,1.2,5.0,0
39.61,-0.34,27.33,3,1,1,0.5,3,22.6,52.2,16.3,4.4,1
40.46,-10.83,21.4,3,0,1,1.0,1,20.2,58.9,0.9,5.0,2
38.48,0.5,29.68,2,1,1,0.0,1,25.3,59.8,1.5,4.8,1
32.0,0.84,19.44,5,1,1,1.1,1,20.1,62.7,3.4,5.0,0
42.25,2.34,24.6,4,1,1,3.5,2,25.4,43.4,5.6,4.9,1
36.82,-0.98,28.65,1,1,1,4.6,3,23.7,35.4,1.5,4.5,1
37.89,2.46,19.68,4,1,1,3.4,3,28.0,41.2,1.0,3.0,0
30.13,-3.95,32.03,4,0,1,3.4,1,24.5,57.9,21.4,5.0,1
40.3,0.1,21.43,3,1,1,6.9,1,18.5,61.6,0.7,4.8,0
35.05,-4.1,27.06,3,1,1,0.2,2,23.9,65.7,14.4,3.7,0
40.28,-0.49,14.38,4,1,0,4.0,2,24.2,71.5,19.7,4.0,2
43.71,-3.29,23.92,5,1,1,0.9,3,26.0,52.5,30.0,4.0,2
41.81,0.04,28.42,3,1,1,0.1,2,21.7,44.0,0.4,5.0,0
40.56,-1.52,32.7,4,1,1,4.8,2,27.7,45.5,7.7,4.0,0
38.04,-1.94,17.88,4,1,0,0.7,1,21.6,71.9,2.3,3.1,2
29.14,-5.92,34.96,4,1,1,0.1,1,28.5,62.5,29.4,4.4,2
33.54,-1.06,22.58,4,1,1,3.7,1,24.4,37.8,0.9,5.0,0
35.8,-3.25,25.06,4,1,1,3.2,3,22.1,47.1,8.5,5.0,0
32.52,-3.02,25.11,2,1,1,0.9,3,28.1,64.7,5.6,2.8,2
39.81,0.88,21.08,3,1,1,2.1,3,25.1,48.3,2.4,5.0,0
39.2,-2.93,25.93,3,1,1,0.9,1,22.9,56.8,9.1,4.6,0
34.47,-0.24,18.78,3,1,1,2.2,1,24.3,47.8,2.4,4.4,0
40.79,0.22,23.16,3,1,1,0.5,1,23.9,46.4,8.1,4.6,0
34.25,4.65,30.34,4,1,1,0.5,2,19.1,72.5,0.9,3.5,1
35.01,6.86,19.6,3,0,1,1.6,3,23.1,53.7,48.3,3.5,1
42.79,-1.84,22.85,4,0,1,0.1,1,19.1,68.0,8.8,4.4,1
34.45,-0.6,30.05,3,0,1,14.8,1,19.0,46.7,5.3,4.4,0
39.76,0.07,28.85,1,1,1,0.1,3,23.5,60.0,0.2,4.2,1
33.98,7.78,22.6,4,1,1,0.1,2,22.9,52.1,0.7,4.8,1
37.45,2.85,21.41,4,1,1,5.1,2,28.1,61.5,1.4,4.1,2
32.32,0.51,27.05,5,1,1,4.7,3,21.7,56.0,4.4,5.0,0
29.27,-5.46,26.59,3,1,1,0.6,2,22.1,48.4,28.5,5.0,2
33.34,-1.87,27.54,5,0,1,1.2,2,16.4,41.7,0.3,4.8,1
42.97,2.64,27.23,4,1,1,0.4,2,26.0,50.9,1.1,5.0,1
34.84,1.25,19.86,4,0,1,0.7,3,27.3,51.6,16.6,3.9,1
37.13,1.11,27.58,4,1,1,1.0,3,21.1,55.6,2.4,4.4,0
39.05,-2.86,28.31,4,1,1,3.2,1,24.8,69.5,11.3,2.5,0
34.03,-1.31,20.0,3,1,1,3.6,3,27.4,52.5,9.5,4.6,0
37.53,7.88,28.06,4,1,1,1.8,1,28.6,65.0,0.5,3.0,0
37.77,2.86,35.19,5,1,0,2.3,1,21.4,60.8,9.1,5.0,1
41.1,2.55,31.96,3,1,1,0.4,1,23.1,58.7,0.2,4.2,0
42.34,-4.69,15.81,3,1,0,3.6,2,17.8,85.9,5.7,2.1,2
34.29,-0.4,20.31,5,1,1,5.5,2,18.9,61.7,28.9,4.2,0
40.5,3.57,26.54,3,1,1,0.6,3,22.5,56.1,1.1,3.5,1
37.77,7.21,30.12,4,1,1,0.1,2,25.6,71.6,9.8,3.0,1
36.53,-1.78,29.88,2,0,1,0.1,3,23.8,55.8,14.8,5.0,2
36.2,-0.97,23.47,3,1,1,1.3,1,27.1,64.3,2.7,5.0,0
28.85,3.25,22.02,3,1,1,3.1,3,18.6,61.3,11.7,5.0,1
44.68,0.89,31.67,3,1,1,3.4,3,24.2,60.5,7.6,4.4,0
34.63,6.22,30.53,4,1,1,1.3,2,16.2,54.9,1.9,4.4,0
37.64,1.66,26.23,4,1,1,3.2,1,25.2,52.4,3.2,5.0,0
39.75,-1.77,20.73,3,0,1,0.1,3,21.1,53.8,5.6,4.6,1
41.76,2.59,27.18,2,1,1,3.8,3,24.2,62.2,29.1,5.0,2
40.02,-0.16,30.1,4,1,1,0.2,3,25.0,51.8,4.0,4.4,1
37.73,-2.09,29.52,3,1,1,2.3,2,22.3,44.5,26.3,5.0,0
33.9,5.47,34.83,3,0,1,0.1,2,22.9,65.8,6.8,3.7,1
31.45,-0.92,18.37,3,0,1,1.1,3,25.1,43.5,1.9,4.0,1
38.82,-7.61,19.75,2,1,0,3.5,1,20.1,75.9,4.8,3.6,2
38.42,-7.24,28.18,4,0,1,0.1,1,22.6,59.7,9.4,5.0,1
31.5,-1.18,36.85,5,1,0,2.2,3,27.2,57.4,28.7,4.5,2
37.07,3.03,29.26,2,0,1,4.1,1,20.3,68.2,4.6,3.2,2
34.99,2.95,26.53,4,1,1,3.1,2,22.3,47.4,4.1,5.0,0
41.15,3.06,18.57,4,1,1,1.7,3,21.5,51.1,11.2,3.5,0
38.5,2.25,29.23,3,0,1,5.8,1,22.0,60.3,1.8,5.0,0
37.85,2.36,21.9,4,1,1,5.3,2,20.4,60.7,8.7,5.0,0
40.26,-4.23,28.36,3,1,1,1.6,2,17.9,52.2,8.0,4.1,1
33.92,5.74,20.52,1,0,1,0.0,1,13.9,37.1,1.8,5.0,2
37.81,-6.23,27.31,4,1,1,0.7,1,20.2,47.3,9.1,5.0,0
44.06,3.35,16.1,5,1,0,7.7,3,27.5,62.8,5.7,3.2,2
32.75,4.09,20.45,1,1,1,1.1,1,25.3,52.5,4.8,4.8,2
33.13,4.73,19.96,2,1,1,1.2,1,24.1,64.5,10.9,4.8,2
36.62,2.08,13.77,3,1,0,5.0,2,23.6,52.7,25.0,5.0,2
34.76,-1.25,31.14,5,1,1,0.4,2,24.4,52.4,7.0,4.6,0
38.44,-0.9,36.4,2,1,0,2.5,3,20.9,61.3,2.0,4.8,2
37.64,-3.05,29.62,2,0,1,2.3,2,27.4,31.2,3.9,4.6,1
34.82,0.88,24.07,4,1,1,1.9,2,24.8,75.3,14.9,4.0,0
34.88,-4.3,21.32,2,1,0,1.3,2,22.1,68.9,17.5,5.0,2
39.96,4.2,26.71,3,0,1,5.4,1,28.8,63.6,6.9,4.3,1
36.44,-2.1,21.38,4,1,1,1.2,1,20.3,49.9,5.2,5.0,0
37.21,5.88,17.55,3,1,0,0.4,2,21.1,42.9,5.1,4.6,2
34.35,1.75,21.91,5,1,1,2.0,2,21.6,43.5,35.7,3.9,0
32.85,4.09,16.78,3,1,0,0.5,3,21.3,66.3,16.2,2.5,2
32.49,1.24,31.32,4,1,1,7.3,1,24.3,48.4,7.1,5.0,0
41.76,-0.36,30.47,5,1,1,13.1,2,32.3,59.8,4.7,4.2,0
36.41,1.1,30.98,2,1,0,1.5,2,18.0,36.5,8.6,5.0,2
41.32,5.36,25.21,4,1,1,1.7,2,19.6,66.9,0.8,2.7,2
29.94,-1.63,14.74,4,1,0,1.1,2,19.5,39.8,13.6,5.0,2
39.28,2.51,22.14,2,1,0,0.7,2,26.4,62.5,2.1,3.1,2
36.56,-3.87,21.14,4,1,1,2.1,3,21.4,73.0,13.3,3.4,0
34.76,-2.11,23.99,4,0,1,0.4,2,28.0,71.1,0.2,3.8,2
32.47,2.22,24.02,2,1,1,3.5,3,24.6,47.7,2.8,3.8,1
40.01,0.54,27.89,4,1,1,0.5,3,19.3,60.5,4.1,4.4,1
36.31,3.6,33.19,3,1,1,2.3,1,18.7,58.7,7.8,5.0,0
35.38,0.01,38.55,5,1,0,0.9,2,24.6,62.1,15.4,4.9,2
38.54,-2.02,28.65,5,1,1,2.5,2,27.2,63.1,31.5,3.9,0
28.37,-2.52,29.03,2,1,1,1.3,3,26.4,81.0,14.7,1.4,2
40.28,-2.28,21.82,3,1,1,5.0,3,24.0,67.1,7.0,1.9,1
41.29,0.87,15.45,2,0,0,2.0,2,25.1,41.6,24.2,4.8,2
37.58,-7.33,21.02,2,1,1,0.9,2,23.6,34.0,8.3,5.0,1
39.88,0.8,30.24,2,1,1,4.9,2,20.0,50.1,12.6,5.0,1
36.76,-0.88,24.03,4,1,1,0.5,1,25.2,61.4,1.0,4.9,0
39.81,-0.31,24.69,3,1,1,0.4,3,21.7,70.9,7.6,4.6,1
34.4,-1.31,26.8,5,1,1,1.9,1,24.6,45.0,4.0,4.6,0
25.6,1.36,17.92,2,1,0,2.2,2,21.1,62.6,2.7,5.0,2
34.58,6.78,33.54,2,1,1,2.4,1,24.6,41.8,6.6,4.9,1
37.57,1.9,27.92,5,1,1,1.3,2,22.2,43.1,0.3,4.5,0
29.26,-2.2,18.3,3,1,1,1.9,1,21.5,58.9,6.5,4.4,1
37.34,-0.7,26.68,5,1,1,4.3,1,24.7,51.6,0.1,5.0,0
35.9,-1.83,21.55,5,0,1,0.6,3,24.4,68.1,0.1,2.9,1
31.97,1.55,20.47,5,1,1,6.7,1,23.4,58.1,14.4,4.3,0
36.3,1.63,13.91,3,1,0,7.0,3,30.3,35.3,3.0,4.4,1
38.65,-2.35,29.88,5,1,1,3.4,3,23.0,40.8,40.7,5.0,0
34.34,-0.1,34.87,3,1,1,11.5,1,25.2,70.0,5.4,3.8,0
34.76,-1.84,22.98,4,1,1,1.4,2,26.4,48.5,35.8,4.1,0
42.06,-4.04,14.94,2,1,0,0.8,1,23.4,54.3,1.0,5.0,2
37.95,-3.36,26.62,2,1,1,0.3,2,24.7,58.2,11.5,5.0,1
39.44,-5.27,29.34,4,0,1,1.9,1,28.8,63.0,5.1,4.3,1
37.41,1.8,23.56,3,1,1,5.9,1,24.3,51.2,2.6,5.0,0
45.48,3.91,15.94,3,1,0,1.9,2,20.1,43.6,7.2,5.0,2
35.34,3.75,23.37,3,1,1,3.0,1,29.0,54.2,18.9,5.0,0
38.37,-3.82,23.7,5,0,1,1.1,2,24.1,47.8,2.7,5.0,0
34.87,-3.58,28.07,2,1,0,1.2,2,21.1,56.8,23.7,4.5,2
30.99,2.49,30.82,5,0,1,2.3,1,25.8,55.3,12.3,4.8,1
34.53,-1.99,24.59,4,1,1,2.2,2,26.4,48.0,17.8,5.0,0
36.49,-5.94,28.3,1,1,1,1.1,2,22.6,66.5,11.1,3.7,1
36.85,-2.34,14.16,3,1,0,1.5,3,20.3,78.2,17.7,3.3,2
39.66,-0.49,24.14,2,0,1,5.3,1,20.2,52.7,3.8,5.0,1
38.67,-0.02,29.4,5,1,1,6.2,1,20.2,52.3,37.5,5.0,0
38.12,7.33,20.46,4,1,1,1.9,1,24.8,48.7,5.3,4.6,0
41.34,-0.06,26.32,2,1,1,3.7,1,21.3,36.9,19.6,4.5,1
32.56,0.51,22.46,5,1,1,3.7,2,14.6,81.8,11.7,4.1,0
33.99,-0.28,26.31,5,1,1,4.6,3,20.6,50.3,9.2,5.0,0
37.03,3.68,18.36,4,1,1,1.9,3,22.9,61.8,12.3,5.0,0
36.72,0.36,25.54,4,1,1,0.4,2,26.0,77.1,7.0,3.8,0
33.95,-1.98,22.63,4,1,1,0.7,2,20.9,59.0,15.4,4.8,0
38.2,-0.17,24.23,4,1,1,5.2,1,20.6,76.7,4.0,2.8,0
40.68,-1.92,22.84,5,1,1,0.3,1,29.6,55.1,6.1,3.6,0
39.34,0.52,21.24,4,1,1,10.8,2,27.6,38.6,4.6,4.6,0
50.51,0.81,22.95,3,1,1,11.0,1,19.8,56.1,8.5,5.0,1
35.71,0.67,24.05,3,1,1,3.8,1,22.7,63.4,14.7,4.5,0
31.09,4.23,22.34,4,0,1,0.8,1,21.8,79.6,3.5,4.8,2
37.22,-2.97,28.1,4,1,1,0.2,1,24.1,62.6,1.8,4.7,0
34.3,4.45,23.13,5,1,1,1.2,2,24.5,56.2,20.0,4.9,0
39.78,1.62,23.47,3,1,1,0.1,3,26.2,56.0,17.1,4.1,1
32.55,-2.93,17.59,3,1,0,3.2,2,22.9,44.3,10.5,5.0,2
42.88,-3.41,25.68,4,1,1,0.1,2,23.0,39.2,2.9,4.5,1
31.53,-0.71,35.1,5,1,0,0.8,1,21.0,50.5,22.5,4.4,0
32.04,-0.33,24.75,4,1,1,1.2,2,26.2,54.3,0.2,5.0,0
35.45,0.39,24.27,3,1,1,2.5,3,24.2,59.9,0.2,4.6,0
35.79,0.58,22.83,3,1,1,8.0,3,26.8,55.0,0.1,4.5,2
40.97,1.13,38.27,4,1,0,2.2,1,26.6,40.8,32.0,3.8,2
33.65,2.24,28.38,3,1,1,2.5,1,22.9,57.3,4.8,5.0,0
42.41,-9.46,21.86,5,1,1,1.8,2,22.9,44.4,0.0,5.0,2
34.69,0.35,22.25,1,1,1,7.2,3,21.5,43.0,3.4,4.7,1
40.32,-3.62,21.17,4,1,1,1.7,1,22.8,52.1,31.0,5.0,1
37.63,0.23,21.02,2,1,1,10.3,1,27.2,72.7,7.7,3.8,1
38.08,-0.33,28.89,3,1,1,4.3,2,19.6,58.4,5.0,5.0,0
31.82,-0.44,27.18,4,1,1,3.0,1,24.8,61.5,6.7,4.7,0
35.13,-1.06,12.0,4,1,0,4.5,3,27.3,53.6,0.2,4.4,1
33.12,1.06,21.11,4,1,1,3.1,1,26.6,71.3,2.6,2.2,1
35.95,-5.49,22.04,3,1,1,2.7,1,28.3,62.8,2.3,4.4,0
37.95,1.2,20.36,4,0,1,3.8,1,26.9,52.7,1.9,4.6,0
41.89,-2.81,23.72,3,1,1,0.3,3,21.5,72.1,14.2,4.2,1
40.76,0.47,23.82,2,1,1,3.6,1,14.6,55.6,0.3,5.0,1
37.33,4.72,18.35,4,0,1,0.8,3,20.8,64.4,10.5,4.6,1
41.38,-0.34,26.33,5,0,1,1.0,3,26.3,55.0,4.7,3.3,1
44.07,1.92,27.74,3,1,1,0.4,1,23.4,46.3,34.9,5.0,0
40.95,1.66,29.31,3,1,1,1.9,3,25.6,59.7,0.8,4.5,0
31.65,-1.1,18.78,4,1,1,2.7,1,25.0,60.4,18.5,4.5,0
29.43,0.75,27.29,4,0,1,2.0,2,29.0,46.6,10.4,3.8,1
35.94,-3.19,28.4,4,1,1,4.9,1,18.8,57.3,6.3,4.7,0
26.69,-2.29,22.0,3,1,1,0.3,1,25.0,62.0,5.5,4.2,1
37.51,-0.74,25.56,5,1,1,5.9,3,22.9,50.2,23.6,4.7,0
38.3,-6.65,23.42,4,0,1,0.6,2,19.5,69.6,22.7,2.8,1
38.05,-1.93,19.28,5,1,1,0.5,1,22.1,66.5,2.9,2.8,0
33.79,-4.02,26.01,3,1,1,3.5,3,19.9,57.0,1.9,4.2,1
40.24,2.04,28.9,4,1,1,2.2,2,23.5,57.4,1.5,4.3,0
36.21,-0.37,30.65,4,1,1,6.3,1,22.7,49.6,12.2,5.0,0
33.4,-0.19,20.97,2,1,0,3.7,2,22.5,47.4,34.6,5.0,2
34.76,-0.43,24.5,4,1,1,8.6,1,17.1,62.6,7.8,5.0,0
38.05,-4.06,21.49,2,1,0,1.8,1,18.9,43.1,0.9,5.0,2
38.13,-5.98,24.68,4,1,1,1.3,1,24.6,71.4,2.4,4.6,1
38.28,-11.65,32.78,2,1,1,1.4,2,22.5,63.8,6.4,5.0,2
39.32,0.12,26.23,3,0,1,2.7,2,22.8,53.0,22.8,5.0,1
41.52,-0.12,27.13,3,1,1,9.2,3,21.7,53.7,10.4,5.0,0
42.43,1.61,30.16,4,1,1,7.0,3,22.2,53.4,5.9,4.9,1
41.89,-2.31,19.86,2,0,0,0.4,3,24.0,50.8,13.5,4.7,2
32.42,1.08,29.37,1,0,1,4.2,1,23.5,40.7,0.7,5.0,2
44.3,-4.96,35.21,3,1,0,0.7,1,27.1,47.1,3.9,4.4,2
29.14,4.63,29.15,4,1,1,1.2,2,23.2,50.5,0.6,5.0,1
38.16,-3.27,25.6,4,1,1,4.0,3,17.2,54.8,3.0,4.6,0
34.94,3.34,28.59,3,0,1,0.2,2,22.6,54.8,11.9,4.5,0
40.29,-1.95,17.15,4,1,0,0.0,3,20.5,50.3,6.2,4.6,2
47.53,0.24,21.37,5,1,1,1.3,1,19.8,65.7,35.4,2.2,2
29.25,1.22,14.96,3,1,0,5.3,2,24.7,48.6,10.1,4.5,2
43.4,0.51,27.77,3,1,1,4.3,1,21.8,63.0,0.7,4.6,1
39.61,0.81,25.71,1,1,1,3.0,1,21.3,54.4,2.5,5.0,1
33.61,-1.29,16.22,2,1,0,5.4,2,19.9,41.6,3.5,5.0,2
36.93,0.77,23.45,2,1,1,4.9,2,22.6,46.6,10.2,5.0,1
40.68,5.61,29.39,5,1,1,0.5,1,19.7,22.8,1.7,5.0,1
38.3,0.23,29.39,3,1,1,5.7,1,24.9,66.8,9.1,3.3,0
36.63,1.13,26.57,5,0,1,3.2,1,21.8,53.9,0.2,4.8,0
37.47,-3.38,26.96,2,0,1,0.9,1,18.8,46.7,21.5,4.7,2
35.78,3.87,18.32,4,1,1,1.1,2,19.8,39.5,46.7,5.0,0
33.38,0.81,30.03,5,1,1,4.0,2,22.6,58.8,6.7,5.0,0
35.09,2.03,27.65,2,0,1,4.7,2,25.9,38.9,3.1,5.0,1
35.56,-4.08,32.97,4,0,1,3.6,1,28.1,35.5,16.5,4.4,1
40.37,1.17,23.23,5,1,1,1.7,2,21.0,72.9,5.4,3.6,0
34.82,3.06,34.58,3,1,1,1.0,1,20.3,80.3,1.5,3.0,0
30.93,-0.89,28.99,4,1,1,8.0,2,19.1,51.9,17.3,5.0,0
35.14,-1.67,20.16,3,1,1,13.3,1,23.6,55.8,22.0,4.6,0
38.82,-1.86,23.1,3,1,1,8.6,3,23.9,45.0,6.1,4.4,0
37.65,-2.44,29.53,4,1,1,6.4,1,11.7,53.1,5.1,5.0,0
41.83,-1.21,32.99,4,1,1,4.8,3,20.8,46.2,4.1,5.0,0
34.5,4.72,28.34,4,1,1,0.8,1,29.2,45.7,0.8,4.4,0
35.09,0.47,33.6,4,1,1,0.4,2,24.6,56.5,2.5,5.0,0
29.0,-0.42,30.17,2,1,1,1.2,3,17.8,72.8,4.6,3.8,2
37.4,2.46,22.82,3,1,1,1.1,2,23.0,38.6,4.1,5.0,0
46.53,2.58,31.84,4,1,1,9.8,1,22.7,59.6,3.0,4.6,1
35.46,-3.14,26.42,5,1,1,0.2,1,25.5,57.3,16.0,5.0,0
33.61,-4.03,27.29,4,1,1,3.6,2,26.9,52.2,6.0,3.5,1
38.75,2.0,25.56,4,1,1,4.4,3,22.6,60.3,11.3,3.5,0
37.08,-2.88,21.84,2,1,1,9.1,3,22.7,62.2,22.2,3.1,1
36.72,-0.4,26.62,5,1,1,3.6,1,24.5,42.9,1.2,4.8,0
34.3,-0.26,20.76,4,1,1,6.5,1,25.9,51.3,5.9,5.0,0
34.82,-1.0,24.7,5,1,1,6.0,2,22.8,58.4,8.1,5.0,0
32.64,-3.86,21.1,1,0,1,2.7,2,21.1,40.5,10.6,4.6,2
43.29,0.44,27.48,4,1,1,0.5,1,21.6,54.9,5.2,4.5,1
39.44,-0.44,32.72,4,1,1,5.4,1,22.3,70.4,8.7,2.9,0
34.54,-0.3,26.73,3,1,1,8.7,2,25.7,61.1,31.2,5.0,0
35.93,1.29,18.47,3,1,1,0.1,3,21.4,65.5,1.0,3.3,0
35.35,-1.75,27.94,3,1,1,5.6,3,27.7,57.0,58.8,3.6,0
39.87,0.76,27.5,4,1,1,2.6,3,20.6,65.4,5.7,2.6,0
41.71,-1.69,34.54,5,0,1,2.5,1,18.4,51.9,2.8,5.0,1
36.07,0.73,27.96,4,1,1,4.6,3,24.1,50.6,9.6,4.4,0
28.17,1.07,24.1,4,0,1,3.0,3,24.7,56.0,5.2,4.5,1
40.15,-1.7,37.85,5,1,0,5.3,2,21.1,62.0,12.1,5.0,2
31.08,-10.45,21.93,5,0,1,1.9,1,21.6,44.7,18.9,5.0,2
36.72,1.39,21.27,2,1,1,3.1,1,17.0,41.3,8.2,3.6,1
41.29,3.16,27.53,5,0,1,2.2,2,22.7,51.9,5.4,4.9,1
39.4,0.87,17.31,4,0,0,2.9,2,24.2,45.5,1.1,4.7,2
29.28,-0.65,33.45,4,1,1,5.8,2,23.4,34.5,14.8,4.5,1
39.52,0.4,22.02,4,1,1,7.4,1,20.7,46.6,1.7,4.8,0
37.9,0.9,20.28,1,0,0,1.2,1,27.1,63.8,15.8,4.5,2
33.04,8.36,23.43,4,1,1,0.8,2,25.8,51.2,11.9,5.0,1
33.3,1.74,18.05,5,1,1,0.3,2,17.2,52.1,0.3,5.0,0
39.02,3.28,21.21,4,0,1,1.6,3,23.3,66.6,0.9,4.5,0
42.83,0.52,22.34,5,1,1,0.4,1,24.9,48.4,24.1,4.6,1
41.87,-2.53,25.47,4,1,1,3.4,1,17.3,69.9,2.9,2.6,2
40.81,-1.73,27.69,3,1,1,4.2,3,19.6,55.7,13.1,4.1,0
35.5,-0.64,26.44,4,1,1,3.1,2,24.5,41.1,0.2,4.8,0
34.46,-2.51,25.1,3,1,1,0.4,2,22.8,57.4,0.7,5.0,0
36.4,-1.96,21.48,4,1,1,7.6,1,28.8,68.4,4.3,4.4,0
36.59,-2.97,31.33,3,1,1,0.9,2,24.9,51.2,4.2,5.0,0
36.42,-1.74,24.14,4,0,1,0.4,1,20.1,52.9,34.5,5.0,1
39.38,1.25,22.72,4,1,1,0.8,3,27.6,63.9,1.7,3.7,0
43.9,6.95,17.75,3,1,0,0.7,3,26.1,50.2,0.4,3.9,2
32.12,5.57,19.01,5,1,1,4.5,3,22.5,63.8,5.5,4.8,1
34.65,2.5,27.72,4,1,1,1.2,2,24.4,59.6,4.7,5.0,0
34.84,-1.22,30.51,2,1,1,0.2,1,24.1,68.8,8.1,3.3,1
32.08,2.45,30.49,2,1,1,5.2,1,24.4,63.1,34.9,5.0,2
39.01,-1.23,26.12,4,1,1,11.1,1,24.0,59.1,19.8,5.0,0
39.16,7.69,20.32,3,1,1,1.2,1,22.8,33.7,3.0,3.9,0
32.06,-2.64,33.03,4,1,1,0.6,3,27.3,57.8,1.4,3.3,1
39.61,4.78,28.67,5,1,1,0.7,1,17.5,51.2,13.5,4.2,0
39.37,2.9,25.44,4,1,1,2.5,3,23.3,43.1,13.0,4.7,0
38.84,-3.35,29.36,3,1,1,4.5,2,22.2,52.9,40.1,5.0,0
25.77,-0.19,19.38,3,1,1,9.3,2,19.7,46.9,11.1,4.1,1
32.55,5.38,23.03,2,1,0,1.1,3,18.8,59.5,1.5,4.4,2
39.56,2.61,27.27,5,1,1,0.4,3,19.3,53.8,1.1,4.9,0
35.15,0.97,31.35,3,1,1,3.2,3,19.3,59.2,0.7,4.4,0
35.26,2.5,27.97,4,1,1,1.2,1,21.3,70.2,4.1,3.5,0
32.7,0.4,28.87,2,1,1,5.3,1,21.5,59.8,13.9,4.9,1
37.92,2.18,25.14,3,1,1,6.9,2,31.3,61.5,6.0,3.7,0
38.6,0.41,22.71,4,1,1,3.3,1,26.2,39.5,13.6,4.5,0
35.93,0.89,32.14,3,0,1,10.7,3,24.1,43.5,6.3,4.3,0
46.22,-4.06,25.79,3,1,1,0.9,3,25.9,34.3,2.0,4.6,2
40.02,0.84,25.02,5,0,1,0.8,2,22.3,62.3,15.2,4.8,0
38.16,5.65,28.13,5,0,1,1.3,3,24.2,60.6,15.2,5.0,1
31.69,-2.9,21.88,5,1,1,4.2,2,21.2,32.6,5.6,5.0,0
42.67,-0.87,24.85,1,1,1,1.5,2,22.0,57.8,3.9,5.0,2
34.73,0.7,29.6,4,1,1,2.9,2,18.6,45.3,3.7,5.0,0
38.35,0.64,23.68,3,1,1,0.8,1,22.5,45.7,4.5,4.5,0
38.31,1.09,29.76,3,1,1,6.6,3,22.7,43.8,4.0,3.9,0
29.0,5.42,30.91,1,1,1,1.5,2,23.4,70.2,3.5,4.6,2
35.82,-7.65,28.91,2,1,1,0.1,1,15.4,66.1,15.4,5.0,2
31.67,-4.41,28.49,3,1,1,3.4,3,23.9,58.7,7.9,4.1,1
32.0,0.06,20.63,2,0,0,1.4,1,23.5,57.0,11.5,4.7,2
32.38,1.81,26.14,3,1,1,2.0,1,20.8,70.3,16.2,3.5,1
29.41,5.0,37.0,5,1,0,0.4,3,25.2,52.0,1.1,4.2,2
37.06,0.39,26.91,4,1,1,5.3,2,24.9,49.1,1.0,5.0,1
37.59,2.03,33.88,3,1,1,4.0,2,23.9,51.4,13.7,5.0,0
41.45,0.9,19.14,3,1,1,14.5,2,22.1,53.1,2.0,5.0,0
29.8,-1.55,25.09,4,1,1,0.8,1,22.3,71.4,10.6,4.3,1
38.98,2.58,22.01,3,0,1,1.2,3,23.3,65.0,13.7,3.1,0
31.74,-1.16,19.63,4,1,1,2.2,2,24.4,70.4,7.2,3.6,0
32.79,0.42,24.82,3,1,1,5.4,3,19.6,48.0,21.0,4.9,0
29.09,-1.98,28.09,2,1,0,0.5,1,29.0,63.7,0.6,4.9,2
38.8,0.25,16.14,3,1,0,5.0,1,24.9,44.0,3.0,5.0,1
38.91,-1.73,29.43,3,1,1,7.7,1,28.3,52.2,1.0,4.4,0
35.84,-0.32,25.79,4,1,1,0.4,1,21.6,52.1,3.9,5.0,0
32.07,4.64,35.76,5,1,0,2.9,1,25.3,68.6,9.4,3.8,2
27.17,-3.92,24.43,4,1,1,0.6,3,27.8,51.0,7.8,3.6,1
28.59,-2.69,27.81,4,1,1,1.0,2,22.7,48.0,8.2,5.0,1
35.88,0.15,21.23,3,1,1,5.1,2,19.6,62.0,3.5,4.2,0
38.89,-10.89,26.62,5,1,1,0.5,1,19.9,46.4,4.3,4.9,1
32.23,-7.33,24.11,2,1,0,1.1,3,25.3,40.8,1.6,5.0,2
37.14,-3.42,25.39,3,1,1,0.8,1,26.2,60.0,6.3,5.0,0
37.1,2.3,21.7,2,1,1,1.5,2,26.5,61.4,4.6,4.9,1
45.0,-2.64,28.27,4,1,1,3.3,2,20.7,44.8,0.9,5.0,1
37.97,-0.25,18.64,5,1,1,4.6,1,23.2,54.8,20.7,4.5,0
42.82,2.26,25.66,5,1,1,5.0,3,25.9,30.6,9.5,4.8,1
35.76,1.61,15.43,3,1,0,1.7,2,20.1,66.9,6.0,3.5,1
41.99,-3.19,20.01,4,1,1,3.8,1,20.0,46.8,3.7,5.0,0
38.36,-1.01,26.74,3,1,1,0.3,2,26.2,52.0,63.2,5.0,0
35.32,-3.74,25.1,5,1,1,3.9,3,18.2,51.8,0.4,4.8,0
37.2,-5.41,28.43,5,1,1,0.3,1,22.2,50.6,23.9,5.0,0
39.36,-0.39,22.87,5,1,1,3.5,1,22.6,53.5,0.1,5.0,0
35.53,-0.98,21.2,5,1,1,2.5,2,24.7,56.4,5.3,5.0,0
41.17,0.28,24.53,1,1,0,9.2,1,23.0,46.5,4.5,4.5,2
38.71,7.95,23.64,4,1,1,1.8,3,26.7,52.4,10.3,4.7,0
40.15,0.13,22.33,4,1,1,1.6,1,23.3,63.7,3.4,4.7,0
36.75,0.54,29.16,4,1,1,2.8,2,23.4,52.5,7.9,5.0,0
41.6,1.14,24.81,2,1,1,3.2,2,23.2,57.0,11.9,5.0,1
34.89,-4.51,22.75,3,0,1,0.6,1,17.0,61.2,12.5,4.7,1
40.12,-0.26,25.71,2,1,1,10.5,2,18.4,34.4,7.8,5.0,1
39.38,-4.53,20.28,1,0,0,0.1,2,23.4,45.6,11.0,5.0,2
31.52,4.41,21.13,2,1,1,3.2,3,22.3,70.1,14.4,4.3,2
45.95,-8.82,19.75,4,1,1,0.9,1,26.2,68.8,7.7,3.0,2
44.72,0.89,21.61,3,1,1,5.4,2,25.8,60.4,2.1,5.0,1
41.21,0.25,24.36,3,1,1,7.9,3,20.9,37.3,4.5,4.2,0
36.04,-0.66,21.14,4,1,1,10.2,1,26.9,55.1,2.6,3.4,0
39.88,1.07,26.97,2,1,1,0.3,1,26.1,62.8,2.7,5.0,1
39.11,-6.66,26.59,2,1,1,0.9,1,26.2,74.4,3.2,2.7,2
35.92,0.06,21.2,4,1,1,1.2,1,17.3,55.6,3.8,4.1,0
41.2,-0.23,18.5,2,1,0,6.8,1,21.9,45.3,7.8,5.0,2
44.77,-2.31,30.59,5,0,1,10.5,2,22.2,50.2,4.7,4.5,1
39.43,1.46,32.92,3,0,1,3.8,3,24.2,59.6,0.6,5.0,0
41.34,-1.55,31.73,5,1,1,1.1,1,26.4,63.9,2.0,3.9,0
35.43,-7.53,20.19,2,1,1,0.6,3,23.0,73.3,4.1,3.5,2
36.96,-2.61,25.52,5,1,1,1.1,2,17.1,61.3,3.7,5.0,0
41.17,-1.8,28.36,3,1,1,0.1,2,28.5,51.9,7.0,3.4,0
38.42,3.61,23.06,3,1,1,0.1,1,25.1,42.0,3.8,4.3,0
38.1,-0.32,22.81,1,1,1,5.0,2,24.8,64.1,35.0,5.0,1
36.19,0.51,16.83,3,1,0,0.5,2,16.8,59.7,1.9,4.4,1
32.45,-1.8,25.97,3,0,1,6.6,1,19.1,42.9,6.4,5.0,1
42.09,-1.59,20.97,5,1,1,6.4,3,22.8,60.6,11.7,4.0,1
41.76,-2.66,25.91,3,1,1,0.9,3,17.4,66.3,19.3,3.1,1
37.73,1.18,31.41,4,1,1,0.8,1,17.3,59.6,22.4,5.0,0
41.79,-1.14,31.5,4,0,1,0.1,2,20.9,67.1,2.7,3.9,1
31.09,2.27,21.57,5,1,1,1.2,2,28.4,56.3,47.7,4.3,1
35.55,-1.83,23.06,4,1,1,5.8,1,18.0,69.3,2.6,3.1,0
37.36,1.88,24.29,5,1,1,4.8,2,30.8,38.9,26.3,5.0,0
31.09,-2.04,30.51,4,1,1,0.4,1,23.5,46.7,24.7,5.0,0
30.69,-3.4,31.06,4,1,1,1.9,1,21.5,65.7,0.5,3.1,0
40.24,4.38,23.57,4,1,1,2.4,3,20.8,61.3,5.1,4.4,1
37.13,-3.58,30.87,3,1,1,0.2,2,29.3,52.5,30.6,3.4,0
47.07,4.45,27.53,4,1,1,4.6,1,22.9,51.9,14.6,4.8,1
33.93,-3.05,24.41,3,1,1,1.6,2,26.1,53.7,6.8,4.1,0
43.03,-4.0,29.86,3,1,1,0.8,1,23.4,71.8,1.2,3.8,1
38.09,1.31,30.02,1,1,1,6.2,2,27.8,51.2,27.5,4.1,1
43.8,2.56,21.5,3,1,1,0.9,2,23.9,43.2,4.4,4.8,1
45.2,-0.02,23.07,4,0,1,10.3,2,25.0,72.1,4.8,4.2,2
34.57,-2.12,39.13,3,1,0,0.0,1,27.1,63.5,61.4,4.5,2
38.93,4.99,34.58,2,1,1,0.4,1,22.5,47.2,0.0,4.2,1
41.52,-0.17,25.03,3,1,1,1.8,2,23.1,49.5,4.9,5.0,0
44.53,-4.04,28.67,1,1,1,4.2,1,23.0,44.4,3.8,4.6,2
35.85,4.12,17.99,4,1,0,0.6,2,21.8,39.1,2.3,5.0,2
32.74,-0.88,30.74,4,0,1,1.6,2,24.9,56.7,4.5,5.0,1
40.18,-4.49,20.75,5,1,1,3.4,1,21.7,54.9,17.1,4.5,1
31.23,-0.99,28.26,5,1,1,5.9,1,16.0,47.0,4.1,4.6,0
33.08,0.79,20.7,4,1,1,7.8,2,19.9,60.3,26.5,5.0,1
38.15,-3.79,30.46,1,1,0,0.7,2,23.9,63.8,3.6,4.9,2
29.98,0.26,30.65,3,1,1,7.2,3,22.3,53.5,30.1,4.2,1
39.08,0.65,19.28,2,0,1,0.7,1,23.4,55.7,8.2,5.0,1
33.08,-0.7,23.61,4,1,1,0.3,3,22.8,48.9,5.3,4.7,1
34.27,-2.28,27.9,5,1,1,2.1,3,25.2,46.9,6.9,4.2,0
36.57,-0.69,26.89,3,1,1,2.5,1,29.4,52.5,3.3,4.7,0
45.41,0.23,24.28,1,1,0,4.6,2,19.5,63.3,12.9,4.4,2
31.38,-3.18,25.24,4,1,1,1.5,2,20.2,67.3,7.3,2.1,0
40.78,0.78,28.12,5,1,1,1.9,2,25.4,49.1,8.2,4.8,0
38.3,4.72,19.11,4,1,1,1.3,3,24.3,65.8,1.6,3.7,0
37.83,-0.52,29.71,5,1,1,0.2,3,23.2,53.3,10.4,4.2,0
39.81,0.5,17.79,4,1,0,0.1,3,23.3,56.6,2.2,4.6,2
33.49,-1.18,25.82,2,1,1,9.7,3,20.8,63.1,6.9,4.5,1
36.25,5.43,32.22,4,1,1,4.7,3,18.0,63.3,3.1,4.3,0
38.23,-1.36,27.09,3,1,1,1.0,2,18.8,53.2,16.9,4.6,0
38.78,-3.82,28.29,2,1,0,4.4,1,15.5,48.4,2.1,5.0,2
32.29,3.91,27.7,3,1,1,3.4,3,21.7,57.2,14.7,4.2,0
43.5,-0.2,30.22,3,1,1,6.4,2,21.2,50.0,26.8,4.5,1
41.88,6.96,18.43,4,1,1,0.4,3,23.8,49.0,6.1,4.1,1
37.13,-0.46,27.2,4,1,1,9.4,2,22.8,59.1,11.7,5.0,0
41.24,3.6,21.49,4,1,1,1.0,1,25.9,58.6,2.1,5.0,0
33.16,-4.73,19.17,4,0,1,1.3,1,27.4,66.9,11.7,4.1,1
36.7,-1.64,19.81,3,1,1,1.7,1,26.3,61.6,4.3,5.0,0
41.56,-7.75,21.32,2,1,1,3.0,3,21.7,43.1,14.1,4.1,2
41.09,1.21,26.34,2,0,1,0.0,2,21.5,62.6,1.9,4.8,2
41.01,0.66,29.13,2,1,0,8.1,1,17.8,62.6,4.3,4.8,2
31.28,-2.78,19.17,2,1,1,10.5,3,28.6,59.5,12.9,3.6,1
39.7,0.69,30.52,5,1,1,5.0,1,22.6,61.4,4.9,4.8,0
36.69,-4.15,29.3,4,1,1,3.6,2,14.7,52.4,0.0,5.0,0
38.21,-2.36,24.53,4,1,1,0.7,1,23.5,56.6,19.1,5.0,0
35.59,0.91,31.49,4,1,1,0.1,3,22.8,57.1,1.6,4.7,0
36.58,1.55,25.01,3,1,1,5.3,1,17.2,43.6,2.3,4.7,0
42.75,-0.13,32.08,4,1,1,2.5,2,26.1,50.5,19.7,4.3,1
39.83,1.94,34.45,2,0,1,5.0,1,23.0,54.0,10.6,4.3,1
34.9,-2.23,33.21,3,1,1,0.8,3,19.6,48.5,0.5,4.5,0
41.71,2.2,16.14,3,1,0,13.0,1,19.3,52.0,3.7,4.8,2
37.88,0.14,20.04,2,1,1,1.4,3,21.4,42.1,4.5,4.6,1
33.6,-5.23,29.53,2,1,1,0.3,3,24.2,59.1,12.3,4.5,2
38.84,3.65,25.67,3,0,1,1.1,1,25.0,58.5,16.8,5.0,1
31.3,-3.9,26.15,4,1,1,0.0,2,20.8,54.2,0.7,4.7,0
35.08,0.12,23.63,4,1,1,0.1,3,27.0,41.6,9.5,3.9,0
37.21,1.57,31.65,4,0,1,3.3,1,21.2,46.4,54.9,5.0,1
36.09,1.62,18.55,3,1,1,3.8,2,26.8,57.4,4.3,4.4,0
49.41,-0.28,24.48,5,1,1,9.4,1,19.2,43.2,1.2,4.8,1
34.06,3.13,18.59,5,1,1,0.1,2,19.7,58.1,50.1,4.9,0
35.78,2.53,23.61,3,1,1,2.2,1,23.1,50.1,18.0,4.9,0
40.27,-0.95,25.92,3,1,1,4.1,3,21.9,35.1,6.0,4.0,0
37.14,-2.57,23.49,5,1,1,0.1,2,25.5,52.7,5.0,4.8,0
23.72,-0.71,23.66,3,1,1,9.4,1,24.0,38.2,17.5,4.4,1
38.48,0.07,22.28,4,1,1,0.2,1,24.3,51.1,4.0,5.0,0
34.67,-3.42,37.21,4,1,0,1.6,2,24.8,47.6,14.3,4.8,1
34.69,-3.77,23.37,4,1,1,2.1,1,23.3,67.9,6.0,4.2,0
38.05,1.5,25.26,5,1,1,1.6,1,25.1,43.6,2.5,5.0,0
36.81,-2.33,26.75,2,1,1,1.6,3,19.3,57.3,6.6,4.9,1
35.59,-0.85,27.02,4,1,1,1.0,2,24.5,47.0,18.4,5.0,0
38.36,2.25,31.53,3,1,1,6.5,3,21.3,42.7,22.0,3.8,0
32.11,-2.29,26.45,2,0,1,3.2,2,24.2,49.1,5.3,4.6,2
39.03,5.46,31.39,3,1,1,4.4,3,24.6,66.6,7.9,3.9,0
36.07,2.29,19.75,5,1,1,5.4,3,25.1,48.6,7.7,5.0,0
37.68,-2.86,30.35,2,1,1,3.1,1,23.0,49.9,20.6,5.0,1
37.82,-1.1,30.48,2,1,1,0.6,2,21.7,48.9,1.4,4.5,1
39.26,-2.9,36.67,5,0,0,15.6,2,26.9,38.6,3.1,5.0,2
37.29,-2.57,30.72,2,1,1,1.1,1,18.3,61.6,26.7,5.0,1
38.91,-2.29,23.25,5,0,1,2.3,2,25.7,51.9,1.2,5.0,0
45.71,-7.3,21.31,4,1,1,0.3,2,21.1,69.9,7.3,3.4,2
37.24,-0.99,28.59,3,0,1,6.5,2,22.5,54.2,7.2,5.0,0
33.45,3.61,17.72,4,1,0,0.1,2,29.3,46.4,26.0,4.5,2
42.86,4.37,20.59,3,1,1,0.7,2,21.2,56.0,3.4,4.6,1
36.61,-4.21,18.37,3,1,1,2.1,1,29.3,55.2,4.1,4.6,0
34.08,-6.08,29.91,4,1,1,0.4,2,27.4,68.8,5.6,2.9,1
34.33,2.14,18.75,4,1,1,1.2,3,21.0,49.2,44.9,5.0,0
39.05,1.87,30.63,4,1,1,4.2,2,22.7,66.4,3.3,3.8,0
41.42,3.63,20.03,3,1,1,0.1,1,22.3,36.9,13.4,4.3,0
35.84,0.08,26.77,3,1,1,8.0,2,19.0,53.5,0.8,5.0,0
37.94,2.14,25.33,2,0,0,1.9,2,20.7,53.9,0.8,4.9,2
40.49,2.44,26.5,4,1,1,1.8,2,18.0,45.7,15.2,4.9,0
37.38,4.32,25.34,4,1,1,4.0,1,25.5,54.3,1.4,5.0,0
37.03,-2.71,27.9,3,1,1,2.5,3,24.4,40.7,1.3,4.6,0
30.07,-8.52,27.03,3,1,1,1.1,2,21.5,61.0,18.1,5.0,2
37.28,-6.12,23.78,4,1,1,4.4,2,20.5,45.8,9.2,4.1,0
31.13,-0.14,33.35,3,0,1,0.5,2,29.6,46.2,4.2,4.4,1
35.86,3.92,29.45,5,1,1,4.7,2,24.3,49.5,14.2,4.3,0
32.53,2.05,20.91,2,1,0,2.1,1,23.4,56.7,2.3,5.0,2
41.4,-0.11,20.45,4,1,1,5.7,1,24.8,52.1,21.3,5.0,0
36.3,8.63,25.96,4,1,1,1.4,1,25.2,65.9,5.4,3.7,0
35.29,0.74,23.66,4,1,1,1.9,2,27.6,65.9,1.6,4.1,0
31.78,0.85,24.38,3,1,1,4.9,1,28.8,46.8,11.5,4.5,0
33.71,-0.69,25.93,5,1,1,7.0,2,25.9,44.5,5.9,5.0,0
30.48,5.12,19.35,5,1,1,0.2,3,22.9,56.3,1.0,4.3,1
38.59,-1.71,24.63,4,1,1,0.8,2,19.8,54.7,6.3,4.6,0
36.4,1.91,20.23,3,0,1,6.0,1,21.4,35.1,2.5,4.6,0
41.0,2.18,24.53,4,1,1,2.1,2,24.0,38.4,27.1,4.6,1
32.78,2.91,21.6,4,0,1,0.1,2,22.4,68.8,6.7,3.5,1
38.87,-0.17,20.65,2,1,1,3.4,3,26.6,64.5,4.9,3.6,1
39.17,1.36,29.5,4,0,1,7.8,2,20.7,49.8,7.4,4.6,0
38.81,-1.45,26.41,3,0,1,3.8,3,18.8,57.9,8.3,4.7,0
36.81,-1.02,25.93,2,1,1,0.8,1,19.1,51.3,16.4,5.0,1
33.37,-2.44,19.14,5,1,1,0.9,2,28.2,32.4,7.4,5.0,0
36.21,2.29,21.96,2,1,1,4.6,3,28.0,45.0,4.0,3.7,1
37.21,0.57,19.78,3,1,1,1.4,2,23.6,46.2,0.8,4.8,0
35.37,5.31,24.45,4,1,1,1.5,2,23.5,50.9,2.0,4.5,0
30.9,5.64,26.09,3,1,1,1.5,2,21.9,54.7,10.4,5.0,1
40.17,-4.27,30.12,3,1,1,0.2,2,21.6,56.7,4.3,4.4,1
32.06,-3.1,16.17,3,1,0,2.3,2,23.9,54.2,5.2,4.8,2
32.49,5.85,14.9,3,1,0,0.7,1,24.8,43.6,24.4,5.0,2
41.5,-2.96,18.19,3,1,1,0.0,1,19.3,54.5,44.8,5.0,2
31.07,0.87,36.1,5,0,0,2.9,1,22.5,60.2,26.2,5.0,2
39.87,-1.34,24.43,3,0,1,0.2,1,23.0,70.0,6.7,5.0,1
38.97,0.92,23.36,1,1,1,5.3,3,25.2,43.0,2.9,4.9,1
38.14,-1.23,24.32,3,1,1,1.0,3,25.4,74.6,9.8,3.7,0
36.83,0.19,19.22,4,1,1,4.0,2,19.7,51.5,11.8,5.0,0
35.76,-4.36,30.89,3,1,1,2.0,2,19.6,56.1,9.5,5.0,0
35.34,1.76,32.79,3,1,1,2.9,1,25.0,54.2,7.2,5.0,0
28.86,-2.17,15.06,4,1,0,1.9,1,20.4,55.0,2.2,5.0,2
39.05,7.69,17.86,4,1,0,0.6,2,20.3,57.6,13.5,5.0,2
34.37,0.43,26.65,5,0,1,2.1,1,28.0,41.9,9.5,4.5,0
38.39,1.24,24.93,2,1,1,0.2,2,28.9,67.2,5.2,4.0,1
37.21,0.51,29.72,4,1,1,1.4,1,24.3,41.4,3.5,5.0,0
38.24,2.17,24.22,3,0,1,1.9,2,21.3,65.0,7.7,4.1,0
37.96,4.6,28.35,2,0,0,2.2,3,23.8,64.3,7.7,3.8,2
36.18,-0.23,30.78,3,1,1,4.1,1,27.1,54.6,3.7,5.0,0
41.45,-0.66,17.47,4,1,0,7.5,1,23.4,46.1,7.2,4.6,2
36.36,-1.43,23.92,2,1,1,6.2,2,23.8,66.1,13.9,3.4,1
37.98,-5.67,22.69,2,1,0,0.4,2,19.1,70.3,10.8,4.7,2
33.89,2.58,31.48,3,1,1,1.3,1,24.2,61.8,11.4,5.0,0
43.54,1.76,23.06,4,1,1,0.9,2,25.3,66.7,16.4,3.3,1
40.95,-1.92,24.14,3,1,1,6.3,3,20.2,46.2,0.3,5.0,0
39.03,2.68,23.48,3,1,1,1.9,3,24.7,59.9,2.2,4.9,0
39.41,1.92,22.41,3,1,1,0.7,1,26.4,70.7,5.9,2.9,0
34.24,2.68,33.51,4,1,1,8.2,1,19.7,61.8,0.0,4.8,0
32.37,0.37,19.34,3,1,1,12.8,2,24.0,69.6,3.1,3.6,1
44.03,5.81,25.0,4,1,1,0.4,1,22.1,54.3,27.9,5.0,2
39.86,-0.25,27.16,4,0,1,0.8,1,27.0,44.7,26.8,4.5,1
38.76,-0.77,29.57,4,1,1,2.3,1,20.5,42.6,4.4,4.8,0
46.74,-1.52,19.69,4,0,1,2.5,2,21.5,64.9,1.6,5.0,1
31.26,-1.53,32.73,5,1,1,0.3,1,26.3,64.9,11.9,4.5,0
41.97,1.25,31.2,3,1,1,6.8,1,25.4,59.8,4.3,5.0,0
38.41,-1.81,26.41,4,1,1,8.6,1,20.4,45.6,15.6,5.0,0
39.16,-0.87,25.91,3,1,1,2.4,2,24.2,58.9,2.8,5.0,0
41.62,1.71,28.79,4,1,1,0.6,1,17.8,62.1,13.0,5.0,0
40.03,-0.87,32.05,5,1,1,1.0,1,19.2,59.9,8.8,5.0,0
35.31,-0.49,29.03,5,1,1,6.0,2,19.7,52.6,14.0,3.9,0
36.21,-3.71,37.61,3,1,0,2.8,2,27.1,49.1,1.5,4.0,1
36.37,2.53,25.03,1,1,0,1.7,3,24.4,53.8,1.8,4.8,2
44.01,-3.11,26.0,3,1,1,1.3,1,23.8,45.7,6.8,4.3,1
36.65,-0.38,23.09,4,1,1,1.3,2,30.7,44.8,7.6,4.4,0
36.91,0.2,18.23,3,1,1,2.9,3,25.0,50.2,4.2,4.4,0
36.79,-1.75,22.92,3,1,1,0.3,2,23.3,36.9,3.4,5.0,0
36.88,-0.17,23.0,5,0,1,2.0,1,21.2,72.5,13.6,3.8,1
35.67,-2.37,23.78,3,0,1,0.7,1,22.3,49.3,2.1,5.0,0
43.07,-1.29,17.9,4,1,0,0.9,1,24.6,54.1,25.2,4.8,2
35.12,-0.48,18.75,5,1,1,2.9,2,20.9,37.2,2.5,5.0,0
46.22,9.75,26.37,4,1,1,0.2,3,20.5,57.4,2.4,5.0,2
34.5,1.26,18.99,3,1,1,5.8,2,26.0,61.3,9.7,4.5,0
36.13,-2.22,31.52,4,0,1,2.5,1,26.7,46.5,32.2,4.3,1
38.38,0.57,17.23,1,1,0,5.2,2,20.2,59.9,0.4,4.6,2
32.72,2.14,22.04,5,1,1,3.9,1,26.3,66.0,4.7,2.0,0
45.16,1.13,17.08,3,1,0,8.2,1,26.0,64.0,4.3,4.5,2
40.44,-0.73,24.71,4,0,1,1.4,2,19.5,56.2,4.0,5.0,1
30.05,-2.0,32.11,2,1,1,0.5,1,28.8,47.0,18.9,5.0,1
39.15,7.14,14.49,3,1,0,0.2,3,16.1,46.8,33.0,3.8,2
37.52,-5.91,28.85,3,1,1,2.3,2,22.3,28.6,10.2,4.6,0
36.51,-3.95,24.88,2,1,1,0.6,2,24.6,63.1,37.2,4.8,1
29.97,1.43,22.98,3,1,1,2.6,1,22.4,77.7,9.4,4.4,1
36.64,1.51,22.8,4,1,1,13.2,3,23.4,60.8,6.0,3.6,0
30.04,-1.6,27.93,4,1,1,0.5,2,22.2,49.1,26.9,5.0,1
37.06,0.48,31.49,4,0,1,3.7,3,24.9,53.5,11.7,4.8,0
36.98,-3.81,20.52,4,1,1,1.7,3,24.1,58.7,4.5,4.8,0
33.09,2.44,33.41,4,1,1,3.8,2,22.0,45.4,7.8,4.7,0
43.38,-2.54,20.2,2,0,0,3.5,1,17.7,50.3,15.5,5.0,2
32.05,0.98,33.79,3,1,1,4.6,1,25.3,57.7,9.9,5.0,0
35.06,-1.38,17.98,4,1,0,2.3,3,25.7,41.8,10.4,4.1,1
32.94,-0.72,20.78,3,1,1,5.0,3,19.5,76.6,5.4,3.1,1
41.76,7.02,19.16,4,0,1,1.0,3,17.6,55.1,5.6,3.7,1
40.77,0.28,26.22,3,1,1,7.2,1,23.5,68.2,26.3,3.9,1
31.91,-3.29,29.14,3,1,1,2.3,2,25.5,44.7,0.8,5.0,0
38.48,0.05,29.91,3,1,1,0.2,1,21.7,51.5,0.2,5.0,0
32.01,3.14,32.4,3,0,1,1.7,2,24.5,54.4,7.5,4.4,1
37.66,-1.77,23.61,1,1,1,2.2,1,24.1,64.4,1.9,4.2,1
25.56,-3.07,25.53,4,0,1,10.9,2,24.7,65.3,22.6,4.1,2
40.77,-0.04,29.83,4,1,1,1.2,2,25.2,55.9,13.0,5.0,0
32.26,3.33,34.92,3,1,1,0.8,2,23.7,76.2,3.4,2.8,1
33.49,-2.64,30.17,3,1,1,3.2,1,26.5,48.3,11.8,4.5,0
38.06,0.29,23.86,1,1,1,7.1,1,23.7,46.8,11.2,5.0,2
29.91,5.24,26.09,4,1,1,1.2,3,26.0,49.1,0.9,4.6,2
36.03,-2.36,31.18,1,1,1,1.7,1,21.4,57.8,7.1,5.0,1
35.57,-4.55,15.55,2,0,0,1.1,3,20.6,65.8,9.5,3.0,2
30.03,4.3,24.2,4,0,1,0.7,2,26.0,56.3,6.6,4.6,1
39.14,1.14,20.34,4,1,1,2.4,1,29.1,40.5,1.8,5.0,0
31.64,3.82,24.77,4,1,1,2.9,2,21.7,57.4,48.1,5.0,1
33.41,-0.08,24.23,4,1,1,0.5,2,24.3,59.6,0.0,5.0,0
37.26,2.01,36.99,5,1,0,7.0,1,24.6,45.1,22.6,4.7,2
39.79,1.84,27.01,4,1,1,0.1,3,28.6,65.3,1.8,3.3,0
39.21,4.41,32.32,4,1,1,1.7,2,26.9,64.4,33.1,5.0,1
37.44,-5.71,15.74,2,1,0,1.3,1,25.5,56.1,16.9,5.0,2
36.85,2.31,27.34,3,1,1,2.6,1,27.9,52.5,1.0,5.0,0
41.21,-1.24,24.88,3,1,1,3.1,3,26.6,53.5,1.5,4.6,0
46.98,0.08,22.58,4,1,1,2.9,1,28.7,61.2,9.7,4.4,1
31.3,4.0,30.1,4,1,1,4.7,3,27.5,68.7,6.9,2.0,1
38.28,0.09,27.02,4,0,1,3.8,2,15.6,69.5,8.6,3.7,1
32.65,-2.27,23.07,3,0,1,0.5,1,25.0,72.0,2.3,2.1,2
41.89,-4.51,29.18,4,1,1,2.1,1,24.9,54.2,3.1,5.0,1
40.38,1.88,28.43,2,1,1,1.3,2,23.6,55.3,4.7,5.0,1
35.82,2.63,27.73,3,1,1,1.9,3,21.1,48.9,4.7,4.7,0
35.17,-0.74,24.14,4,1,1,10.8,2,28.3,35.2,14.0,4.1,0
40.07,7.11,22.42,5,1,1,1.4,3,23.8,59.7,5.1,4.5,1
35.12,-4.41,25.89,5,1,1,1.0,2,19.3,49.9,6.0,5.0,0
30.77,2.83,25.35,4,0,1,1.0,1,17.1,53.4,7.7,5.0,1
32.91,-1.24,31.38,4,1,1,2.4,2,23.2,44.0,7.6,5.0,0
34.19,6.52,26.52,3,1,1,0.3,1,23.4,58.1,0.7,4.8,0
39.16,-0.74,27.26,2,1,0,4.5,1,19.0,47.9,14.7,4.9,2
37.32,1.22,34.33,4,1,1,8.9,2,21.7,45.4,1.1,5.0,0
40.62,-0.63,25.37,2,1,0,2.1,2,21.2,57.7,27.5,5.0,2
35.6,-2.71,32.61,3,1,1,3.3,1,24.3,63.6,35.0,5.0,0
38.77,0.93,31.42,4,1,1,2.9,2,28.4,52.1,4.6,4.5,0
41.21,-0.34,22.7,5,1,1,0.3,1,23.2,48.6,0.7,5.0,0
34.21,1.53,24.6,5,1,1,2.9,2,26.0,48.6,4.2,4.7,0
40.93,-3.49,19.13,3,1,1,1.9,2,21.5,61.3,1.4,5.0,0
41.65,1.07,31.28,5,1,1,2.8,2,24.7,37.4,19.3,5.0,0
34.2,0.5,18.35,3,1,1,2.1,1,29.5,45.0,9.7,4.7,0
50.27,2.98,14.14,3,1,0,0.1,3,22.8,50.4,2.4,4.2,2
33.06,-2.04,27.55,2,1,0,0.7,1,22.0,59.3,31.6,5.0,2
38.23,-3.56,25.39,4,1,1,2.3,3,22.3,64.1,5.5,4.5,0
46.25,0.53,27.83,3,1,1,3.3,2,24.1,47.8,4.0,5.0,1
42.1,1.08,31.2,3,1,1,2.8,3,23.5,57.6,12.6,3.5,1
32.31,-1.11,20.4,2,1,0,4.3,1,24.7,44.9,26.6,5.0,2
25.72,-0.98,25.13,1,0,1,2.5,2,23.7,55.3,32.6,4.9,2
38.52,0.91,25.81,3,1,1,3.9,2,26.9,69.4,11.3,3.7,0
36.63,2.21,24.41,4,1,1,1.0,2,27.2,45.4,0.4,4.9,0
39.64,-5.65,13.71,4,0,0,1.8,2,22.7,48.4,3.3,4.8,2
37.6,-6.06,38.45,2,1,0,0.6,2,21.3,60.9,2.5,5.0,2
37.33,1.49,29.83,5,1,1,3.6,2,26.2,65.0,11.1,4.4,0
32.98,-0.92,21.78,4,1,1,2.1,2,26.3,44.2,8.0,4.8,0
37.05,0.04,22.42,3,1,1,10.7,1,18.1,49.4,3.7,5.0,0
34.69,8.54,22.85,5,1,1,1.1,1,18.9,49.6,12.6,4.7,1
32.33,-0.57,20.38,4,0,1,1.6,2,23.2,49.1,4.8,5.0,1
44.06,11.61,27.57,2,1,1,1.9,1,25.0,45.8,1.4,5.0,2
30.72,4.93,25.84,5,1,1,0.1,1,25.2,68.7,7.5,4.5,1
42.91,1.8,19.37,3,1,1,4.3,3,24.9,35.7,2.6,4.7,1
38.45,-4.89,32.19,1,1,1,1.7,3,24.0,63.2,4.9,4.7,1
38.77,-7.16,30.82,4,1,1,1.2,1,22.9,49.6,7.3,4.3,0
35.83,-1.6,31.42,3,1,1,1.4,2,21.6,41.8,12.7,5.0,0
42.37,-0.92,35.27,5,1,0,0.8,3,26.4,69.4,5.7,3.5,2
39.52,-4.07,41.5,4,1,0,2.7,2,29.2,63.5,5.1,4.6,2
38.17,-0.5,23.86,3,1,1,6.0,2,29.3,49.6,12.7,4.1,0
34.14,2.22,28.94,4,0,1,0.8,1,27.4,63.5,4.6,5.0,0
45.97,-0.42,16.13,3,1,0,0.6,3,16.2,59.6,12.6,5.0,2
29.0,-0.61,21.51,4,0,1,0.5,1,19.0,59.3,4.2,5.0,1
35.94,-2.64,25.62,2,1,1,0.5,1,21.2,49.4,12.8,5.0,1
35.0,0.23,19.25,3,0,1,2.1,1,22.9,59.7,37.6,4.3,1
38.62,4.8,33.74,4,0,1,2.1,1,18.9,65.4,1.5,2.9,1
33.3,1.47,20.48,4,1,1,0.2,1,26.4,51.1,14.1,4.5,0
40.07,-1.54,24.91,4,1,1,4.2,3,24.8,32.1,3.8,3.1,0
28.16,-5.35,12.54,4,0,0,0.2,2,25.6,55.3,4.5,5.0,2
38.65,-2.85,24.16,3,1,1,1.4,3,22.6,43.8,2.3,4.6,0
41.75,-2.02,14.58,5,1,0,2.9,1,23.0,68.1,0.9,3.8,2
38.44,3.2,25.6,4,1,1,3.0,3,23.3,58.6,8.7,3.9,0
38.01,3.12,17.81,3,1,0,0.9,1,28.1,52.0,12.0,4.3,1
40.95,2.64,28.41,3,1,1,0.6,2,25.8,43.7,6.8,5.0,0
36.71,0.63,26.15,2,1,1,0.8,2,19.9,43.4,11.3,4.3,1
33.39,-8.62,33.54,4,1,1,0.0,3,30.5,55.7,1.6,4.2,2
39.54,0.71,20.24,2,0,1,6.8,1,23.8,40.0,18.5,5.0,2
39.87,1.74,23.15,5,1,1,6.1,2,24.7,66.3,0.3,4.1,0
38.5,1.35,26.95,3,1,1,0.6,2,21.6,58.1,8.7,5.0,0
42.49,-1.93,30.72,3,0,1,2.0,1,24.1,66.9,2.9,3.3,1
34.42,-2.04,22.68,2,1,1,3.6,2,28.3,56.3,1.4,3.4,1
38.39,-5.46,20.17,1,1,1,0.5,1,21.9,64.8,1.6,4.5,1
37.87,0.13,23.67,5,1,1,0.2,2,23.9,62.6,7.8,5.0,0
40.41,1.34,23.42,3,1,1,1.4,3,24.2,38.4,4.3,4.2,0
37.41,0.58,26.45,5,1,1,2.1,3,27.0,50.2,1.7,5.0,0
36.33,1.87,18.73,2,1,1,0.5,1,24.3,53.9,5.7,5.0,1
38.65,1.18,26.65,3,0,1,0.9,1,21.8,56.9,19.1,3.9,1
35.57,-1.36,22.21,3,0,1,1.6,2,27.3,60.7,16.2,5.0,1
33.21,2.43,20.24,4,1,1,0.2,3,25.8,50.6,3.6,4.9,1
42.66,-5.75,28.64,4,1,1,0.0,2,24.6,54.6,30.3,5.0,2
36.2,1.37,18.27,4,1,1,0.3,3,24.7,60.1,4.1,3.7,0
42.05,0.62,22.45,3,1,1,3.9,3,21.2,53.6,1.8,4.4,1
38.41,-6.5,24.88,4,1,1,0.6,2,19.8,53.5,11.1,4.9,0
36.71,1.47,35.15,4,0,0,1.2,1,21.0,76.1,8.0,4.2,2
36.45,1.84,22.67,5,1,1,1.4,2,22.9,57.6,2.5,4.3,0
28.14,2.32,25.66,4,1,1,2.6,3,21.4,42.1,6.3,4.6,1
37.95,-6.28,29.88,5,1,1,0.5,1,24.1,61.8,8.6,5.0,0
43.81,-3.6,23.04,2,1,1,1.5,3,22.9,61.2,14.9,4.5,2
31.33,1.7,28.83,3,1,1,2.3,2,23.4,57.0,9.5,5.0,0
32.85,-1.99,24.15,3,1,1,7.2,1,24.1,64.4,5.6,4.5,0
34.04,3.44,22.37,3,1,1,1.2,1,23.5,50.7,7.5,5.0,2
39.5,4.58,26.63,3,1,1,1.9,2,25.6,36.1,3.7,5.0,0
29.99,7.21,21.23,3,1,1,0.9,3,23.2,47.1,27.8,5.0,2
29.18,-2.29,23.39,3,1,1,2.3,1,26.4,56.4,0.7,4.0,1
37.73,-5.6,24.1,2,1,1,0.6,1,27.2,53.5,6.0,5.0,1
43.87,0.85,29.69,4,1,1,2.9,2,26.3,48.0,12.6,2.9,1
39.2,-0.5,27.76,3,1,1,2.6,3,25.2,64.9,4.0,4.8,0
40.71,-1.19,24.4,4,1,1,9.4,3,26.0,55.7,9.8,5.0,0
44.46,-0.81,30.09,3,1,1,4.0,1,23.4,59.6,18.9,5.0,1
38.34,-0.46,26.9,5,1,1,5.2,2,20.5,41.2,0.9,4.0,0
43.03,2.05,28.69,4,1,1,0.7,3,23.8,39.2,0.6,5.0,1
44.86,-0.42,14.15,3,1,0,7.3,1,20.1,44.7,4.4,5.0,2
34.87,0.05,19.67,1,1,1,9.0,2,23.7,51.7,5.4,4.7,1
33.54,0.05,23.15,3,1,1,0.1,3,22.3,63.2,20.6,4.5,1
30.58,5.17,24.94,4,1,1,0.6,2,23.5,35.5,7.0,4.3,1
39.18,0.43,23.52,3,1,1,6.4,2,25.2,52.1,4.7,4.9,0
41.39,-3.67,24.22,2,1,1,3.2,2,25.8,65.6,11.1,3.1,1
39.72,4.23,18.16,3,1,1,1.7,2,24.0,52.7,4.7,5.0,0
40.17,-1.43,21.63,2,0,0,0.3,3,20.2,69.5,2.6,3.0,2
40.01,1.96,26.34,5,1,1,3.3,3,25.6,53.9,8.5,4.2,0
34.22,3.66,33.86,3,0,1,0.6,2,25.1,45.7,11.1,5.0,0
35.94,1.14,28.5,3,1,1,2.0,1,25.0,70.3,3.8,4.6,0
33.57,-2.06,16.29,1,1,0,0.5,1,26.4,47.9,8.2,4.8,2
35.29,5.01,22.8,4,0,1,5.3,1,20.6,38.5,0.8,4.6,1
42.79,0.61,26.23,2,1,1,3.2,2,20.9,61.9,11.1,5.0,2
35.56,-0.3,23.03,3,1,1,3.8,3,22.3,49.0,36.6,4.3,0
36.62,3.21,27.35,2,1,1,1.4,1,26.0,62.4,2.1,5.0,1
36.11,2.57,24.19,3,1,1,3.2,1,28.3,54.0,2.4,4.6,0
33.57,1.97,21.47,3,1,1,0.8,1,25.3,43.2,1.1,5.0,0
37.02,6.11,27.28,4,1,1,1.4,1,22.7,63.4,9.5,3.9,0
39.33,1.69,28.98,5,1,1,2.1,1,25.2,60.4,14.8,4.8,0
37.69,-2.35,21.05,3,1,1,0.5,1,22.2,53.4,4.1,5.0,0
42.34,2.35,26.6,4,1,1,3.0,2,26.6,55.4,4.8,4.5,1
34.03,0.62,19.98,4,1,1,9.4,1,22.7,65.5,0.1,3.1,0
37.16,0.85,30.91,3,0,1,0.2,3,18.4,60.7,12.3,4.0,1
37.73,-1.95,32.59,3,1,1,3.5,1,18.1,62.8,0.1,5.0,0
33.09,5.51,29.04,2,1,1,4.5,2,20.1,52.8,1.7,4.3,2
35.05,0.22,28.4,3,1,1,6.1,2,19.5,57.5,9.6,4.8,0
41.69,-1.19,18.32,4,0,1,2.5,3,21.0,36.2,23.6,3.6,1
39.66,-3.67,26.22,3,1,1,2.6,1,27.9,65.3,6.0,2.5,0
38.01,2.63,26.94,3,1,1,6.6,2,20.6,72.2,14.7,3.0,0
36.3,-2.02,22.8,4,1,1,2.4,1,26.4,48.0,0.7,3.9,0
36.62,0.28,25.42,4,1,1,7.0,1,18.9,52.6,4.0,4.3,0
32.03,0.05,29.36,5,1,1,6.7,2,25.2,39.4,11.3,5.0,0
41.5,-0.79,25.11,3,1,1,0.2,1,26.6,72.0,27.2,3.0,1
33.09,-0.41,28.65,4,1,1,6.4,1,26.7,46.5,12.9,4.5,0
35.4,7.56,30.85,2,1,1,0.4,3,19.8,60.9,11.0,3.9,2
35.14,-2.42,26.39,2,1,0,1.4,2,23.5,45.7,7.9,4.4,2
31.47,2.82,29.05,3,1,1,3.0,2,23.2,68.9,9.3,3.5,1
31.86,-1.41,21.9,5,1,1,2.8,2,14.5,52.9,37.1,4.9,1
36.0,1.32,27.23,4,1,1,4.1,2,17.6,58.7,19.0,5.0,0
27.47,-0.29,25.24,2,1,1,5.3,1,18.1,61.8,9.8,5.0,2
39.19,1.72,24.33,4,1,1,9.7,1,24.8,77.6,60.8,3.4,1
41.65,-0.59,30.08,2,1,1,0.7,2,24.9,58.2,1.5,4.7,1
39.91,-5.15,10.35,3,1,0,3.7,3,26.8,43.1,13.6,3.4,2
36.5,0.22,31.47,4,1,1,1.5,3,22.5,58.0,0.2,5.0,0
37.08,-1.82,28.34,4,1,1,5.6,3,23.5,37.6,24.8,4.4,0
41.78,-3.14,19.65,4,0,1,15.9,1,21.7,37.1,1.4,5.0,1
34.29,-2.77,22.96,3,1,1,1.0,3,18.4,60.5,4.1,5.0,0
42.43,1.13,30.51,3,1,1,4.1,3,20.5,60.0,6.4,4.9,1
39.04,0.8,34.89,4,0,1,3.2,2,18.8,72.3,22.1,3.6,1
42.13,0.19,28.68,5,1,1,1.7,1,21.3,59.4,2.9,5.0,1
33.54,-0.06,23.38,5,0,1,0.9,1,22.3,64.2,11.3,4.9,1
40.42,0.64,25.45,3,1,1,6.3,3,26.0,64.0,0.4,4.6,0
44.83,1.02,25.31,4,1,1,6.1,3,23.0,33.3,15.3,4.2,1
34.24,-7.18,21.25,3,1,1,1.0,3,24.8,53.7,0.2,4.2,1
44.0,-4.94,20.45,4,1,1,1.2,3,27.0,52.2,6.2,3.6,1
41.73,3.41,14.03,3,0,0,2.6,3,21.9,51.7,5.8,4.3,2
30.36,0.36,24.57,3,1,1,1.9,3,28.8,57.1,6.1,4.1,2
38.58,-3.19,26.14,1,0,1,4.2,1,26.9,65.0,23.0,3.8,2
36.55,-4.01,31.86,2,1,0,0.0,2,27.0,58.5,6.6,3.7,2
34.43,0.03,27.2,4,1,1,6.4,1,25.3,50.2,0.2,4.3,0
36.27,0.28,20.94,5,1,1,3.2,2,20.4,42.8,7.4,5.0,0
32.48,-3.19,24.72,2,1,0,1.6,3,19.8,60.9,20.0,4.8,2
35.65,2.69,19.47,2,1,1,2.4,1,19.4,69.4,3.3,3.7,1
35.16,9.68,26.8,2,1,0,0.8,3,23.6,55.1,7.3,4.5,2
36.7,1.65,21.79,4,1,1,4.2,1,22.9,62.0,9.4,4.7,0
33.48,2.33,25.38,4,1,1,3.7,1,21.4,57.7,7.0,4.7,1
33.16,-0.9,22.9,3,1,1,0.5,2,16.8,70.9,2.4,3.3,1
33.77,0.33,23.07,3,1,1,6.8,2,24.0,63.5,9.4,4.4,0
39.39,0.88,22.38,3,1,1,0.5,1,16.8,55.1,4.8,5.0,0
30.93,-5.2,26.14,4,1,1,1.9,1,19.1,62.0,5.9,5.0,1
32.94,-1.99,17.65,4,1,0,3.0,1,25.9,64.7,8.2,5.0,2
34.6,-1.06,25.22,4,1,1,6.6,1,25.4,45.9,2.2,4.5,0
39.67,-5.01,26.14,4,1,1,1.8,1,22.1,48.5,15.7,4.9,0
36.13,1.33,26.97,2,1,1,1.8,2,16.2,49.6,23.4,5.0,1
38.22,5.18,16.38,4,1,0,0.6,3,23.9,49.7,7.8,4.2,2
39.5,2.71,25.37,4,1,1,0.1,1,21.0,50.2,16.7,5.0,0
32.02,-1.46,22.55,3,1,1,6.8,3,22.7,47.4,5.3,5.0,0
42.81,1.4,30.49,4,1,1,3.8,3,21.9,61.4,0.3,3.7,1
37.66,5.28,32.15,2,1,0,3.9,2,25.5,64.6,3.7,4.9,2
35.99,-1.17,28.81,4,1,1,17.4,2,26.7,49.6,6.0,3.4,0
36.57,-2.14,33.43,4,1,1,1.6,3,26.7,42.1,20.7,3.9,0
38.97,0.54,38.5,3,1,0,9.1,3,22.8,62.9,58.6,5.0,2
29.49,2.06,30.99,4,1,1,0.5,1,24.1,43.8,36.1,4.2,1
39.17,-0.11,25.14,2,0,0,1.5,1,22.1,57.7,23.2,5.0,2
37.04,1.22,31.05,4,1,1,3.1,3,22.8,48.9,10.5,5.0,0
36.3,-0.87,27.41,3,1,1,5.2,1,23.9,64.2,4.2,5.0,0
34.09,4.18,31.07,4,1,1,0.1,2,20.2,59.2,3.4,5.0,0
36.24,0.04,27.04,3,1,1,7.0,2,14.2,56.8,1.4,5.0,0
39.7,2.87,25.0,4,1,1,1.3,2,28.4,47.7,1.6,5.0,0
40.28,-7.58,27.89,3,1,1,0.2,1,16.4,60.2,7.7,5.0,1
36.93,-4.29,14.73,4,0,0,1.8,3,20.3,52.5,5.9,4.2,2
35.25,-0.13,38.24,2,1,0,3.7,1,24.4,62.4,7.4,4.9,2
34.14,-3.61,31.06,3,1,1,2.9,1,17.0,52.3,14.8,4.7,0
41.2,1.32,17.12,3,1,0,1.0,1,18.2,42.2,0.8,4.4,2
35.49,3.46,25.23,3,1,1,0.4,3,19.0,46.4,2.8,3.4,0
44.25,-3.76,18.26,3,1,1,0.5,1,27.6,56.7,34.9,4.3,1
43.82,2.11,28.63,4,1,1,3.4,2,23.9,68.4,13.5,3.2,1
37.38,1.95,29.22,2,1,1,4.7,2,21.9,46.6,2.5,5.0,1
33.32,0.67,27.25,3,1,1,0.6,3,19.3,60.5,0.1,5.0,1
36.97,1.92,20.98,3,0,1,3.6,1,26.6,51.9,4.0,3.9,0
35.36,0.55,32.54,2,1,1,2.7,1,22.3,43.0,12.7,4.7,1
37.4,6.62,32.7,4,1,1,0.3,1,24.3,52.1,61.6,4.0,1
40.74,4.38,34.19,5,0,1,0.7,1,24.3,52.5,11.7,5.0,1
36.82,-0.41,17.26,4,1,0,4.1,3,25.3,56.4,3.3,5.0,1
33.5,-1.45,20.03,2,1,1,3.4,2,28.4,71.1,2.1,2.9,2
38.71,-0.7,26.33,2,1,1,2.3,2,23.3,50.5,6.6,4.6,1
37.87,-4.01,27.31,2,1,0,3.5,1,22.9,71.6,6.5,5.0,2
41.72,3.12,33.78,4,1,1,2.7,1,21.1,61.9,25.7,4.3,1
24.55,0.86,21.95,2,1,0,1.6,2,22.5,46.1,10.4,5.0,2
39.42,-3.69,30.61,5,1,1,3.5,2,18.4,47.4,0.8,3.8,0
33.86,-1.42,20.58,1,0,1,1.9,3,22.3,56.9,3.3,3.8,2
40.68,-4.24,28.58,3,0,1,0.4,2,26.5,26.2,5.0,4.3,1
41.43,4.03,28.21,3,1,1,1.4,3,16.3,61.2,12.3,4.4,1
37.43,-0.73,25.55,4,1,1,12.3,1,18.6,51.9,4.0,5.0,0
33.63,-0.56,25.9,3,1,1,4.3,2,28.5,65.6,1.0,2.4,0
37.97,-3.31,32.5,2,1,0,3.1,2,22.2,72.1,13.7,4.7,2
34.76,-2.49,16.96,4,1,0,0.2,1,23.1,56.0,0.3,5.0,1
37.85,-1.85,21.06,5,1,1,1.7,1,24.1,68.5,0.0,3.1,0
33.09,3.93,25.69,3,1,1,3.2,3,18.9,63.7,28.6,5.0,2
32.62,-0.43,32.32,5,1,1,6.6,2,24.1,46.3,2.8,4.2,0
29.98,0.58,29.93,5,0,1,4.8,1,25.7,46.7,7.9,5.0,1
42.95,3.49,16.93,2,1,0,0.3,1,21.7,47.7,29.3,5.0,2
33.92,1.36,30.63,2,1,0,2.8,2,23.7,46.4,9.9,5.0,2
32.79,-2.73,15.84,4,0,0,0.3,3,20.9,56.6,1.1,5.0,2
32.44,-0.78,18.88,4,1,1,6.2,2,18.9,56.4,30.5,4.7,1
40.63,-3.3,21.78,4,1,1,0.8,3,25.3,44.5,1.0,4.2,1
35.99,3.17,24.67,3,1,1,2.3,2,19.2,56.2,9.3,5.0,0
36.1,2.47,28.02,5,1,1,2.1,1,20.1,57.1,3.2,4.8,0
32.71,1.42,26.82,5,1,1,5.1,1,24.5,51.9,5.8,4.9,0
41.73,-0.44,24.14,4,1,1,1.2,1,25.7,56.0,14.2,5.0,0
40.75,-0.04,22.38,2,0,1,6.3,1,17.5,68.1,6.6,2.8,2
38.41,-2.58,19.35,5,1,1,0.8,2,19.1,55.8,2.8,5.0,0
32.38,-3.0,19.76,1,1,0,3.4,1,22.0,51.9,12.9,5.0,2
31.1,1.11,28.21,4,0,1,6.8,1,20.7,45.1,7.3,4.7,1
29.81,4.37,22.35,5,1,1,4.1,2,21.8,74.6,13.7,2.5,2
30.15,-1.52,17.37,2,1,0,3.1,2,28.4,54.7,1.8,5.0,2
43.72,-1.86,17.7,2,1,0,2.1,2,23.4,65.2,13.0,4.3,2
29.97,4.31,24.33,3,1,1,2.7,2,22.1,59.8,6.1,5.0,1
36.99,3.21,16.29,3,1,0,3.6,1,25.7,68.8,30.6,2.6,2
32.15,1.03,29.79,3,0,1,3.6,1,19.3,49.9,0.7,5.0,1
34.12,-1.39,22.54,3,1,1,4.5,2,24.4,66.1,25.9,5.0,0
31.58,3.0,17.97,3,1,0,0.6,2,24.9,56.5,15.3,5.0,2
35.62,-4.29,23.27,2,1,1,4.9,1,19.9,45.3,26.8,4.7,2
30.64,-0.07,25.66,4,1,1,0.6,2,21.3,66.8,7.6,4.1,0
35.87,-9.8,29.64,4,1,1,0.5,2,20.9,49.2,0.5,4.7,1
41.03,-1.87,32.19,5,1,1,1.4,1,22.1,58.3,17.0,5.0,0
31.18,-1.63,29.85,4,1,1,0.2,1,21.5,44.5,15.7,4.5,0
39.03,5.38,28.42,3,1,1,0.8,3,21.2,66.4,4.1,3.1,1
37.4,1.53,25.34,5,1,1,2.1,1,26.3,57.3,4.4,4.0,0
41.83,-0.89,21.53,3,1,1,2.7,1,25.6,57.7,10.2,4.9,0
38.86,-0.43,30.95,4,1,1,6.7,3,22.2,63.8,3.9,4.7,0
41.62,0.51,29.87,1,1,1,0.3,2,19.1,42.6,7.7,4.7,1
32.4,-3.28,28.52,2,1,1,1.0,2,26.0,31.0,22.9,5.0,1
34.38,-0.93,18.38,4,1,1,4.3,3,24.5,66.5,4.3,2.9,0
35.15,-6.89,15.14,2,1,0,0.2,2,26.5,45.9,3.2,3.7,2
36.49,1.37,19.65,5,1,1,5.3,1,19.4,53.6,4.7,5.0,0
42.46,-1.58,35.43,5,1,0,1.7,1,27.4,57.6,3.6,5.0,2
31.73,0.72,28.35,1,1,1,7.6,1,21.7,66.7,9.8,3.3,1
37.45,0.96,25.72,4,1,1,1.6,2,25.4,62.3,9.4,4.5,0
32.03,1.32,23.39,3,1,1,4.7,3,25.1,66.2,26.1,4.3,1
33.67,-2.91,17.26,4,1,0,5.6,1,25.5,45.8,11.1,4.5,2
34.5,1.08,25.38,4,1,1,0.5,2,23.7,44.8,7.8,5.0,0
41.39,-10.69,23.29,5,1,1,0.4,2,21.4,51.9,1.2,4.5,1
36.65,-1.57,18.66,3,1,1,4.9,3,24.4,67.5,3.8,3.3,0
43.26,0.8,25.36,3,1,1,9.7,2,22.0,47.6,6.7,5.0,1
40.68,5.37,21.4,4,1,1,0.6,3,21.3,66.4,5.3,4.1,1
29.55,-0.07,28.32,2,0,1,4.4,3,24.7,54.9,2.8,4.8,2
35.58,-3.42,28.67,2,0,1,3.3,1,26.9,69.0,15.5,3.8,2
33.79,11.01,32.06,3,1,1,0.1,2,21.6,69.3,9.4,3.7,2
32.16,-5.62,28.08,4,1,1,1.1,3,23.4,54.7,12.7,5.0,1
32.42,-2.71,18.96,5,1,1,1.8,2,18.5,66.3,6.7,3.5,0
35.56,-3.03,25.34,4,1,1,2.0,1,22.9,57.5,10.4,4.9,0
40.67,0.0,23.18,5,1,1,3.0,2,21.0,53.3,21.6,3.3,0
33.44,6.24,29.37,4,1,1,0.1,1,24.4,58.5,4.3,5.0,1
35.91,-2.67,24.07,4,0,1,1.3,1,22.3,64.2,10.4,5.0,0
39.7,-2.23,16.72,2,0,0,5.0,2,22.7,48.1,34.0,4.5,2
36.57,2.58,24.14,4,1,1,2.9,1,20.8,53.3,4.6,5.0,0
35.05,-0.4,38.64,3,1,0,1.0,2,18.9,35.0,17.7,5.0,2
38.6,-0.18,20.25,3,1,1,5.6,2,27.5,55.4,21.3,4.6,0
37.85,0.4,32.52,5,1,1,12.0,2,15.5,50.8,7.3,4.2,0
35.05,1.22,31.1,3,1,1,1.6,3,22.7,58.6,2.6,4.5,0
37.03,2.57,27.09,3,1,1,1.9,1,16.9,46.7,20.2,4.7,0
33.17,-2.3,25.71,3,1,1,1.5,2,25.8,42.5,8.6,5.0,0
38.16,4.57,33.17,3,0,1,1.4,1,22.4,45.6,1.6,5.0,1
33.42,0.33,21.32,4,1,1,5.5,3,16.6,60.2,11.7,4.4,0
34.29,1.69,27.67,3,0,1,6.2,2,26.9,69.4,9.2,2.3,1
36.05,0.5,30.81,2,1,0,2.0,1,21.2,40.5,20.2,4.6,2
37.8,-0.87,28.63,3,1,1,3.4,3,21.3,48.2,18.7,5.0,2
31.87,-2.97,19.15,4,1,1,3.5,2,19.4,67.1,23.5,3.9,0
38.68,-0.68,33.53,3,1,1,9.4,3,20.5,62.2,5.6,4.2,0
42.45,4.48,23.51,4,1,1,0.3,2,24.3,47.7,5.6,4.5,1
37.86,1.48,21.49,3,1,1,1.4,2,28.3,58.8,0.1,4.0,0
37.34,-0.24,28.25,1,1,0,5.1,1,23.2,58.1,9.6,5.0,2
32.93,2.12,26.14,3,1,1,1.8,2,27.9,53.8,1.1,4.7,0
33.85,-9.25,25.44,4,1,1,1.1,3,29.3,51.7,0.3,3.4,1
27.33,0.95,24.98,4,1,1,2.7,3,23.7,42.7,10.7,5.0,1
35.8,-2.2,29.18,5,1,1,0.3,3,22.3,69.9,1.7,3.5,0
35.94,2.1,23.53,3,0,1,1.4,3,24.7,51.3,14.7,4.4,0
37.75,3.2,19.12,4,1,1,3.3,1,22.5,32.6,14.8,4.3,0
37.9,-3.38,19.01,4,0,1,8.8,1,28.0,48.8,9.9,3.8,0
36.35,1.14,27.7,4,1,1,3.7,1,21.7,39.7,11.7,5.0,0
35.27,2.1,25.19,3,1,1,0.0,3,18.8,63.0,8.6,3.7,0
38.47,2.08,17.56,4,1,0,1.5,2,23.6,69.6,32.2,4.8,2
34.45,-7.43,31.85,4,1,1,1.9,2,18.0,41.5,9.5,4.5,0
36.78,-0.37,22.48,3,1,1,0.1,3,23.5,48.4,25.9,5.0,1
45.14,-1.04,24.28,5,1,1,3.3,1,18.8,77.3,11.6,4.2,1
34.24,0.53,18.78,4,1,1,0.4,3,23.2,52.5,16.2,4.1,0
31.23,-1.21,26.45,3,1,1,2.2,3,23.8,61.9,29.6,4.4,1
42.37,3.93,19.46,1,1,1,0.6,1,24.1,57.3,9.3,4.5,2
42.44,-0.63,27.08,4,1,1,11.0,2,23.6,56.9,8.3,4.2,1
34.57,1.02,17.64,5,1,0,2.9,2,22.3,56.1,1.3,5.0,1
37.34,-0.76,26.22,2,1,0,1.6,1,22.3,55.3,0.1,4.4,2
36.25,1.72,31.67,2,1,1,1.3,3,23.8,50.6,0.2,4.6,1
31.5,1.62,20.99,1,1,1,0.3,2,24.6,64.1,9.4,5.0,1
41.2,-0.99,19.64,2,1,1,5.7,2,22.6,57.5,16.1,4.8,1
39.54,-3.98,30.71,3,1,1,0.0,1,22.0,54.8,29.8,3.9,0
35.14,-1.88,16.89,2,1,0,0.5,1,23.7,59.1,1.3,5.0,2
43.31,-3.35,25.18,3,1,1,0.3,1,24.4,66.9,10.6,5.0,1
31.69,1.72,28.88,4,1,1,0.7,1,27.6,57.1,5.0,4.9,0
36.68,0.77,21.91,3,1,1,1.2,2,25.5,35.3,7.0,4.3,0
39.0,2.15,30.22,5,1,1,0.3,2,23.4,69.0,2.6,4.6,0
33.45,-1.51,27.49,5,1,1,1.1,2,23.1,53.0,2.6,5.0,0
37.06,5.3,18.14,4,1,1,3.2,2,23.4,38.2,10.2,5.0,0
31.6,0.63,21.58,2,1,1,3.4,2,20.6,35.8,4.2,5.0,1
28.96,-1.37,19.01,4,1,1,2.4,3,26.1,75.3,2.4,2.3,2
35.86,0.43,30.4,1,1,1,2.5,1,22.0,58.3,17.9,5.0,1
38.88,1.84,25.32,3,1,1,2.3,3,20.3,59.4,27.1,4.9,0
41.71,-2.21,32.22,3,0,1,4.0,2,23.6,43.9,15.1,5.0,1
38.15,-5.7,24.77,3,1,1,1.6,1,26.1,58.3,16.3,3.7,1
33.94,-0.11,15.42,5,1,0,3.6,1,22.9,51.8,21.3,5.0,2
38.38,-2.33,29.58,4,1,1,3.3,2,26.8,58.8,0.2,4.4,0
35.43,-0.24,25.29,4,1,1,0.2,1,24.5,51.2,2.2,4.1,0
39.26,0.37,26.61,4,1,1,8.3,2,20.8,44.1,25.9,5.0,0
35.87,2.45,27.7,4,1,1,0.4,2,22.0,49.5,17.7,4.9,0
42.24,-6.67,25.93,2,1,1,2.0,3,20.2,43.9,1.9,4.1,2
37.53,4.37,27.9,3,1,1,0.1,3,25.4,59.8,17.0,4.9,1
29.05,2.08,16.43,2,1,0,2.5,3,21.6,68.9,1.9,3.3,2
42.78,6.31,23.96,1,1,1,0.7,1,23.7,55.6,6.4,5.0,2
33.62,0.18,26.29,2,1,0,8.0,2,19.1,65.2,2.0,4.5,2
41.21,5.33,23.3,1,1,1,3.2,2,23.5,49.3,5.1,5.0,2
38.35,1.67,20.42,2,1,1,1.1,2,22.8,43.6,17.6,5.0,1
40.49,0.06,22.48,3,1,1,5.6,1,23.9,51.8,35.1,5.0,1
36.93,-6.42,25.16,2,1,1,0.7,2,23.2,62.0,0.9,4.6,1
34.38,1.93,19.65,3,1,1,1.3,2,25.0,71.3,8.1,4.5,0
36.73,-2.08,29.41,4,0,1,4.5,1,24.7,49.9,2.7,4.5,0
31.72,1.18,20.89,2,1,1,8.0,2,18.6,52.1,19.7,5.0,1
42.0,-1.56,23.29,5,1,1,4.2,3,17.3,65.9,0.5,2.8,1
25.01,-1.01,20.04,4,1,1,2.2,1,21.5,77.2,24.0,3.5,1
34.0,2.71,29.57,4,0,1,2.9,2,20.1,46.4,0.3,5.0,1
